city,case,weights,rho,tau,top20,shift
leeds,C5 with imputed costs (T1c vs T0-imp),objective,0.979,0.886,93.9,19.4
leeds,Reference: imputed vs base costs,objective,0.999,0.984,99.0,2.8
leeds,C5 with imputed costs (T1c vs T0-imp),equal,0.904,0.744,85.7,43.3
leeds,Reference: imputed vs base costs,equal,0.999,0.975,99.0,4.4
leeds,C5 with imputed costs (T1c vs T0-imp),e70,0.867,0.693,78.6,52.6
leeds,Reference: imputed vs base costs,e70,0.998,0.972,98.0,4.7
leeds,Alt. reference (households) vs base reference,objective,0.973,0.875,90.8,20.7
leeds,T1c vs alt. reference (households),objective,0.956,0.834,87.8,27.6
leeds,Alt. reference (households) vs base reference,equal,0.903,0.758,84.7,39.7
leeds,T1c vs alt. reference (households),equal,0.832,0.663,77.6,55.9
leeds,Alt. reference (households) vs base reference,e70,0.891,0.746,76.5,42.3
leeds,T1c vs alt. reference (households),e70,0.778,0.605,69.4,65.5
leeds,T1c with total = corrected gas + electricity,objective,0.976,0.878,91.8,20.7
leeds,T1c with total = corrected gas + electricity,equal,0.897,0.735,85.7,45.1
leeds,T1c with total = corrected gas + electricity,e70,0.863,0.688,79.6,52.8
leeds,T1c excl. C6,objective,0.97,0.867,92.9,22.4
leeds,Reference excl. C6 vs reference,objective,0.922,0.788,88.8,37.8
leeds,T1c excl. C6,equal,0.873,0.708,80.6,49.5
leeds,Reference excl. C6 vs reference,equal,0.946,0.815,84.7,32.7
leeds,T1c excl. C6,e70,0.855,0.683,79.6,54.1
leeds,Reference excl. C6 vs reference,e70,0.972,0.863,84.7,22.8
bradford,C5 with imputed costs (T1c vs T0-imp),objective,0.992,0.932,96.8,7.7
bradford,Reference: imputed vs base costs,objective,1.0,0.989,100.0,1.3
bradford,C5 with imputed costs (T1c vs T0-imp),equal,0.951,0.814,87.1,20.5
bradford,Reference: imputed vs base costs,equal,0.999,0.975,98.4,2.9
bradford,C5 with imputed costs (T1c vs T0-imp),e70,0.907,0.734,79.0,29.3
bradford,Reference: imputed vs base costs,e70,0.998,0.965,96.8,4.0
bradford,Alt. reference (households) vs base reference,objective,0.994,0.944,96.8,6.0
bradford,T1c vs alt. reference (households),objective,0.984,0.905,95.2,10.3
bradford,Alt. reference (households) vs base reference,equal,0.972,0.865,91.9,14.5
bradford,T1c vs alt. reference (households),equal,0.913,0.753,83.9,26.8
bradford,Alt. reference (households) vs base reference,e70,0.943,0.802,80.6,21.1
bradford,T1c vs alt. reference (households),e70,0.838,0.649,74.2,38.1
bradford,T1c with total = corrected gas + electricity,objective,0.992,0.931,93.5,7.7
bradford,T1c with total = corrected gas + electricity,equal,0.947,0.809,88.7,21.1
bradford,T1c with total = corrected gas + electricity,e70,0.899,0.732,82.3,29.1
bradford,T1c excl. C6,objective,0.987,0.915,95.2,9.4
bradford,Reference excl. C6 vs reference,objective,0.983,0.889,90.3,12.8
bradford,T1c excl. C6,equal,0.937,0.787,83.9,23.6
bradford,Reference excl. C6 vs reference,equal,0.982,0.888,91.9,13.1
bradford,T1c excl. C6,e70,0.913,0.746,83.9,28.5
bradford,Reference excl. C6 vs reference,e70,0.982,0.892,90.3,12.1
