lsoa21cd,C1_energy_intensity,C2_carbon_abatement,C3_fuel_poverty,C4_income_deprivation,C5_cost_effectiveness,C6_stock_homogeneity
E01011264,155.3518070911672,1.2299616590586855,9.71993410214168,0.181,0.3305092440390137,54.632587859424916
E01011265,141.3361497693165,0.9041888316970074,8.86339937434828,0.138,0.2888249754912043,18.685567010309278
E01011266,124.92484160681497,0.8780808405197339,5.416666666666667,0.03,0.3116096166660663,26.43419572553431
E01011267,151.94278061109708,0.9956126390431776,8.970976253298153,0.239,0.3087168808219814,22.912966252220247
E01011268,146.14686534090043,0.6099711142516029,9.653092006033184,0.314,0.2392838866075229,29.50191570881226
E01011269,147.48160611219092,0.834920596950519,8.640406607369759,0.206,0.27009287318378444,19.230769230769234
E01011270,117.56410671672838,1.4559786204760439,7.649513212795549,0.027,0.3951973983462353,23.123123123123122
E01011271,139.27587800133372,1.196227219805958,7.521186440677965,0.054,0.3364607973871822,17.487266553480477
E01011272,150.88072497163498,1.2913486809927424,6.51085141903172,0.047,0.35094164867976685,30.844155844155846
E01011273,157.39491263606016,1.0045875162228022,7.9155672823219,0.136,0.28772601357430994,27.74566473988439
E01011274,155.96956974197738,0.7579322211599707,12.838801711840228,0.353,0.27152390968666856,27.810650887573964
E01011275,153.84398704296098,1.0011360110149974,9.428129829984544,0.173,0.2956452343918318,24.129353233830848
E01011276,135.03683592272364,0.9506745361532963,7.897934386391252,0.076,0.2860863957172278,14.240506329113925
E01011277,160.1060530947269,1.2007476617978485,6.973293768545995,0.092,0.3299731079415878,37.92325056433409
E01011278,138.57204012007054,1.153516299941957,7.969151670951156,0.071,0.3076607923214814,22.15686274509804
E01011279,126.61669668850887,0.9787467966134109,8.823529411764707,0.095,0.2840190302410731,29.533678756476682
E01011280,145.2233750363257,1.2400560061407384,6.781609195402299,0.057,0.3420404277884751,29.075630252100844
E01011281,155.52755588166104,0.9632547546639297,10.520722635494154,0.335,0.305107009760558,42.72108843537415
E01011282,146.29199736315587,0.9349033916256422,13.671274961597543,0.398,0.2620343668612947,46.39830508474576
E01011283,156.00980288911973,0.9761271034406162,12.405446293494704,0.489,0.29865368008963833,47.02258726899384
E01011284,147.24132354805727,0.8774431019862514,24.714160070360595,0.387,0.23901309804513138,38.3025027203482
E01011286,163.08891915140626,1.126882460562551,9.283387622149837,0.176,0.31349287893705585,45.75342465753425
E01011287,158.15039817986036,0.9792591134569042,8.02919708029197,0.194,0.28763231197582695,21.286031042128602
E01011292,129.31622694856978,0.5045858856893781,14.499999999999998,0.498,0.20636710666375901,32.77634961439589
E01011293,144.41574871893206,0.7129888051698287,17.396184062850732,0.484,0.2344823688308141,31.57894736842105
E01011294,156.70629606421292,0.9337642901828684,13.446969696969695,0.447,0.2785743454047118,26.221079691516707
E01011295,157.2570757541509,0.8450033032099425,11.577608142493638,0.389,0.2595500868319566,39.565943238731215
E01011296,142.6208351234948,1.2357058079477108,7.616707616707617,0.067,0.34616812782975803,27.81456953642384
E01011297,130.55346803725533,1.2963399614089517,8.053691275167784,0.089,0.3587558138868962,25.040387722132472
E01011298,153.03294805786513,1.1528527975105494,11.292517006802722,0.318,0.3150890675415193,29.042904290429046
E01011299,132.43523078489903,1.0667765433514949,7.786885245901639,0.17,0.3000431627722332,23.647932131495228
E01011300,163.09697199985905,1.2273705415721212,9.647779479326186,0.265,0.3379132356453241,64.3646408839779
E01011301,161.88022167471692,1.2271742005990083,5.709342560553633,0.055,0.3382101879623152,44.62540716612378
E01011302,156.5897284140027,1.2392133989529037,6.280193236714976,0.066,0.3429673407706593,30.49792531120332
E01011303,157.8374185589253,1.2181482275194895,10.961538461538462,0.213,0.32422733925206193,27.77777777777778
E01011304,144.85759003890564,0.7864231071330091,10.405405405405403,0.297,0.25645048104756596,21.782178217821784
E01011305,160.27564216147607,1.1934474849214969,6.25,0.144,0.3269993680133259,52.25806451612903
E01011306,152.58744613945456,1.2745243574500242,7.908611599297012,0.077,0.343637456377234,46.540880503144656
E01011307,155.0563314623195,1.2133952733076216,10.980966325036604,0.22,0.31270221941405735,35.989010989010985
E01011308,147.2050695177861,1.128883645232075,9.798270893371756,0.172,0.3100394647010373,33.89021479713604
E01011309,126.57482462104285,1.2909209046569248,11.510791366906476,0.107,0.349669550893109,22.84263959390863
E01011310,133.36222230900177,1.1645233072168328,9.424083769633508,0.113,0.3452581870620025,12.445414847161572
E01011311,94.95035865079936,1.5890787825260508,7.269155206286837,0.043,0.41145370423063726,42.443729903536976
E01011312,142.98765447556937,0.8694271701587762,25.637755102040817,0.554,0.24866325460861408,31.78717598908595
E01011313,139.99057126736832,1.1738277359051983,17.690058479532166,0.432,0.2801639372955239,56.52173913043478
E01011314,146.815927079205,1.1148795796574489,17.062937062937063,0.387,0.2760737391641055,63.14779270633397
E01011315,142.52863289924187,1.086070380764096,13.18840579710145,0.436,0.28667253762514844,40.26974951830443
E01011316,137.27391829911687,0.8264791210012197,25.96685082872928,0.531,0.24191988249100582,33.43419062027231
E01011317,155.08111810217025,0.6416452408610561,10.412147505422992,0.491,0.2494112476541091,25.675675675675674
E01011318,139.8218377388973,0.8236840022502816,11.68639053254438,0.53,0.23970156501757625,39.48497854077253
E01011319,156.5057724268303,1.0824972491593736,12.480739599383666,0.398,0.3069241551527814,45.598194130925506
E01011320,149.8777960629798,1.1490926705760907,12.225274725274724,0.259,0.32286737706612534,65.49295774647888
E01011321,173.38592651678496,0.8616656963503272,13.03724928366762,0.463,0.2995659834044893,42.184154175588866
E01011322,159.86953961877498,1.0970019174969974,8.737864077669903,0.283,0.31203151518939,32.91139240506329
E01011323,151.46631170680402,0.9622055344680798,8.6687306501548,0.297,0.2835139174258002,25.292740046838407
E01011324,183.15412425634074,0.8364217463893356,18.68512110726644,0.409,0.28783261489186396,50.368550368550366
E01011325,153.17222529711282,0.9742828629421275,9.217171717171716,0.23,0.3055477921359152,40.884955752212385
E01011326,160.83116725232412,1.0491179626540013,14.177978883861236,0.429,0.2974053692426837,48.96694214876033
E01011327,160.2156877831021,0.7844732610403874,9.433962264150944,0.325,0.2784486661190379,27.370689655172413
E01011328,154.50078929600878,0.9130280876127312,9.054054054054054,0.283,0.2874361085544553,37.99212598425197
E01011329,154.23564211123875,1.0403892612618624,8.583106267029974,0.09,0.30876049366093766,56.310679611650485
E01011330,156.72165417736576,1.1177804019355007,10.55194805194805,0.233,0.31770563976613636,54.83870967741935
E01011331,143.41991497553394,0.9800729896938778,12.781954887218044,0.221,0.2714010663905828,27.413127413127413
E01011332,167.76196568783044,0.9005597598238684,13.0374479889043,0.518,0.29851318554130907,57.247706422018354
E01011333,166.09437077903118,1.0563403751701137,11.641791044776118,0.28,0.30731105432577466,47.76470588235294
E01011334,139.0070653012915,0.8437017617279308,15.331491712707182,0.299,0.25016516222887364,23.53951890034364
E01011335,154.23414380400087,0.9578723434030187,8.089097303634233,0.224,0.2789826917261365,24.046434494195687
E01011336,139.357998627767,0.6009657677195311,10.332950631458097,0.427,0.21414663983019602,34.62109955423477
E01011337,165.42821468309762,1.0409608432937862,16.835016835016837,0.566,0.31227721084686977,62.44239631336406
E01011338,127.4144368438481,0.3368076782411587,10.952380952380953,0.521,0.20004903241771033,41.476274165202106
E01011339,122.76623996946992,0.5461853710430192,10.34103410341034,0.385,0.22181673972847088,36.98435277382646
E01011340,165.02096578322792,1.0151705774669875,11.931818181818182,0.519,0.3032471610212179,58.36734693877551
E01011341,148.26142382297132,1.1559083804322636,10.543478260869566,0.263,0.3277237437364595,47.51879699248121
E01011342,172.30259357674353,1.0498373949979978,15.251798561151078,0.523,0.3021636789499722,47.791164658634536
E01011343,150.94566841724554,0.763617512950838,7.991803278688526,0.267,0.2893746443527785,33.02217036172696
E01011344,151.89548044100596,1.0551074159575282,26.48401826484018,0.724,0.2636881427635748,63.802083333333336
E01011345,148.63708025753115,0.8640282522196273,11.173974540311177,0.375,0.2721467773133867,30.314960629921263
E01011346,133.1962906210382,0.6005601970583133,13.268998793727382,0.45,0.23962227643857228,33.14366998577525
E01011347,153.7452818748954,1.099344770616619,25.90799031476997,0.692,0.26713703262143684,69.27297668038409
E01011348,143.59025407002136,0.7362236736160358,16.946778711484594,0.581,0.23931443367421526,26.644736842105267
E01011349,119.40066533278437,0.39289049895085926,11.65452653485952,0.489,0.18127342904652363,36.99186991869919
E01011350,142.0774141107685,0.8680130456060268,10.92436974789916,0.071,0.3082242109728486,31.25
E01011351,139.15763520068006,0.8838866149909885,12.367864693446087,0.096,0.2816450988671258,21.35785007072136
E01011352,140.89863523926417,0.7322457108648006,15.53784860557769,0.164,0.25970052251661563,29.612220916568745
E01011353,141.9637158368413,0.9841262725796409,9.019165727170236,0.061,0.317053609115705,37.23228995057661
E01011354,132.65877431552846,0.7690237661051008,12.17008797653959,0.504,0.24772369551482457,27.195945945945947
E01011355,154.27318717034078,1.0113606356941705,13.125,0.355,0.30284759289460994,49.44320712694877
E01011356,133.14197980776714,0.5988216126496358,13.29243353783231,0.167,0.25161588842945887,27.945205479452056
E01011357,146.2069956582771,0.8118407022530009,15.928270042194091,0.544,0.27175895278398216,20.385674931129476
E01011358,142.27640962077734,0.8631422376784441,13.75166889185581,0.41,0.2797555706123399,44.22700587084149
E01011359,128.8455984070787,0.7795017014465222,15.1270207852194,0.273,0.2762284584199051,22.475570032573287
E01011360,135.4629256569422,1.0868370042140056,18.447837150127228,0.614,0.292634428542101,27.04507512520868
E01011361,136.85597684257948,0.7692052029630109,14.285714285714285,0.574,0.28121601915640565,28.736740597878494
E01011362,130.51620494889784,0.502182576626524,12.52302025782689,0.446,0.20059748199008132,29.698857736240914
E01011363,122.40159060109343,0.5819401879125585,10.555555555555555,0.592,0.2056481809701274,24.20212765957447
E01011364,130.19039025487933,0.49482183421747317,11.05092091007584,0.512,0.20271616150793223,30.445246690734056
E01011366,152.35987734173594,0.9135301491887652,22.954822954822955,0.615,0.24448296749220122,47.211413748378725
E01011368,159.12083911418836,0.9839062890528882,26.149802890932985,0.617,0.2589783994790679,33.649932157394844
E01011369,150.99719532844327,0.7397129114111032,9.718670076726342,0.238,0.24461828784102985,24.304267161410017
E01011370,138.26089753705855,0.8598956640844588,19.637883008356543,0.46,0.25606113776891304,22.75042444821732
E01011371,148.0407064874041,0.5903836631703919,15.384615384615383,0.609,0.23483515039073766,28.448275862068968
E01011372,133.8983760661379,0.8782658558432412,24.306688417618272,0.62,0.24652808964583214,29.179810725552052
E01011373,133.32850018368333,0.6629870327205437,15.764331210191084,0.569,0.2327229286559214,23.0
E01011374,157.39669913040655,1.0171117343961964,24.840764331210192,0.443,0.2492601485500901,61.48148148148148
E01011375,129.20856133322465,0.7968165133749395,24.55418381344307,0.69,0.23385712846263038,31.36482939632546
E01011376,140.26919844420584,1.2809031326633484,6.171107994389901,0.057,0.35793834169540756,34.22131147540984
E01011377,144.12940747119305,1.2994239986109262,7.264296754250386,0.051,0.36247549426235404,25.848563968668408
E01011378,146.35517567310805,0.6084526232234286,10.945945945945947,0.507,0.2371656401036465,44.91682070240296
E01011379,164.8505230886363,0.8256910830478474,10.875,0.4,0.2925111770968125,30.89983022071307
E01011380,133.02202035466837,1.0705370725334427,5.099150141643059,0.07,0.34335844280065403,25.623582766439913
E01011381,130.72341008884473,1.37349827700141,5.076142131979696,0.093,0.3822898496465765,29.753914988814316
E01011382,158.34353492397946,1.2267423547776972,7.345360824742269,0.075,0.34188004628954766,42.58872651356994
E01011383,145.648655114913,0.9093753449234857,9.06801007556675,0.198,0.3203116121098436,33.33333333333333
E01011384,151.630444118724,0.9645139056679803,9.585121602288984,0.166,0.3268944717735667,33.6322869955157
E01011385,132.67526152844877,1.3217220043619975,5.357142857142857,0.097,0.3804293656866431,24.93150684931507
E01011386,132.0117402403189,0.9924673622751747,7.0242656449553005,0.061,0.35493661392177644,30.25830258302583
E01011388,162.20233521145897,0.9752571861579741,4.973821989528796,0.221,0.3133762159211775,21.641791044776117
E01011390,154.11964110663294,1.0940495219606434,10.078740157480317,0.233,0.31475193255102457,38.258575197889186
E01011391,158.96493827652873,1.1747432131730402,11.096433289299869,0.256,0.3314135437582603,42.15456674473068
E01011392,151.13861227064393,1.2316062363363887,7.77262180974478,0.163,0.348515142121966,28.239845261121854
E01011393,144.95443074483148,1.2196592249555187,7.142857142857142,0.104,0.3405650713173327,21.720116618075803
E01011394,144.85991154362551,1.149335194102465,8.333333333333332,0.118,0.3296823157776552,20.5607476635514
E01011395,153.75290728731605,1.2647420255520816,6.748466257668712,0.187,0.33773072139353943,40.604026845637584
E01011396,138.59703205100007,0.8814843679351824,10.503751339764202,0.176,0.2768065793299785,22.473604826546005
E01011397,159.47004184110438,1.252140302476212,9.034267912772584,0.103,0.34117555928231225,46.794871794871796
E01011398,161.3819739649229,1.2553693536786428,6.90978886756238,0.042,0.3495107357222701,58.77551020408164
E01011399,152.20972532129514,1.2660722323486684,8.895705521472392,0.106,0.33336685645440384,44.329896907216494
E01011400,153.74977085943854,1.191888305803279,9.717868338557992,0.164,0.3288372335595974,48.89589905362776
E01011401,148.73162118590272,1.2540337930567733,7.228915662650602,0.064,0.33901249454945825,31.898238747553815
E01011402,137.221461564744,1.243499316937051,8.531317494600433,0.117,0.3402817327226934,21.978021978021978
E01011403,151.59763393290353,0.8703018225794633,7.112375533428166,0.109,0.3068890953591381,18.793503480278424
E01011404,144.29664727496902,1.2454682546662077,7.478260869565218,0.04,0.34282550960776603,53.93258426966292
E01011405,152.9776725022546,1.0904418595295202,7.07070707070707,0.074,0.335275339138959,30.555555555555557
E01011406,145.63176497436237,1.197199859452108,8.53462157809984,0.075,0.33397511329711776,47.00598802395209
E01011407,153.67341404065075,0.989628020837017,8.513708513708513,0.181,0.29308618578154366,39.65936739659367
E01011408,160.3418355239309,1.0133576309874537,9.07960199004975,0.109,0.30775675308783956,40.43010752688172
E01011409,140.50364961715522,0.9154937462114225,10.775862068965516,0.14,0.28363958284432933,21.598272138228943
E01011410,152.49209680046573,1.164960694416011,4.166666666666666,0.074,0.33544155665169356,25.63600782778865
E01011411,145.04791327623246,1.1625940437059106,6.0130718954248366,0.083,0.3327471874571635,19.097744360902254
E01011412,154.8027589365155,1.1944195456153381,6.516587677725119,0.077,0.3445066717367881,41.732283464566926
E01011413,141.40522919912203,1.2635801317580304,8.598726114649681,0.082,0.3451663808519415,55.00000000000001
E01011414,139.20773207690766,1.1637797605735647,7.555555555555555,0.077,0.3233393501964919,22.752808988764045
E01011415,148.6419196448315,0.977527647255989,8.650065530799477,0.135,0.2961289405681305,21.41414141414141
E01011416,146.07579721824024,1.0959694905731692,9.722222222222223,0.111,0.32136079761824715,44.53125
E01011417,146.7509611693221,0.8394464132870963,8.34403080872914,0.148,0.2785587729539351,20.945945945945947
E01011418,161.557051113062,1.2279575762789416,3.8051750380517504,0.088,0.32348651920434107,23.463687150837988
E01011419,147.42538806928178,1.2819407283749293,2.676864244741874,0.031,0.36400682720857774,31.417624521072796
E01011420,143.7343780936118,1.2778400813350832,7.110438729198185,0.066,0.3521886182993939,50.27173913043478
E01011421,151.3711999100866,0.9065808943837678,14.330708661417324,0.42,0.2927376141020616,44.57013574660634
E01011422,134.56497867524791,0.7848688981010958,22.822299651567945,0.514,0.26828632554251514,22.00772200772201
E01011423,161.13494945971357,1.122144233669473,13.862928348909657,0.425,0.31781289841345456,58.07962529274005
E01011424,159.53204465791632,1.182512119254022,12.64559068219634,0.458,0.3274826177732203,65.4228855721393
E01011425,149.1007972167968,1.1771776925046882,9.717868338557992,0.207,0.3377641337701787,61.95652173913043
E01011426,133.77853066438368,1.0476634058410077,20.786516853932586,0.717,0.28830121604953857,28.185328185328185
E01011427,156.01091981723832,1.105157878335658,18.344155844155843,0.691,0.3117600303071974,40.32586558044807
E01011428,137.62205867724046,1.0109820935606446,23.16715542521994,0.637,0.2661470990727249,43.04
E01011429,136.4491121104888,0.7840029180817896,20.363164721141374,0.655,0.26201946305481577,24.07932011331445
E01011430,138.60100812109596,1.1265042749900538,23.39181286549708,0.735,0.2820979454855048,37.782805429864254
E01011431,153.0567031731332,0.7973028827117037,13.188073394495412,0.539,0.26563716180026087,22.50351617440225
E01011432,138.9259669836735,1.1726504725666673,25.870646766169152,0.751,0.27588113773892103,61.08108108108108
E01011433,147.33728431933224,1.0212784229577143,29.26490984743412,0.78,0.2641632281005618,53.878702397743304
E01011434,152.14256336279607,1.125304789215395,29.21511627906977,0.706,0.26675800740664146,74.20333839150227
E01011435,134.05772949413532,0.8740894589985648,26.40625,0.037,0.29154389009250037,20.135363790186126
E01011440,135.39161182099522,0.7345878703269156,21.59090909090909,0.095,0.2698530150549618,27.52902155887231
E01011441,135.20411034321313,0.756009491165758,21.91400832177532,0.112,0.2573399013332091,22.171253822629968
E01011442,133.29681826007553,0.760902167088096,23.860182370820667,0.051,0.2745733150903434,29.049295774647888
E01011443,124.61189729181615,0.4438797574038625,20.02635046113307,0.071,0.22750861011436935,37.2479240806643
E01011444,132.49512551970798,0.7053755846616495,23.969465648854964,0.1,0.2664860312841283,29.478138222849083
E01011445,135.62886104541641,1.1058311517479282,26.200000000000003,0.044,0.3023102788843381,25.877192982456144
E01011446,129.2395530486188,0.9025078945134358,27.422303473491773,0.079,0.2692981528213715,32.708333333333336
E01011447,140.544340983948,1.0568051510320358,26.914660831509845,0.083,0.2858238815775824,30.52109181141439
E01011448,135.4632188556191,0.8402957949184976,22.265625,0.214,0.27358924866172746,23.770491803278688
E01011449,162.61225708297945,1.123256586804082,24.88408037094281,0.206,0.2788342254099545,38.513513513513516
E01011450,159.3411957442952,1.1478487984547139,8.499095840867993,0.329,0.340172559563746,40.33816425120773
E01011451,131.72648798549955,0.4838468613136048,15.60798548094374,0.067,0.2533212154397344,46.27539503386004
E01011452,130.9316125613039,1.1619769379673073,7.792207792207792,0.03,0.3377511218577789,25.061425061425062
E01011453,131.887928733012,0.970461683012407,7.567567567567568,0.063,0.3082569078284981,18.599562363238512
E01011454,142.15251932708492,1.1153900888633543,11.68289290681502,0.059,0.29526114274409027,31.237322515212984
E01011455,131.95180246715,1.2938823708740592,6.36182902584493,0.017,0.3706652287373069,26.48221343873518
E01011456,126.08198190134435,1.0970040169827844,7.365439093484419,0.03,0.33173114742075877,16.152019002375297
E01011457,119.46693927022089,1.3509529820906794,7.834101382488479,0.055,0.37386526059055647,11.678832116788321
E01011458,137.50815253707634,1.2697175440607995,4.953271028037383,0.045,0.3578080907629553,20.67714631197098
E01011459,140.57234293331024,0.9304594403525319,10.754017305315204,0.087,0.2913394915840079,17.636986301369863
E01011460,148.09865121004734,0.9343753019756537,10.014513788098691,0.193,0.28912720332392355,25.308641975308642
E01011461,138.84048141599823,1.364010982602687,5.727554179566564,0.015,0.38309029342099066,22.796352583586625
E01011462,151.00506545013192,1.0906811441963227,10.80368906455863,0.236,0.3171680501330408,56.60377358490566
E01011463,165.2978600180197,0.8136926917434825,10.41405269761606,0.298,0.29486278219967765,34.132841328413285
E01011464,130.1924851263271,0.718287138158779,9.968186638388122,0.087,0.23754567297928317,29.88980716253444
E01011465,144.7487374252745,0.7371643947035508,10.376282782212089,0.199,0.258381918049473,22.788605697151425
E01011466,152.1903794074961,0.9267394682781653,11.326378539493296,0.397,0.2880408310762957,44.4206008583691
E01011467,119.86611164067135,0.4229583422886295,8.236658932714617,0.343,0.18728492995643076,40.72948328267477
E01011468,125.25513030465213,0.689236090322736,10.37344398340249,0.442,0.22259685832012194,28.04878048780488
E01011469,174.37069918498608,1.180307005259162,5.864661654135339,0.187,0.32197945955651713,55.74712643678161
E01011470,163.89592002172373,0.9980739373977142,10.742496050552925,0.295,0.27811355363665535,30.71593533487298
E01011471,153.1325693456085,0.9442967905573286,12.698412698412698,0.476,0.273117744034035,40.823970037453186
E01011472,166.13314924585111,0.9473405006237208,12.980132450331125,0.505,0.2955214044502886,40.036563071297984
E01011473,168.85536334193984,0.8142717336265604,12.01848998459168,0.604,0.27186940897715134,40.828402366863905
E01011474,174.06226384897553,0.8695796714877033,12.917271407837449,0.501,0.2860068390379255,31.262525050100198
E01011475,165.2035371495854,0.7984049780655976,12.32876712328767,0.522,0.28327114639515216,42.75229357798165
E01011476,157.24570887694992,1.1178100609780226,10.961538461538462,0.47,0.28850597992307364,31.16531165311653
E01011477,130.7793114726018,0.44386923533725686,12.957157784743991,0.318,0.21787095771600054,40.3448275862069
E01011478,139.07157123422277,0.8723597931149392,22.24852071005917,0.211,0.25779275666704266,32.45997088791849
E01011479,134.02613332447032,1.1906108711086645,26.90513219284604,0.092,0.286655898135806,47.173489278752434
E01011480,153.8282596130527,1.1512443747111532,11.730205278592376,0.138,0.3308883758469617,51.59914712153518
E01011481,133.77425276054805,0.7242653817209996,22.446236559139784,0.263,0.23073667576439572,22.733245729303547
E01011482,154.82749960957534,1.0436645094259704,21.99124726477024,0.157,0.2674526746307138,58.11732605729877
E01011483,147.67455862289043,0.8116144404461954,20.73669849931787,0.362,0.24663764269696156,25.86750788643533
E01011484,161.78217388600245,0.9147232042755503,13.571428571428571,0.509,0.2963442626333555,47.5
E01011485,151.6486175660352,0.6761004951180158,10.92964824120603,0.378,0.2733430296610816,36.3481228668942
E01011488,146.45874367706918,1.0267827112416943,19.047619047619047,0.292,0.28074141067140324,39.4184168012924
E01011489,135.68759110333252,0.6602410841254521,12.3059866962306,0.308,0.24527343809561566,24.431818181818183
E01011491,149.56867835539742,0.8611949519600833,12.752721617418352,0.549,0.24831976719601645,39.53488372093023
E01011492,146.3108433518885,0.8442095449360506,12.625538020086085,0.563,0.26542641409514733,37.20538720538721
E01011493,136.2882385602327,0.9296585501257948,12.375533428165006,0.478,0.24378116316705176,40.19607843137255
E01011494,158.50860965813757,1.0609730832889632,12.51908396946565,0.453,0.28764493172070926,31.901840490797547
E01011496,150.15577221652876,1.276293190136481,5.14018691588785,0.06,0.33374584093688586,29.355608591885442
E01011497,161.9198487982091,0.8544104432332007,13.783403656821378,0.562,0.2895199993469471,35.01006036217304
E01011500,154.13546943500478,1.1530187416968085,8.56353591160221,0.142,0.3310720162753672,28.17551963048499
E01011502,163.388004365824,1.0968841503379556,11.129032258064516,0.326,0.3241325767798318,64.56692913385827
E01011504,151.85763169051623,0.618093124231448,12.13653603034134,0.404,0.2531663569778556,34.18647166361974
E01011505,143.08604785052944,1.0204330006995095,9.064327485380115,0.172,0.32049604892907113,48.25174825174825
E01011506,139.66521333365318,1.1722245674654614,10.0,0.155,0.34190722819045,43.034055727554176
E01011507,148.7747522710675,1.242604159226378,10.227272727272728,0.1,0.3459741220544031,56.20437956204379
E01011508,136.83988566855228,1.3374235796515377,11.22244488977956,0.115,0.368557848982774,40.12738853503185
E01011509,141.72125804338327,0.8460528002268896,8.259587020648967,0.095,0.3065049642767188,25.607064017660043
E01011510,134.50199882535665,0.41308341944720134,10.183066361556063,0.483,0.2105997143532658,34.80861244019139
E01011511,133.10284646630018,0.8906966418159467,9.62566844919786,0.161,0.30919211589605605,24.75
E01011512,130.18923769950658,0.7244741177199877,10.947930574098798,0.14,0.30398029359582013,39.14529914529915
E01011513,139.89597744158976,0.904242765029267,6.176470588235294,0.083,0.30146510004338994,21.255349500713265
E01011514,124.40006627556313,0.9333405695080896,9.226190476190476,0.095,0.3058520339962441,30.021598272138228
E01011515,137.94218717662693,0.6913343957755037,10.458452722063036,0.093,0.29723647124989455,34.59119496855346
E01011516,140.7781358581936,1.2473966666449439,9.812409812409811,0.079,0.35665740013537206,45.26854219948849
E01011517,145.3360547893518,0.9857801264558312,10.646387832699618,0.186,0.30785877282101837,31.70289855072464
E01011518,154.37702475989778,1.104303164122611,8.357075023741691,0.17,0.31148397215994716,16.844919786096256
E01011519,159.39452698678096,1.1471994995714334,10.614525139664805,0.252,0.31868467654210736,43.60189573459716
E01011520,154.2881252440234,1.1734548064942876,7.092198581560284,0.103,0.32749767268514396,22.084367245657567
E01011521,145.39285307893346,1.2328730865484339,8.389585342333655,0.124,0.33616727846875727,22.91904218928164
E01011522,145.23955864622584,1.1826888519990164,6.730769230769231,0.058,0.33592114127498124,25.454545454545453
E01011523,148.36730128321938,1.116588544027591,9.836065573770492,0.22,0.3214615979369873,32.22996515679443
E01011524,155.17957733957007,1.203678083185349,8.808290155440414,0.097,0.3246446151706399,34.27762039660057
E01011525,160.83075895930654,1.0770064799947299,9.04109589041096,0.136,0.2853261201487977,28.920570264765782
E01011526,151.16326276935175,1.2441498199528747,3.294573643410853,0.05,0.35310642907259204,26.76056338028169
E01011527,143.79992362162432,1.0627411195250325,6.854345165238677,0.073,0.3186912638145328,23.809523809523807
E01011528,149.4529240647098,1.2266156140938171,5.076923076923077,0.091,0.35635201056445637,24.80211081794195
E01011529,158.11086276856366,1.091301704167306,10.32258064516129,0.284,0.31800024984581615,32.544378698224854
E01011530,149.17323215663563,0.9955684353399546,7.078313253012049,0.132,0.3101124493850119,19.594594594594593
E01011531,163.84419523988277,1.1994045874833899,6.724782067247821,0.079,0.3349073860210741,37.36951983298539
E01011532,172.65192549328822,0.8926560032037011,10.349462365591398,0.29,0.2971264453772079,40.45977011494253
E01011533,138.8538866783866,0.671189308614903,12.882653061224488,0.218,0.24295138880579437,28.70201096892139
E01011534,150.0650666696463,1.1663277428179837,8.184383819379114,0.112,0.32111216146903615,16.75977653631285
E01011535,138.829769365131,1.3788810844572947,6.786703601108034,0.058,0.3791666812779535,23.16258351893096
E01011536,148.99644241520062,1.2831417500723754,7.765667574931879,0.117,0.34316899877332513,34.306569343065696
E01011537,157.01899198148715,1.0610273426326826,9.930486593843098,0.155,0.31647018580586667,24.747474747474747
E01011538,148.5803186879306,1.074887011526117,11.141678129298487,0.354,0.3119843118760722,37.615894039735096
E01011540,167.11324619786495,1.0992102244106707,8.67178924259056,0.294,0.3205249134149877,40.990371389270976
E01011541,131.6468166692429,0.45067188340908027,10.49233252623083,0.231,0.1985378043811944,34.72636815920398
E01011545,165.69625956255587,0.9921001048709225,11.428571428571429,0.17,0.2783942346270528,21.794871794871796
E01011546,153.32256037266202,1.1215245853240572,9.645909645909647,0.245,0.3069272361895796,22.63814616755793
E01011547,149.88568980924737,0.8946438218312556,9.528688524590164,0.247,0.28467106639697126,19.79913916786227
E01011548,153.17179538547498,1.1494493732851274,8.902077151335313,0.141,0.32927598712395373,25.742574257425744
E01011549,143.50863069189597,1.3706820846789736,2.747252747252748,0.036,0.3942804746181456,56.19335347432024
E01011550,156.37960826166952,1.2770083236436116,6.655290102389079,0.107,0.34480919898668816,30.81761006289308
E01011551,146.27305354767188,1.2473749866166626,8.935611038107753,0.149,0.3247539010026437,30.0796812749004
E01011552,160.1802375418016,1.1194557953322977,12.322274881516588,0.373,0.33067123408373617,64.9867374005305
E01011553,159.2998785899769,1.2798158902360488,6.6770186335403725,0.104,0.34462479463723,23.618090452261306
E01011554,115.14628629451612,1.0336828779953864,8.133971291866029,0.038,0.3178062272665652,24.804177545691903
E01011555,148.94561010276897,1.176032285702083,6.867671691792294,0.082,0.34494786905872066,48.318042813455655
E01011556,138.49359658485255,0.5053706229899676,11.672683513838749,0.154,0.26128842153140025,58.95522388059702
E01011557,125.10589538064572,0.7932900933797348,6.511627906976744,0.058,0.2968380961272774,22.16867469879518
E01011558,154.4811040178934,0.792387888470582,11.538461538461538,0.413,0.30377218814381446,43.275862068965516
E01011559,154.73253801630443,0.8297345047157204,10.914927768860354,0.46,0.2959809540845942,55.11022044088176
E01011560,140.87060084806316,0.6632508600020848,10.96345514950166,0.437,0.25801315318910223,47.81420765027322
E01011561,99.70266439413786,1.1441523562811633,11.211573236889691,0.058,0.31377673295112646,15.064935064935064
E01011562,112.69207919001184,1.426180811914391,6.042296072507553,0.047,0.4048514551135297,24.62686567164179
E01011563,113.59972446554299,0.9891365352966,5.736434108527131,0.044,0.3620560516785043,30.89622641509434
E01011564,137.77194010561968,1.076711397201946,7.187499999999999,0.05,0.34698035703663077,25.348189415041784
E01011565,132.42446811873066,1.2817560538722579,8.253968253968253,0.075,0.37245016078183335,26.262626262626267
E01011566,144.51479789492691,1.0146463162373822,6.63265306122449,0.122,0.321451119160779,29.45945945945946
E01011567,146.15782695761467,1.1982710894796924,8.768971332209107,0.099,0.34729739328728537,47.12041884816754
E01011568,142.23631267728837,0.899012107858845,5.357142857142857,0.078,0.31145109531329795,22.512234910277325
E01011569,121.60968324890436,0.7021415516628864,10.53191489361702,0.094,0.24775616395759853,27.25988700564972
E01011570,126.1636357253161,1.1970010635606187,8.691308691308691,0.081,0.3266146321266907,15.19756838905775
E01011571,141.85378157874493,0.958617214291861,10.301507537688442,0.142,0.2850223514309299,25.098039215686274
E01011572,146.18046404468134,1.138062716598183,8.073817762399077,0.079,0.28984767855471544,36.34615384615385
E01011573,147.66836185621452,1.2564494829716606,9.026548672566372,0.101,0.3420667680415829,54.848484848484844
E01011574,144.70165670591297,0.8966383142873516,10.31636863823934,0.16,0.2764967555138257,16.634050880626223
E01011576,105.2868054675611,1.1806346149567284,7.766990291262135,0.067,0.3378256565347305,19.298245614035086
E01011578,150.60431251467438,0.9863363044417602,8.256880733944955,0.144,0.2912947367109935,20.100502512562816
E01011579,150.34037186635712,1.2363172209918716,9.174311926605505,0.127,0.3281484704213951,36.809815950920246
E01011580,143.3141197959896,1.1835169464476043,7.033639143730887,0.084,0.3404633165827597,11.282051282051283
E01011581,145.48974864518812,1.1133089360099113,7.329842931937172,0.139,0.3399065539583638,25.15212981744422
E01011582,159.5010835470167,0.8559347934052236,10.419313850063531,0.338,0.27549068924161074,29.965156794425084
E01011583,150.1582015751761,1.2217665620481009,8.836524300441827,0.089,0.34408139010699024,49.45054945054945
E01011584,141.66342368873848,1.0745816448425398,6.516290726817042,0.096,0.3175424872240283,21.401515151515152
E01011585,163.01073019896623,0.9788912199062938,9.95732574679943,0.258,0.29291656258572607,34.537246049661405
E01011586,146.95223635003663,1.0856562840604782,7.567567567567568,0.257,0.3132726717316137,39.130434782608695
E01011587,141.62853332705666,1.0228884622878567,10.191846522781775,0.115,0.28142913214449694,21.777003484320556
E01011588,137.63720035803598,1.1589558482544267,7.28744939271255,0.1,0.3270909974803727,32.04081632653061
E01011589,137.76336892580503,1.16349297670984,8.979591836734693,0.08,0.3044684506104835,25.461254612546124
E01011590,137.05232262674522,1.2686506585261215,7.514450867052023,0.048,0.33966664284882336,28.969359331476323
E01011591,147.01831301390536,0.9232285144558238,8.083140877598153,0.119,0.27632958174993916,25.039123630672925
E01011592,145.57689475643392,0.937043735176961,9.189842805320437,0.122,0.28871854407996606,19.689119170984455
E01011593,148.36853580513974,1.0234969929440252,6.440677966101695,0.049,0.3130977131865165,16.784452296819786
E01011594,156.0071118442739,1.0925264458698338,10.37593984962406,0.274,0.31833334996969237,56.26535626535627
E01011595,127.23590375150019,0.9484015938209561,6.272189349112427,0.132,0.31307308435892084,15.693430656934307
E01011596,162.2834706265234,0.9215275730305954,6.388206388206388,0.068,0.28645252254015385,17.406749555950267
E01011597,157.42373684313074,1.245268279028876,9.797297297297296,0.259,0.34284041875493826,69.5187165775401
E01011598,146.81119869471297,1.0866787592429694,10.201511335012595,0.111,0.2876811014773119,24.612403100775193
E01011599,147.7819643708335,1.1441973707686262,9.078590785907858,0.178,0.31774042537115993,35.43307086614173
E01011600,151.7470152186959,1.0688074434084007,7.192254495159059,0.108,0.3122922669369512,20.52401746724891
E01011601,141.30047020430794,1.0303939119073098,10.17191977077364,0.223,0.2973107093019029,25.15090543259557
E01011602,145.18976009093205,0.8089676202975538,8.150470219435736,0.194,0.27196987363481495,23.19884726224784
E01011603,148.36430449639903,1.1832438111754542,9.446693657219974,0.086,0.3184095818250302,19.419642857142858
E01011604,141.28447036783567,0.9613887009284932,7.561728395061729,0.136,0.2841149730984216,15.164835164835164
E01011605,143.84128055931347,1.258373802403114,7.569721115537849,0.077,0.34091858300589006,24.288840262582056
E01011606,154.62209577447737,1.2448076405802488,7.740324594257178,0.238,0.33863531985424566,45.911949685534594
E01011607,162.23791128589951,1.0954384283486598,7.93010752688172,0.201,0.3019051745480628,28.691983122362867
E01011608,139.1184530177247,0.9140511272964243,10.845295055821373,0.339,0.28476692099030104,43.03178484107579
E01011609,124.10054369305601,0.6214727356724702,9.104046242774563,0.342,0.2270435516664156,34.038054968287526
E01011610,143.41645739834533,0.9746167793584035,8.275862068965518,0.136,0.28615589875060604,20.977596741344197
E01011611,158.30079934282188,0.9935967665350889,11.87214611872146,0.477,0.3111176436245678,58.75576036866359
E01011612,145.87141326396312,0.6298413757864786,11.870967741935484,0.269,0.24491417849880534,26.713532513181022
E01011613,151.77145392701857,1.1115303439402904,10.164835164835164,0.293,0.3053110399652067,24.951267056530213
E01011614,132.21426179195282,0.8141054115184936,6.696428571428571,0.129,0.2724597617382921,23.56020942408377
E01011615,156.0948225675243,1.1239576834786893,13.157894736842104,0.291,0.28959589480138503,39.503386004514674
E01011616,163.5142209140624,0.9853403229033566,12.73972602739726,0.485,0.29915494836282264,25.318761384335154
E01011617,168.13803513800437,1.2005427242530722,14.881780250347706,0.447,0.3132818562321087,51.75438596491229
E01011618,148.15924416131455,1.128685965449872,20.45152722443559,0.432,0.2739528773991031,60.78098471986417
E01011620,165.40057113586525,1.1264385690893408,14.91395793499044,0.417,0.33156091833425244,63.74999999999999
E01011621,160.03335899380482,1.1022247909408973,14.677419354838708,0.556,0.3055899023206206,50.779510022271715
E01011622,169.46182632233754,0.9209754549324634,14.246947082767978,0.554,0.3021275154596124,38.07829181494662
E01011623,164.64712539787482,1.0013202986373182,21.25340599455041,0.621,0.26826971325690196,47.756410256410255
E01011624,164.15059378440176,0.8788215338070994,15.191545574636724,0.596,0.27846112328616396,53.09882747068677
E01011625,160.7132116292698,1.0979610472519254,24.967658473479947,0.576,0.2721790073688956,51.007751937984494
E01011626,113.32355342787757,0.47440767040027026,13.666121112929623,0.44,0.18591805278962,27.149681528662423
E01011627,149.0637235072651,1.053017617847026,10.64516129032258,0.316,0.31370386638770065,28.91891891891892
E01011628,156.2408264654913,1.2033257647259203,8.103727714748784,0.083,0.32302315261696934,46.95121951219512
E01011629,160.69808588288606,0.9843539718864599,9.603658536585366,0.204,0.31650079871004433,42.610837438423644
E01011630,147.71550477487787,1.0917814077930512,6.389776357827476,0.106,0.308764659535001,32.758620689655174
E01011632,164.68518892139124,0.976508121915926,11.746031746031743,0.473,0.3133648786519395,62.019230769230774
E01011633,148.20194201910513,1.0954280887382644,7.71513353115727,0.131,0.32591945660934496,23.737373737373737
E01011634,151.28486565771576,1.185242956750993,11.126760563380282,0.234,0.32679441268797105,19.90521327014218
E01011635,139.4811725478774,1.219189708841628,8.808933002481389,0.114,0.3513829057037096,24.52173913043478
E01011636,140.93016025633838,1.1670084302405923,9.255079006772007,0.102,0.33750118598157985,18.664383561643834
E01011637,144.32323477726598,1.1773901325671556,7.5,0.135,0.3261895103935498,20.428015564202333
E01011638,146.95114276601473,1.1175197127505618,8.181818181818182,0.108,0.3220136376220406,51.77514792899408
E01011639,158.3502158487092,1.1290781303152202,10.283159463487332,0.343,0.3120627960487774,35.903614457831324
E01011641,129.89657404749457,1.1439559977295466,8.191653786707882,0.043,0.3488187863184933,13.725490196078432
E01011642,137.39061133138648,1.1969972842125292,9.090909090909092,0.136,0.3491853283308213,32.926829268292686
E01011643,125.60096794712335,0.8021321285229214,7.035928143712575,0.09,0.3064835057388472,28.313253012048197
E01011644,133.16133288637187,0.7243855529450073,7.6923076923076925,0.228,0.29612346662643146,36.734693877551024
E01011645,133.40628480558092,0.8689885848799548,12.962962962962962,0.121,0.3075625754210051,19.32059447983015
E01011646,144.53267566202993,1.1080957828080136,9.064327485380115,0.179,0.327245015864578,36.23853211009174
E01011647,136.8438785317061,1.1139754115083607,16.283185840707965,0.354,0.3361270767638758,37.26027397260274
E01011648,142.7563893292692,1.2926581964915405,10.578512396694215,0.229,0.3540999515238154,60.91644204851752
E01011649,124.99785756498163,1.305854954258517,7.040229885057471,0.027,0.3596743265795484,22.78481012658228
E01011650,122.88934584502722,1.131345275097798,7.448494453248812,0.069,0.3492877826468642,16.49746192893401
E01011651,140.49073641883015,0.9350906597550066,9.9406528189911,0.2,0.3089132778625136,26.380368098159508
E01011652,126.6450147592319,1.0485696047086535,10.051107325383304,0.091,0.31475648692984876,32.1875
E01011653,126.12236644690981,0.664701613809776,12.29135053110774,0.072,0.26726046798495606,27.017543859649123
E01011654,130.492300090909,1.41579499392347,8.260105448154658,0.05,0.38717607505298185,26.969696969696972
E01011655,118.5417833710075,0.5951634944469815,7.068062827225131,0.059,0.2865586369106032,50.83056478405316
E01011656,160.94428088854056,1.1075322413304878,12.388059701492535,0.472,0.30602860405628685,54.621848739495796
E01011657,166.1932789201078,0.8833075917040417,13.858267716535432,0.581,0.2953481394787008,62.00873362445415
E01011658,137.0135618140362,0.716868322537025,10.70063694267516,0.549,0.25230805154787794,37.850467289719624
E01011659,156.2903378954267,0.8154243731375961,12.23021582733813,0.458,0.2864770683056613,53.78787878787878
E01011660,153.50090941057638,1.0161661289374864,10.419313850063531,0.383,0.3097547182412169,59.337349397590366
E01011661,131.59256647708213,0.5057623465172421,10.710382513661203,0.588,0.21958596042748493,34.390243902439025
E01011662,148.3069184574587,0.8221793088287518,12.363636363636363,0.744,0.2739750710317488,48.631239935587764
E01011663,162.43302446377874,1.1709266912907985,11.488673139158577,0.524,0.3260664833504975,49.42528735632184
E01011664,158.7215617707003,1.0337187123134395,10.596026490066226,0.406,0.3105285165751413,72.55985267034991
E01011665,164.46661521732946,0.8787055570521827,12.076583210603827,0.33,0.2938065113187763,40.53398058252427
E01011666,156.16749342693316,1.1958493228272753,10.317460317460316,0.12,0.3362582184010192,72.92993630573248
E01011667,153.27005078478226,0.8859387726167103,15.087719298245611,0.675,0.27637184440968926,58.46774193548387
E01011668,135.6022392943766,0.945201764082523,23.75,0.153,0.2877286451535365,24.521072796934863
E01011669,139.19305902675697,0.9365460658056629,25.0,0.203,0.26936379533122873,24.385245901639344
E01011670,127.32462750640558,0.5184802954773879,13.565426170468186,0.338,0.21316795919755224,28.448275862068968
E01011671,145.32544453248093,0.8715042295512808,12.408759124087592,0.498,0.25595040049897805,37.04974271012007
E01011673,152.8075205688764,0.9515174597401297,29.181929181929185,0.705,0.2530024762018641,40.875
E01011677,113.68672698262029,0.5579678707856504,19.82968369829684,0.684,0.1919002625200841,40.9271523178808
E01011678,115.46135593350314,0.2826476962987527,15.0384193194292,0.058,0.1772459959428455,41.952983725135624
E01011681,137.37170176966987,0.5251208173962656,15.712187958883996,0.395,0.23320709310259524,32.52279635258359
E01011684,142.37662411876752,1.1119984321693777,9.288824383164004,0.157,0.3387830732119176,51.02459016393443
E01011685,129.38481397852453,0.795416189054104,10.3023516237402,0.062,0.3107410439956282,36.049723756906076
E01011686,147.85951662995433,0.6033063602736743,10.071090047393366,0.443,0.23734099126041605,34.43271767810027
E01011687,131.67075044256455,1.113321941748569,8.292682926829269,0.093,0.3544978672679763,23.918575063613233
E01011688,158.1745180049829,1.211651396549888,8.409785932721713,0.197,0.3368435933662496,48.027842227378194
E01011689,149.784615654926,0.8939609584536626,10.63321385902031,0.139,0.28835190791306736,24.137931034482758
E01011690,124.75546765658406,0.6462084221900852,12.589413447782546,0.045,0.2649998974134389,29.98102466793169
E01011691,144.55365543886998,0.8027952272138943,10.94391244870041,0.303,0.26721858652627617,28.20069204152249
E01011692,131.8840276503668,0.7610208114833431,10.463576158940398,0.076,0.2912677823730293,29.289428076256502
E01011693,149.42477477332613,0.9593153058444174,18.82793017456359,0.109,0.2753255473766296,25.258493353028065
E01011694,129.1916820248994,0.9239639725184225,19.404915912031047,0.062,0.3151873500826519,34.34163701067616
E01011695,150.16681899486562,0.7805770757983074,11.082138200782268,0.454,0.28967989597096355,50.08025682182986
E01011696,123.04199314146015,1.4040647686701622,7.658959537572255,0.044,0.39597947881682755,17.543859649122805
E01011697,131.132605854257,1.3004527217676476,8.852005532503458,0.116,0.3562499516209541,18.718381112984822
E01011698,148.52378508018862,1.217774372055105,7.518796992481203,0.092,0.3452184477773102,40.98837209302326
E01011699,147.29559272069642,1.2777142349985835,4.605263157894736,0.046,0.34227770381854805,30.538922155688624
E01011700,128.33200516961998,0.740734226864031,5.2215189873417724,0.078,0.27684201444064954,21.00656455142232
E01011701,143.68483439220824,1.2399207589448689,5.305466237942122,0.072,0.36353414277862384,24.228028503562946
E01011702,113.71044811886688,1.4827897316483751,3.757225433526012,0.025,0.40912342848159067,29.577464788732392
E01011703,127.54619049264652,1.2332302662527777,4.0201005025125625,0.015,0.37126868507452543,38.095238095238095
E01011704,130.94284023156658,0.7685887594383722,7.475083056478406,0.168,0.2720930400180219,25.327951564076688
E01011705,161.70412696287787,1.1044776748561187,10.222222222222223,0.255,0.30116322520358585,25.225225225225223
E01011706,112.54392567149345,1.3428708269892806,4.9079754601227,0.035,0.37761841688880926,23.095238095238095
E01011707,148.1494839801315,1.2189762237303585,7.643312101910828,0.153,0.33608516678801836,26.775956284153008
E01011708,125.02458316626965,1.3233048342069156,8.787878787878787,0.076,0.3696295489765199,15.531335149863759
E01011709,131.46216089586142,1.1843404652066256,5.47945205479452,0.091,0.3573872822846289,19.706840390879478
E01011710,138.95338451294262,1.1842020155736364,6.0698027314112295,0.074,0.34392173615086696,15.695067264573993
E01011711,127.97586487090622,1.1680687462080983,8.213256484149856,0.082,0.33578584357646973,13.646055437100213
E01011712,119.75466336417838,1.2425893090964681,11.81959564541213,0.103,0.32497811501188956,21.1734693877551
E01011713,114.82385372328595,1.399893496399094,8.243243243243244,0.039,0.3877223829556787,20.823798627002287
E01011714,156.5308874926421,1.1946571031358943,4.551045510455105,0.134,0.3347930432359584,21.914893617021278
E01011715,132.75861112743536,1.2758607955473553,6.732348111658457,0.059,0.34584219352941575,33.90804597701149
E01011716,137.05491939514107,1.3416835139159213,8.472012102874432,0.129,0.3702940634677836,16.414141414141415
E01011717,146.60738745547832,0.943214366712463,7.246376811594203,0.25,0.2901174853056768,17.43486973947896
E01011718,151.78456773940252,1.11983123241751,7.921928817451206,0.285,0.29971895911798757,33.95348837209302
E01011719,143.0653011872324,1.2833370194167266,9.25373134328358,0.105,0.3474793862730779,30.789473684210527
E01011720,143.45376948711635,0.9112635682598347,11.596180081855389,0.397,0.2716795739450505,27.56183745583039
E01011721,125.12585347813207,0.9288842155665955,11.556240369799692,0.452,0.23421341738159265,58.24372759856631
E01011722,156.44515750710082,0.9562961434104994,9.157894736842104,0.337,0.2847425767734155,40.47244094488189
E01011723,141.02126672243364,0.9357550237569169,9.93288590604027,0.48,0.25729125418923704,33.28313253012048
E01011724,160.0360221713782,0.8514679351119335,10.98527746319366,0.391,0.2971173288231588,54.91228070175439
E01011725,144.3072905720963,0.674290321108698,12.552891396332862,0.586,0.2452528208283,34.305317324185246
E01011726,152.12358877932436,0.9226541839176629,12.82420749279539,0.426,0.2835032953054782,36.36363636363637
E01011727,163.9118395277336,1.1668772784728483,6.346967559943582,0.141,0.31879349095629367,26.57952069716776
E01011728,146.7689581488973,1.234611515599228,8.396946564885496,0.102,0.34191294078830237,29.73621103117506
E01011729,154.86645002756987,0.8651352141705714,17.044100119189512,0.447,0.2615943268746883,28.201438848920862
E01011730,141.45395646027544,0.9806558750018834,10.74964639321075,0.503,0.26986766991040056,28.733997155049785
E01011731,148.61811272898493,1.007973206904614,8.137715179968701,0.137,0.2958022481450379,34.4
E01011732,162.67443462042536,1.1123337852791118,7.398568019093078,0.162,0.31196641752426085,32.899628252788105
E01011733,159.86611015690966,0.8970647594057352,9.765625,0.152,0.28196196152993647,40.74844074844075
E01011734,139.33872885182896,0.9074201671422779,6.304868316041501,0.12,0.2905730246597393,35.984095427435385
E01011735,136.32350782339873,0.7561763746852681,12.048192771084338,0.493,0.24613680814022676,31.873905429071804
E01011736,147.23833168808915,1.0786651244676537,9.29203539823009,0.144,0.2918185638483218,35.910224438902745
E01011737,144.50215046031212,0.9043792570331456,15.260545905707197,0.416,0.2508701476581887,29.70639032815199
E01011738,153.61594664837176,1.1786171011438304,7.814761215629522,0.13,0.33678595771696807,22.797927461139896
E01011739,160.77067102994158,0.7933149848321898,12.58023106546855,0.458,0.28973353005252156,32.7683615819209
E01032487,158.80084241247252,1.0542145347491534,10.351966873706004,0.358,0.3098800287349363,37.15170278637771
E01032488,136.05675089060804,1.0341937202765075,5.653266331658291,0.081,0.32661734854094976,22.31075697211155
E01032489,157.498538589992,0.9285548167439229,11.414634146341465,0.172,0.2843350645731364,17.901234567901234
E01032490,168.81897634759054,1.2340444547136882,4.433497536945813,0.091,0.33302719204239517,42.74406332453825
E01032491,160.64536587761128,1.2441217325654392,4.414587332053743,0.07,0.34245392509887984,31.74061433447099
E01032492,145.36933624519824,0.7090273305915941,14.695340501792115,0.342,0.23609675600457164,22.11652794292509
E01032493,171.80506476905035,1.0107517989886865,7.280832095096583,0.098,0.3000298604811239,36.3431151241535
E01032494,148.58252336460168,1.0071233755558637,15.052356020942408,0.421,0.2946423852058465,31.611570247933884
E01032496,158.43395213974364,1.2008818897870603,6.4,0.137,0.332364878993711,19.368723098995698
E01032497,155.4160661297477,0.9973223448194857,11.676646706586826,0.435,0.2708629016726206,33.33333333333333
E01032498,146.78037470362054,1.1486116167400287,10.331125827814567,0.188,0.320343115374178,36.281179138321995
E01032499,146.99005656022882,1.0817369283573377,7.629427792915531,0.148,0.3330505474171655,36.96098562628337
E01032500,144.05854269320386,0.8358445670866962,22.67267267267267,0.474,0.25268979838108363,31.472081218274113
E01032501,150.63331118420584,1.168885784639423,8.333333333333332,0.066,0.3439406644775239,47.57575757575758
E01032502,162.60217092686705,0.9297067383671673,10.555555555555555,0.393,0.3015393308515609,47.79771615008156
E01032503,106.6997456947061,1.202060236471407,7.751937984496124,0.048,0.329851909436938,12.994350282485875
E01032504,133.26257368041527,1.3458329444618289,6.033376123234917,0.132,0.3754676708114105,22.451790633608816
E01032606,115.33998943149163,0.6096427955741027,8.24742268041237,0.257,0.2040788797046893,25.185185185185183
E01032607,138.9001865781184,0.5635722236328743,16.420118343195266,0.42,0.21227699894205898,31.70731707317073
E01032608,135.068604597032,0.8502668937176957,18.53211009174312,0.342,0.2656402418813861,25.517241379310345
E01032876,131.06810154401225,1.1722896203657671,8.21917808219178,0.045,0.37657570402857815,20.0836820083682
E01032946,132.8300448218018,0.6340274937494174,19.428571428571427,0.069,0.27990628014374824,33.41148886283705
E01033002,94.99371565061784,0.2313495088272348,9.021842355175687,0.329,0.14917669153728744,60.96959737058341
E01033003,85.53578944950407,0.14725989779866622,9.496753246753247,0.464,0.11045958603168746,48.21705426356589
E01033008,83.84605450033848,0.1442239008584531,11.605723370429253,0.109,0.11047327178512101,52.41448692152918
E01033010,88.3773070659933,0.15042122577162859,15.590742996345918,0.028,0.11260450459573974,54.26594926979247
E01033011,84.05587031747382,0.14335710486159975,8.55683269476373,0.087,0.1139709721653577,52.51322751322751
E01033013,99.77955876307618,0.24894614552402353,13.660477453580905,0.404,0.14274176715717643,44.60338101430429
E01033015,68.70830415849093,0.13310626002764084,7.230142566191446,0.024,0.10513839380531864,71.20622568093385
E01033016,69.07203006727312,0.13921672540489893,7.397260273972603,0.088,0.10392783868863198,52.16881594372802
E01033021,113.70266306823085,0.3257872402397448,9.964726631393296,0.331,0.16680200784752913,39.25049309664694
E01033031,98.27158496679716,0.1843884763724586,9.877913429522753,0.352,0.12344467698143351,51.16796440489433
E01033033,72.72142757386014,0.1355190504691526,8.93371757925072,0.103,0.10780674145894623,66.28849270664506
E01033034,72.57723624139771,0.13283996970138393,6.777893639207508,0.033,0.10343210413133709,57.97979797979798
E01033035,90.81165085860553,0.20075139742903889,11.346633416458852,0.595,0.12649536634518782,48.98236092265943
E01035040,129.5428463283382,1.1572611758581137,28.59649122807017,0.096,0.31824267059172245,22.672064777327936
E01035041,133.43684023319634,0.8123020532048799,22.19873150105708,0.061,0.296789177693937,25.34246575342466
E01035042,135.67870901626972,0.3067917285411937,16.297786720321934,0.153,0.18807426741247157,49.743589743589745
E01035043,138.3305981654885,0.5557497776047248,21.13289760348584,0.19,0.243737444136788,34.12844036697248
E01035044,131.5633920372019,0.3288610206321214,22.786647314949203,0.084,0.21204043992966146,48.987854251012145
E01035045,126.01483825125972,0.2980747841007478,19.113149847094803,0.11,0.16927830140192737,53.40393343419062
E01035046,78.54340858803663,0.12457937166895774,8.438287153652393,0.023,0.10040197390582778,50.977326035965596
E01035047,119.08922419696381,0.337547480096389,9.566517189835576,0.408,0.19165183203013242,52.2962962962963
E01035048,148.06623371912448,0.8867822024725107,5.637254901960785,0.174,0.28336356690921966,26.5139116202946
E01035049,129.53161361638325,0.6818719735352373,4.12087912087912,0.114,0.24770724580879297,28.76923076923077
E01035050,144.3300416293041,1.1162727457971793,8.607198748043817,0.244,0.30779621326574513,27.474747474747474
E01035051,157.80199687547506,1.2571048209277385,3.633491311216429,0.105,0.34822441891692907,42.05020920502092
E01035052,150.13676030377934,0.8817145371533799,10.161290322580644,0.28,0.28869803820096773,30.107526881720432
E01035053,145.43614000720802,1.0652277927532565,5.217391304347826,0.141,0.3080633786929419,14.694656488549619
E01035054,92.36608824854618,0.16984625409004256,7.681660899653979,0.036,0.1293170309133591,52.0717377860235
