lsoa21cd,objective|A_uniform20,objective|B_empirical_iid,objective|C_empirical_spatial,equal|A_uniform20,equal|B_empirical_iid,equal|C_empirical_spatial
E01011264,0.0,0.005,0.0,0.016,0.039,0.032
E01011265,0.0,0.0,0.0,0.0,0.002,0.0
E01011266,0.0,0.0,0.0,0.0,0.001,0.0
E01011267,0.0,0.0,0.0,0.0,0.004,0.0
E01011268,0.0,0.0,0.0,0.0,0.001,0.001
E01011269,0.0,0.0,0.0,0.0,0.001,0.0
E01011270,0.507,0.429,0.478,0.89,0.925,0.919
E01011271,0.0,0.001,0.0,0.0,0.006,0.007
E01011272,0.0,0.001,0.0,0.02,0.031,0.053
E01011273,0.0,0.0,0.0,0.0,0.01,0.003
E01011274,0.0,0.001,0.0,0.0,0.004,0.003
E01011275,0.0,0.001,0.0,0.001,0.005,0.01
E01011276,0.0,0.0,0.0,0.0,0.004,0.0
E01011277,0.0,0.004,0.0,0.017,0.029,0.043
E01011278,0.0,0.001,0.0,0.0,0.006,0.003
E01011279,0.0,0.002,0.0,0.0,0.006,0.003
E01011280,0.0,0.0,0.0,0.0,0.004,0.0
E01011281,0.0,0.0,0.0,0.0,0.004,0.0
E01011282,0.0,0.011,0.001,0.005,0.023,0.022
E01011283,0.874,0.946,0.886,0.153,0.106,0.136
E01011284,1.0,1.0,1.0,1.0,1.0,1.0
E01011286,0.0,0.001,0.0,0.005,0.017,0.023
E01011287,0.0,0.001,0.0,0.0,0.005,0.004
E01011292,0.09,0.131,0.094,0.0,0.003,0.006
E01011293,0.775,0.807,0.771,0.423,0.244,0.306
E01011294,0.023,0.019,0.039,0.03,0.045,0.047
E01011295,0.0,0.005,0.002,0.143,0.06,0.124
E01011296,0.0,0.003,0.0,0.0,0.011,0.004
E01011297,0.0,0.004,0.003,0.04,0.076,0.075
E01011298,0.0,0.006,0.0,0.002,0.018,0.016
E01011299,0.0,0.0,0.0,0.0,0.001,0.0
E01011300,0.058,0.035,0.067,0.373,0.291,0.317
E01011301,0.0,0.0,0.0,0.0,0.004,0.009
E01011302,0.0,0.003,0.0,0.014,0.03,0.043
E01011303,0.0,0.001,0.0,0.0,0.007,0.009
E01011304,0.0,0.0,0.0,0.0,0.005,0.0
E01011305,0.0,0.0,0.0,0.005,0.021,0.022
E01011306,0.0,0.007,0.003,0.164,0.117,0.169
E01011307,0.0,0.0,0.0,0.0,0.015,0.011
E01011308,0.0,0.001,0.0,0.0,0.014,0.01
E01011309,0.0,0.002,0.001,0.0,0.012,0.007
E01011310,0.0,0.0,0.0,0.0,0.006,0.003
E01011311,0.002,0.011,0.005,0.085,0.126,0.097
E01011312,1.0,1.0,1.0,1.0,1.0,1.0
E01011313,1.0,1.0,1.0,0.997,0.996,0.995
E01011314,1.0,1.0,1.0,0.992,0.986,0.974
E01011315,0.775,0.821,0.797,0.492,0.484,0.473
E01011316,1.0,1.0,1.0,1.0,1.0,1.0
E01011317,0.0,0.002,0.0,0.0,0.005,0.0
E01011318,0.57,0.827,0.712,0.0,0.002,0.0
E01011319,0.819,0.741,0.799,0.845,0.886,0.874
E01011320,0.737,0.639,0.696,0.924,0.951,0.914
E01011321,0.335,0.172,0.263,0.282,0.11,0.189
E01011322,0.0,0.006,0.001,0.065,0.045,0.09
E01011323,0.0,0.0,0.0,0.0,0.002,0.0
E01011324,0.997,0.992,0.991,0.832,0.908,0.89
E01011325,0.0,0.0,0.0,0.0,0.001,0.0
E01011326,0.611,0.605,0.591,0.301,0.201,0.235
E01011327,0.0,0.0,0.0,0.0,0.001,0.0
E01011328,0.0,0.0,0.0,0.0,0.005,0.001
E01011329,0.0,0.0,0.0,0.057,0.042,0.073
E01011330,0.0,0.005,0.001,0.235,0.128,0.177
E01011331,0.0,0.001,0.0,0.0,0.009,0.006
E01011332,1.0,1.0,1.0,0.497,0.469,0.452
E01011333,0.0,0.004,0.001,0.187,0.09,0.124
E01011334,0.0,0.001,0.0,0.029,0.022,0.027
E01011335,0.0,0.0,0.0,0.0,0.004,0.002
E01011336,0.0,0.002,0.0,0.0,0.004,0.0
E01011337,1.0,1.0,1.0,0.696,0.797,0.686
E01011338,0.0,0.065,0.01,0.0,0.0,0.0
E01011339,0.0,0.0,0.0,0.0,0.002,0.0
E01011340,0.97,0.985,0.967,0.166,0.106,0.119
E01011341,0.007,0.017,0.011,0.069,0.122,0.114
E01011342,1.0,1.0,1.0,0.996,0.991,0.986
E01011343,0.0,0.0,0.0,0.0,0.001,0.0
E01011344,1.0,1.0,1.0,1.0,1.0,1.0
E01011345,0.0,0.002,0.0,0.0,0.002,0.0
E01011346,0.0,0.0,0.0,0.0,0.005,0.0
E01011347,1.0,1.0,1.0,1.0,1.0,1.0
E01011348,1.0,1.0,1.0,0.658,0.702,0.67
E01011349,0.0,0.001,0.0,0.0,0.0,0.0
E01011350,0.0,0.001,0.0,0.036,0.026,0.052
E01011351,0.0,0.0,0.0,0.0,0.007,0.0
E01011352,0.0,0.0,0.0,0.0,0.006,0.0
E01011353,0.0,0.002,0.0,0.0,0.008,0.005
E01011354,0.051,0.121,0.112,0.0,0.004,0.0
E01011355,0.0,0.004,0.001,0.051,0.033,0.053
E01011356,0.0,0.0,0.0,0.0,0.005,0.0
E01011357,1.0,0.999,1.0,0.334,0.27,0.252
E01011358,0.0,0.003,0.0,0.0,0.003,0.003
E01011359,0.0,0.004,0.0,0.0,0.014,0.011
E01011360,1.0,1.0,1.0,1.0,1.0,1.0
E01011361,1.0,1.0,1.0,0.207,0.167,0.117
E01011362,0.0,0.0,0.0,0.0,0.0,0.0
E01011363,1.0,1.0,1.0,0.0,0.006,0.0
E01011364,0.0,0.0,0.0,0.0,0.0,0.0
E01011366,1.0,1.0,1.0,1.0,1.0,1.0
E01011368,1.0,1.0,1.0,1.0,1.0,1.0
E01011369,0.0,0.0,0.0,0.0,0.004,0.013
E01011370,1.0,1.0,1.0,0.711,0.791,0.71
E01011371,1.0,1.0,1.0,0.197,0.13,0.103
E01011372,1.0,1.0,1.0,1.0,1.0,1.0
E01011373,1.0,1.0,1.0,0.577,0.581,0.499
E01011374,1.0,1.0,1.0,1.0,1.0,1.0
E01011375,1.0,1.0,1.0,1.0,1.0,1.0
E01011376,0.061,0.053,0.061,0.56,0.573,0.547
E01011377,0.001,0.007,0.004,0.284,0.265,0.299
E01011378,0.0,0.003,0.0,0.0,0.002,0.0
E01011379,0.0,0.0,0.0,0.0,0.007,0.006
E01011380,0.0,0.001,0.0,0.0,0.004,0.001
E01011381,0.003,0.008,0.005,0.166,0.19,0.186
E01011382,0.0,0.003,0.0,0.039,0.061,0.082
E01011383,0.0,0.003,0.0,0.025,0.042,0.055
E01011384,0.0,0.0,0.0,0.011,0.021,0.02
E01011385,0.005,0.011,0.015,0.317,0.306,0.299
E01011386,0.071,0.016,0.036,0.877,0.922,0.9
E01011388,0.0,0.0,0.0,0.0,0.002,0.0
E01011390,0.0,0.0,0.0,0.0,0.004,0.002
E01011391,0.0,0.003,0.001,0.053,0.037,0.078
E01011392,0.0,0.001,0.0,0.0,0.003,0.0
E01011393,0.0,0.008,0.0,0.006,0.047,0.05
E01011394,0.0,0.003,0.0,0.0,0.01,0.013
E01011395,0.0,0.003,0.0,0.0,0.008,0.003
E01011396,0.0,0.0,0.0,0.0,0.003,0.0
E01011397,0.0,0.003,0.002,0.237,0.186,0.253
E01011398,0.0,0.004,0.001,0.136,0.089,0.146
E01011399,0.0,0.002,0.0,0.064,0.049,0.082
E01011400,0.0,0.005,0.0,0.038,0.038,0.057
E01011401,0.0,0.003,0.0,0.0,0.013,0.019
E01011402,0.0,0.001,0.0,0.0,0.004,0.0
E01011403,0.0,0.0,0.0,0.0,0.003,0.002
E01011404,0.0,0.002,0.0,0.068,0.065,0.071
E01011405,0.0,0.001,0.0,0.0,0.007,0.001
E01011406,0.0,0.001,0.001,0.11,0.11,0.125
E01011407,0.0,0.003,0.0,0.011,0.021,0.042
E01011408,0.0,0.0,0.0,0.005,0.016,0.024
E01011409,0.0,0.001,0.0,0.0,0.006,0.002
E01011410,0.0,0.0,0.0,0.0,0.001,0.0
E01011411,0.0,0.0,0.0,0.0,0.003,0.0
E01011412,0.0,0.001,0.0,0.0,0.012,0.004
E01011413,0.034,0.03,0.044,0.561,0.55,0.554
E01011414,0.0,0.003,0.0,0.003,0.025,0.033
E01011415,0.0,0.0,0.0,0.0,0.004,0.01
E01011416,0.0,0.004,0.0,0.106,0.081,0.118
E01011417,0.0,0.0,0.0,0.0,0.009,0.01
E01011418,0.0,0.0,0.0,0.0,0.002,0.0
E01011419,0.0,0.0,0.0,0.0,0.01,0.0
E01011420,0.0,0.004,0.0,0.009,0.027,0.054
E01011421,0.823,0.831,0.79,0.549,0.543,0.52
E01011422,1.0,1.0,1.0,1.0,0.998,1.0
E01011423,1.0,1.0,1.0,0.917,0.945,0.894
E01011424,1.0,1.0,1.0,1.0,0.999,0.998
E01011425,0.231,0.128,0.177,0.724,0.753,0.733
E01011426,1.0,1.0,1.0,1.0,1.0,1.0
E01011427,1.0,1.0,1.0,1.0,1.0,1.0
E01011428,1.0,1.0,1.0,1.0,1.0,1.0
E01011429,1.0,1.0,1.0,1.0,1.0,1.0
E01011430,1.0,1.0,1.0,1.0,1.0,1.0
E01011431,0.64,0.799,0.71,0.0,0.01,0.003
E01011432,1.0,1.0,1.0,1.0,1.0,1.0
E01011433,1.0,1.0,1.0,1.0,1.0,1.0
E01011434,1.0,1.0,1.0,1.0,1.0,1.0
E01011435,0.994,0.972,0.986,1.0,0.999,1.0
E01011440,0.0,0.002,0.0,0.466,0.31,0.394
E01011441,0.024,0.013,0.02,0.72,0.769,0.765
E01011442,0.261,0.086,0.168,0.958,0.97,0.945
E01011443,0.0,0.0,0.0,0.081,0.032,0.051
E01011444,0.378,0.185,0.301,0.951,0.981,0.935
E01011445,1.0,1.0,1.0,1.0,1.0,1.0
E01011446,1.0,1.0,1.0,1.0,1.0,1.0
E01011447,1.0,1.0,1.0,1.0,1.0,1.0
E01011448,0.909,0.855,0.854,0.988,0.992,0.984
E01011449,1.0,0.999,1.0,1.0,0.999,1.0
E01011450,0.0,0.004,0.0,0.0,0.012,0.004
E01011451,0.0,0.001,0.0,0.0,0.01,0.008
E01011452,0.0,0.005,0.001,0.217,0.198,0.242
E01011453,0.0,0.002,0.0,0.0,0.004,0.007
E01011454,0.0,0.0,0.0,0.013,0.028,0.051
E01011455,0.001,0.01,0.006,0.263,0.217,0.293
E01011456,0.0,0.0,0.0,0.0,0.008,0.014
E01011457,0.031,0.02,0.017,0.552,0.572,0.569
E01011458,0.008,0.014,0.01,0.227,0.274,0.252
E01011459,0.0,0.0,0.0,0.0,0.011,0.002
E01011460,0.0,0.0,0.0,0.0,0.007,0.013
E01011461,0.01,0.026,0.025,0.491,0.468,0.499
E01011462,0.001,0.006,0.004,0.23,0.159,0.198
E01011463,0.0,0.001,0.0,0.008,0.014,0.026
E01011464,0.0,0.0,0.0,0.0,0.003,0.0
E01011465,0.0,0.0,0.0,0.0,0.002,0.0
E01011466,0.03,0.017,0.038,0.079,0.052,0.066
E01011467,0.0,0.0,0.0,0.0,0.002,0.0
E01011468,0.0,0.0,0.0,0.0,0.001,0.0
E01011469,0.0,0.0,0.0,0.0,0.008,0.004
E01011470,0.0,0.003,0.0,0.067,0.032,0.064
E01011471,0.032,0.035,0.039,0.011,0.019,0.028
E01011472,0.984,0.99,0.99,0.308,0.202,0.213
E01011473,1.0,1.0,1.0,0.384,0.305,0.308
E01011474,0.523,0.53,0.526,0.157,0.067,0.103
E01011475,0.905,0.965,0.936,0.111,0.057,0.072
E01011476,0.012,0.021,0.027,0.0,0.014,0.016
E01011477,0.0,0.0,0.0,0.0,0.002,0.0
E01011478,0.12,0.072,0.104,0.557,0.539,0.488
E01011479,1.0,1.0,1.0,1.0,1.0,1.0
E01011480,0.003,0.017,0.013,0.481,0.418,0.456
E01011481,0.282,0.081,0.148,0.694,0.755,0.776
E01011482,0.432,0.364,0.419,0.812,0.888,0.77
E01011483,0.249,0.156,0.215,0.297,0.224,0.229
E01011484,1.0,1.0,1.0,0.329,0.261,0.265
E01011485,0.0,0.004,0.0,0.0,0.005,0.004
E01011488,0.002,0.009,0.017,0.086,0.09,0.069
E01011489,0.0,0.0,0.0,0.0,0.004,0.001
E01011491,1.0,1.0,1.0,0.192,0.102,0.112
E01011492,0.969,0.993,0.985,0.0,0.006,0.001
E01011493,0.272,0.287,0.267,0.007,0.022,0.02
E01011494,0.01,0.019,0.017,0.002,0.02,0.022
E01011496,0.0,0.001,0.0,0.0,0.007,0.003
E01011497,1.0,1.0,1.0,0.196,0.148,0.136
E01011500,0.0,0.002,0.0,0.0,0.004,0.003
E01011502,0.0,0.005,0.002,0.017,0.022,0.044
E01011504,0.0,0.004,0.0,0.0,0.009,0.015
E01011505,0.0,0.003,0.001,0.109,0.06,0.104
E01011506,0.871,0.901,0.86,0.99,0.987,0.969
E01011507,0.061,0.052,0.066,0.648,0.573,0.589
E01011508,0.708,0.654,0.705,0.978,0.983,0.973
E01011509,0.0,0.0,0.0,0.0,0.002,0.005
E01011510,0.0,0.0,0.0,0.0,0.002,0.0
E01011511,0.0,0.004,0.001,0.109,0.06,0.116
E01011512,0.0,0.001,0.0,0.0,0.011,0.006
E01011513,0.0,0.0,0.0,0.0,0.002,0.0
E01011514,0.0,0.005,0.0,0.161,0.105,0.137
E01011515,0.0,0.0,0.0,0.0,0.013,0.018
E01011516,0.421,0.256,0.351,0.874,0.949,0.874
E01011517,0.0,0.003,0.0,0.001,0.021,0.037
E01011518,0.0,0.0,0.0,0.0,0.001,0.0
E01011519,0.0,0.003,0.0,0.036,0.043,0.065
E01011520,0.0,0.002,0.0,0.0,0.013,0.022
E01011521,0.0,0.0,0.0,0.0,0.006,0.0
E01011522,0.0,0.0,0.0,0.0,0.013,0.017
E01011523,0.0,0.005,0.0,0.0,0.008,0.006
E01011524,0.0,0.001,0.0,0.0,0.008,0.016
E01011525,0.0,0.001,0.0,0.0,0.005,0.004
E01011526,0.0,0.001,0.0,0.0,0.011,0.007
E01011527,0.0,0.001,0.0,0.0,0.003,0.003
E01011528,0.0,0.001,0.0,0.0,0.009,0.009
E01011529,0.0,0.002,0.0,0.0,0.012,0.024
E01011530,0.0,0.0,0.0,0.0,0.003,0.0
E01011531,0.0,0.003,0.0,0.115,0.096,0.147
E01011532,0.0,0.0,0.0,0.001,0.01,0.014
E01011533,0.0,0.0,0.0,0.0,0.003,0.0
E01011534,0.0,0.002,0.0,0.0,0.021,0.015
E01011535,0.0,0.002,0.0,0.003,0.026,0.027
E01011536,0.0,0.001,0.0,0.0,0.008,0.011
E01011537,0.0,0.0,0.0,0.0,0.009,0.012
E01011538,0.0,0.006,0.0,0.0,0.019,0.015
E01011540,0.0,0.004,0.0,0.001,0.021,0.013
E01011541,0.0,0.0,0.0,0.0,0.003,0.0
E01011545,0.0,0.0,0.0,0.005,0.015,0.018
E01011546,0.0,0.001,0.0,0.0,0.006,0.0
E01011547,0.0,0.0,0.0,0.0,0.001,0.0
E01011548,0.0,0.002,0.0,0.034,0.04,0.05
E01011549,0.575,0.568,0.581,0.915,0.964,0.895
E01011550,0.0,0.0,0.0,0.0,0.01,0.0
E01011551,0.0,0.002,0.0,0.0,0.011,0.008
E01011552,0.937,0.977,0.952,0.538,0.545,0.433
E01011553,0.0,0.001,0.0,0.0,0.011,0.004
E01011554,0.0,0.002,0.0,0.0,0.011,0.008
E01011555,0.0,0.004,0.0,0.009,0.032,0.04
E01011556,0.0,0.001,0.0,0.079,0.077,0.077
E01011557,0.0,0.001,0.0,0.029,0.031,0.047
E01011558,0.0,0.002,0.004,0.004,0.017,0.021
E01011559,0.466,0.558,0.501,0.05,0.024,0.019
E01011560,0.0,0.009,0.004,0.001,0.009,0.012
E01011561,0.0,0.002,0.0,0.0,0.007,0.004
E01011562,0.015,0.019,0.025,0.243,0.247,0.238
E01011563,0.0,0.0,0.0,0.006,0.008,0.013
E01011564,0.0,0.003,0.002,0.269,0.235,0.269
E01011565,0.002,0.012,0.011,0.309,0.3,0.304
E01011566,0.0,0.0,0.0,0.0,0.004,0.003
E01011567,0.006,0.018,0.022,0.51,0.433,0.405
E01011568,0.0,0.0,0.0,0.0,0.001,0.0
E01011569,0.0,0.0,0.0,0.0,0.001,0.0
E01011570,0.0,0.0,0.0,0.0,0.008,0.006
E01011571,0.0,0.0,0.0,0.0,0.003,0.004
E01011572,0.0,0.0,0.0,0.0,0.004,0.002
E01011573,0.0,0.007,0.003,0.206,0.183,0.255
E01011574,0.0,0.0,0.0,0.0,0.0,0.004
E01011576,0.0,0.007,0.002,0.046,0.092,0.073
E01011578,0.0,0.0,0.0,0.0,0.002,0.004
E01011579,0.0,0.001,0.0,0.02,0.023,0.049
E01011580,0.0,0.001,0.0,0.0,0.009,0.009
E01011581,0.0,0.001,0.0,0.002,0.019,0.018
E01011582,0.0,0.0,0.0,0.001,0.009,0.011
E01011583,0.0,0.005,0.0,0.25,0.205,0.276
E01011584,0.0,0.002,0.0,0.0,0.008,0.001
E01011585,0.0,0.002,0.0,0.0,0.015,0.02
E01011586,0.0,0.004,0.0,0.0,0.009,0.006
E01011587,0.0,0.0,0.0,0.0,0.012,0.011
E01011588,0.0,0.0,0.0,0.0,0.004,0.003
E01011589,0.0,0.003,0.001,0.039,0.04,0.052
E01011590,0.0,0.006,0.0,0.046,0.051,0.086
E01011591,0.0,0.0,0.0,0.0,0.002,0.0
E01011592,0.0,0.0,0.0,0.0,0.002,0.004
E01011593,0.0,0.0,0.0,0.0,0.001,0.0
E01011594,0.003,0.006,0.011,0.191,0.125,0.161
E01011595,0.0,0.001,0.0,0.0,0.011,0.004
E01011596,0.0,0.0,0.0,0.0,0.004,0.0
E01011597,1.0,0.997,1.0,1.0,0.998,1.0
E01011598,0.0,0.0,0.0,0.0,0.007,0.002
E01011599,0.0,0.001,0.0,0.035,0.034,0.07
E01011600,0.0,0.001,0.0,0.0,0.008,0.0
E01011601,0.0,0.0,0.0,0.0,0.007,0.005
E01011602,0.0,0.0,0.0,0.0,0.001,0.0
E01011603,0.0,0.002,0.0,0.001,0.01,0.016
E01011604,0.0,0.0,0.0,0.0,0.004,0.001
E01011605,0.0,0.001,0.0,0.0,0.003,0.004
E01011606,0.048,0.038,0.057,0.365,0.309,0.353
E01011607,0.0,0.0,0.0,0.0,0.005,0.006
E01011608,0.0,0.001,0.0,0.0,0.004,0.001
E01011609,0.0,0.0,0.0,0.0,0.001,0.0
E01011610,0.0,0.0,0.0,0.0,0.003,0.0
E01011611,0.999,1.0,0.999,0.42,0.356,0.284
E01011612,0.0,0.0,0.0,0.0,0.001,0.0
E01011613,0.0,0.0,0.0,0.0,0.002,0.0
E01011614,0.0,0.0,0.0,0.0,0.003,0.0
E01011615,0.291,0.144,0.224,0.714,0.683,0.695
E01011616,0.355,0.322,0.343,0.079,0.064,0.077
E01011617,1.0,0.998,1.0,0.879,0.918,0.873
E01011618,1.0,1.0,1.0,1.0,1.0,1.0
E01011620,0.999,0.993,1.0,0.658,0.719,0.65
E01011621,1.0,1.0,1.0,0.965,0.976,0.928
E01011622,1.0,1.0,1.0,0.898,0.948,0.864
E01011623,1.0,1.0,1.0,1.0,1.0,1.0
E01011624,1.0,1.0,1.0,0.689,0.784,0.677
E01011625,1.0,1.0,1.0,1.0,1.0,1.0
E01011626,0.0,0.0,0.0,0.0,0.0,0.0
E01011627,0.0,0.0,0.0,0.0,0.01,0.012
E01011628,0.0,0.001,0.0,0.035,0.038,0.061
E01011629,0.0,0.0,0.0,0.0,0.002,0.006
E01011630,0.0,0.0,0.0,0.0,0.003,0.0
E01011632,1.0,0.999,1.0,0.441,0.43,0.332
E01011633,0.0,0.001,0.0,0.0,0.005,0.004
E01011634,0.0,0.002,0.0,0.0,0.006,0.003
E01011635,0.0,0.001,0.0,0.0,0.015,0.008
E01011636,0.0,0.002,0.0,0.0,0.019,0.018
E01011637,0.0,0.001,0.0,0.0,0.007,0.004
E01011638,0.0,0.002,0.0,0.005,0.021,0.037
E01011639,0.0,0.004,0.0,0.001,0.02,0.029
E01011641,0.004,0.014,0.013,0.426,0.384,0.409
E01011642,0.001,0.009,0.015,0.378,0.321,0.332
E01011643,0.0,0.0,0.0,0.0,0.012,0.016
E01011644,0.0,0.0,0.0,0.0,0.002,0.0
E01011645,0.0,0.0,0.0,0.018,0.026,0.037
E01011646,0.0,0.003,0.001,0.135,0.121,0.161
E01011647,1.0,0.999,1.0,1.0,0.992,0.997
E01011648,1.0,1.0,1.0,1.0,1.0,1.0
E01011649,0.002,0.013,0.006,0.272,0.226,0.278
E01011650,0.0,0.001,0.0,0.005,0.026,0.026
E01011651,0.0,0.0,0.0,0.0,0.007,0.005
E01011652,0.0,0.002,0.0,0.059,0.071,0.073
E01011653,0.0,0.0,0.0,0.018,0.025,0.048
E01011654,0.215,0.128,0.182,0.774,0.785,0.781
E01011655,0.0,0.0,0.0,0.0,0.01,0.007
E01011656,0.99,0.996,0.995,0.361,0.305,0.282
E01011657,1.0,1.0,1.0,0.895,0.961,0.883
E01011658,0.622,0.859,0.712,0.0,0.005,0.0
E01011659,0.8,0.893,0.826,0.154,0.091,0.093
E01011660,0.048,0.067,0.06,0.064,0.071,0.051
E01011661,1.0,1.0,1.0,0.0,0.001,0.0
E01011662,1.0,1.0,1.0,1.0,1.0,1.0
E01011663,0.964,0.987,0.983,0.031,0.054,0.034
E01011664,0.111,0.133,0.134,0.08,0.096,0.093
E01011665,0.0,0.007,0.001,0.085,0.053,0.069
E01011666,0.472,0.349,0.413,0.867,0.917,0.847
E01011667,1.0,1.0,1.0,0.998,0.997,0.991
E01011668,0.869,0.858,0.865,0.992,0.991,0.978
E01011669,0.994,0.996,0.997,1.0,0.994,0.996
E01011670,0.0,0.0,0.0,0.0,0.002,0.0
E01011671,0.637,0.728,0.659,0.094,0.06,0.074
E01011673,1.0,1.0,1.0,1.0,1.0,1.0
E01011677,1.0,1.0,1.0,0.793,0.855,0.66
E01011678,0.0,0.0,0.0,0.009,0.014,0.014
E01011681,0.0,0.003,0.0,0.0,0.012,0.008
E01011684,0.085,0.055,0.091,0.65,0.682,0.594
E01011685,0.0,0.0,0.0,0.0,0.006,0.0
E01011686,0.0,0.006,0.002,0.0,0.008,0.005
E01011687,0.009,0.016,0.02,0.43,0.391,0.426
E01011688,0.0,0.0,0.0,0.0,0.012,0.012
E01011689,0.0,0.0,0.0,0.0,0.008,0.0
E01011690,0.0,0.0,0.0,0.007,0.02,0.032
E01011691,0.0,0.0,0.0,0.0,0.004,0.0
E01011692,0.0,0.0,0.0,0.0,0.002,0.001
E01011693,0.0,0.0,0.0,0.093,0.06,0.08
E01011694,0.008,0.02,0.024,0.605,0.665,0.609
E01011695,0.139,0.148,0.134,0.001,0.02,0.01
E01011696,0.272,0.193,0.259,0.795,0.814,0.791
E01011697,0.0,0.001,0.0,0.0,0.008,0.002
E01011698,0.0,0.004,0.001,0.081,0.073,0.119
E01011699,0.0,0.002,0.0,0.0,0.007,0.003
E01011700,0.0,0.0,0.0,0.0,0.003,0.0
E01011701,0.0,0.002,0.0,0.001,0.024,0.027
E01011702,0.045,0.041,0.053,0.447,0.476,0.478
E01011703,0.0,0.003,0.001,0.004,0.036,0.032
E01011704,0.0,0.0,0.0,0.0,0.001,0.0
E01011705,0.0,0.001,0.0,0.0,0.005,0.007
E01011706,0.0,0.003,0.002,0.046,0.06,0.095
E01011707,0.0,0.0,0.0,0.0,0.005,0.001
E01011708,0.0,0.005,0.0,0.015,0.039,0.041
E01011709,0.0,0.0,0.0,0.0,0.006,0.0
E01011710,0.0,0.003,0.0,0.0,0.01,0.0
E01011711,0.0,0.004,0.0,0.001,0.029,0.015
E01011712,0.0,0.003,0.0,0.0,0.003,0.003
E01011713,0.003,0.007,0.004,0.154,0.159,0.164
E01011714,0.0,0.002,0.0,0.0,0.003,0.001
E01011715,0.0,0.0,0.0,0.0,0.001,0.0
E01011716,0.0,0.005,0.002,0.035,0.05,0.112
E01011717,0.0,0.0,0.0,0.0,0.002,0.001
E01011718,0.0,0.002,0.0,0.0,0.009,0.0
E01011719,0.0,0.002,0.0,0.0,0.009,0.016
E01011720,0.0,0.003,0.0,0.0,0.003,0.0
E01011721,0.56,0.784,0.658,0.001,0.017,0.006
E01011722,0.0,0.0,0.0,0.0,0.006,0.0
E01011723,0.0,0.004,0.0,0.0,0.004,0.0
E01011724,0.0,0.001,0.0,0.0,0.012,0.002
E01011725,1.0,1.0,1.0,0.027,0.029,0.017
E01011726,0.0,0.01,0.003,0.008,0.024,0.022
E01011727,0.0,0.002,0.0,0.0,0.014,0.002
E01011728,0.0,0.005,0.0,0.036,0.058,0.076
E01011729,0.544,0.498,0.543,0.253,0.169,0.202
E01011730,0.233,0.244,0.283,0.003,0.019,0.012
E01011731,0.0,0.001,0.0,0.0,0.01,0.006
E01011732,0.0,0.001,0.0,0.001,0.015,0.016
E01011733,0.0,0.0,0.0,0.002,0.005,0.013
E01011734,0.0,0.0,0.0,0.0,0.005,0.0
E01011735,0.0,0.011,0.003,0.0,0.002,0.0
E01011736,0.0,0.002,0.0,0.0,0.011,0.014
E01011737,0.001,0.009,0.011,0.017,0.024,0.021
E01011738,0.0,0.0,0.0,0.0,0.003,0.002
E01011739,0.005,0.016,0.02,0.002,0.014,0.012
E01032487,0.0,0.002,0.0,0.0,0.007,0.002
E01032488,0.0,0.0,0.0,0.0,0.001,0.0
E01032489,0.0,0.0,0.0,0.0,0.007,0.001
E01032490,0.0,0.002,0.0,0.0,0.007,0.007
E01032491,0.0,0.0,0.0,0.0,0.004,0.001
E01032492,0.0,0.0,0.0,0.004,0.018,0.017
E01032493,0.0,0.0,0.0,0.004,0.018,0.041
E01032494,0.052,0.055,0.065,0.105,0.073,0.103
E01032496,0.0,0.0,0.0,0.0,0.002,0.0
E01032497,0.013,0.012,0.021,0.04,0.031,0.062
E01032498,0.0,0.003,0.001,0.038,0.041,0.09
E01032499,0.0,0.0,0.0,0.0,0.004,0.003
E01032500,1.0,1.0,1.0,0.96,0.985,0.953
E01032501,0.0,0.005,0.0,0.134,0.096,0.162
E01032502,0.0,0.001,0.002,0.004,0.015,0.016
E01032503,0.0,0.0,0.0,0.0,0.008,0.004
E01032504,0.337,0.288,0.353,0.812,0.876,0.815
E01032606,0.0,0.0,0.0,0.0,0.0,0.0
E01032607,0.0,0.005,0.008,0.091,0.025,0.069
E01032608,0.002,0.018,0.009,0.018,0.03,0.038
E01032876,0.022,0.02,0.034,0.488,0.49,0.496
E01032946,0.0,0.003,0.0,0.412,0.256,0.365
E01033002,0.0,0.0,0.0,0.0,0.0,0.0
E01033003,0.0,0.0,0.0,0.0,0.0,0.0
E01033008,0.0,0.0,0.0,0.0,0.0,0.0
E01033010,0.0,0.0,0.0,0.0,0.001,0.0
E01033011,0.0,0.0,0.0,0.0,0.0,0.0
E01033013,0.011,0.187,0.048,0.0,0.0,0.0
E01033015,0.0,0.0,0.0,0.0,0.0,0.0
E01033016,0.0,0.0,0.0,0.0,0.0,0.0
E01033021,0.0,0.0,0.0,0.0,0.001,0.0
E01033031,0.0,0.0,0.0,0.0,0.0,0.0
E01033033,0.0,0.0,0.0,0.0,0.0,0.0
E01033034,0.0,0.0,0.0,0.0,0.0,0.0
E01033035,1.0,1.0,1.0,0.0,0.022,0.0
E01035040,1.0,1.0,1.0,1.0,1.0,1.0
E01035041,0.181,0.062,0.133,0.922,0.955,0.909
E01035042,0.0,0.0,0.0,0.0,0.005,0.0
E01035043,0.0,0.001,0.0,0.173,0.095,0.123
E01035044,0.48,0.333,0.339,0.91,0.961,0.911
E01035045,0.0,0.0,0.0,0.002,0.008,0.005
E01035046,0.0,0.0,0.0,0.0,0.001,0.0
E01035047,0.0,0.0,0.0,0.0,0.0,0.0
E01035048,0.0,0.0,0.0,0.0,0.0,0.0
E01035049,0.0,0.0,0.0,0.0,0.001,0.0
E01035050,0.0,0.0,0.0,0.0,0.002,0.0
E01035051,0.0,0.0,0.0,0.0,0.001,0.0
E01035052,0.0,0.0,0.0,0.0,0.002,0.0
E01035053,0.0,0.0,0.0,0.0,0.001,0.0
E01035054,0.0,0.0,0.0,0.0,0.002,0.0
