,OLS_beta,OLS_p,SEM_beta,SEM_p
hh_size,-0.065,0.0,-0.053,0.0
pct_1person,-0.05,0.0,-0.035,0.0
pct_private_rent,-0.017,0.039,-0.021,0.023
pct_social_rent,0.007,0.354,0.005,0.578
pct_overcrowded,0.025,0.001,0.023,0.003
pct_underoccupied,-0.008,0.44,-0.019,0.065
imd_score,0.017,0.06,0.008,0.408
mean_tfa,-0.048,0.0,-0.038,0.0
gas_share_epc,-0.015,0.029,-0.015,0.028
pct_flat,-0.02,0.013,-0.027,0.001
pct_pre1930,0.033,0.0,0.025,0.0
pct_FG,0.005,0.163,0.006,0.051
epc_coverage,-0.019,0.0,-0.012,0.018
gas_gap_pp,0.055,0.0,0.054,0.0
