lsoa21cd,res_T1,res_T1c,shift_T1,shift_T1c
E01011264,-0.042906572847384694,-0.07676364829842856,-24,66
E01011265,-0.12525047229623293,-0.019846815403278154,11,13
E01011266,-0.21930339003667926,-0.029277708060772074,20,15
E01011267,-0.06265900744849807,-0.010927489067348129,-16,8
E01011268,-0.05479506422775496,0.03930932201741295,-18,-51
E01011269,-0.1426508223427398,-0.060390075583021424,25,29
E01011270,-0.2278374174908513,-0.08176873395813977,22,17
E01011271,-0.10796042085945565,-0.024715773346539776,15,4
E01011272,-0.021635198740071037,0.03472499555604854,-138,-107
E01011273,-0.04318649757407599,0.02225063857174594,-61,-56
E01011274,-0.056507962564566104,-0.025719208678008927,-1,28
E01011275,-0.0736428749773897,-0.020286921155928943,-29,-21
E01011276,-0.10189677812160845,0.0011041050440319302,-9,-5
E01011277,-0.015700240657096243,0.018773446227808466,-137,-90
E01011278,-0.1591161212762019,-0.08798473275936133,99,118
E01011279,-0.0931987662859174,-0.0012542106064671662,11,15
E01011280,-0.08801953625729207,-0.009528962532673982,-13,-5
E01011281,-0.08815778731689673,-0.03968920874049616,30,61
E01011282,0.04460753706276854,0.08565058724193014,-93,-74
E01011283,-0.016156907070817815,0.0077438565562236205,-14,13
E01011284,0.10639151767662317,0.24032765057437258,-30,-30
E01011286,-0.006808314259056438,-0.00428709356783598,-114,-17
E01011287,-0.023174368497804528,0.024912327118616233,-92,-55
E01011292,-0.0845002586496356,0.04463613938358084,95,10
E01011293,-0.052686406800764723,0.10867699374804671,15,-70
E01011294,-0.04604031736098382,-0.006047307553424724,-17,9
E01011295,0.05407650664365386,0.1990296893798658,-100,-221
E01011296,-0.05609169513169278,-0.04102613689261743,-64,41
E01011297,-0.10667460158310672,0.008441811805293306,5,-17
E01011298,-0.012791262755769599,-3.918411757901099e-05,-62,29
E01011299,-0.043559065193316114,0.06260284682641966,-13,-4
E01011300,0.02623175757235086,0.037819434642452965,-55,-20
E01011301,0.020030580789190004,-0.004837965252435559,-195,-25
E01011302,-0.07214201405708506,-0.030908940410649868,-71,21
E01011303,-0.0054415873714846715,0.005828226580953863,-110,-28
E01011304,-0.038541953937664394,0.05465695604002364,-23,-25
E01011305,0.04473681523540208,0.08415269244543713,-168,-132
E01011306,0.029628645558452054,0.06182251746353684,-162,-115
E01011307,0.03423373762309379,0.0598842315875727,-133,-71
E01011308,0.033512111531551494,0.09995241561027633,-129,-119
E01011309,-0.10152377722937468,-0.027236965674722568,14,39
E01011310,-0.1690240979653377,-0.060663060495947364,89,80
E01011311,-0.30725801341851655,-0.17371303636807903,187,156
E01011312,-0.02043658692163263,0.10989608714228213,-5,1
E01011313,0.030294092701273968,0.05153209536975364,-24,5
E01011314,0.08677451111840986,0.09868430609875783,-41,-9
E01011315,-0.058439755066858244,0.05259278662020392,-2,-19
E01011316,-0.1546520286797666,0.06064162415211533,7,4
E01011317,0.0717084192366621,0.04541036203444265,-59,7
E01011318,-0.018864517017244998,-0.029901435777032404,33,72
E01011319,-0.047724381176731494,0.0927000268160765,-33,-50
E01011320,-0.0645979099307849,0.05939243710504925,-12,-21
E01011321,-0.06746669224800998,-0.04488274381447299,-1,19
E01011322,-0.1286443548905031,-0.0694480307979701,38,45
E01011323,0.00492885031439312,0.016970488756016894,-93,-10
E01011324,0.02791575038693045,0.061946381078726694,-42,-29
E01011325,0.03669850122915637,0.09206505853423397,-81,-53
E01011326,0.015012025594787983,0.04206494909454183,-36,-17
E01011327,0.042102013713517975,0.05597853513831988,-87,-33
E01011328,-0.03486105815629366,-0.019216118155959666,-37,28
E01011329,-0.016536323984088285,0.04913875873067303,-80,-81
E01011330,0.01922432339535666,0.052690722085188685,-88,-61
E01011331,-0.06949702848174902,-0.010223358433460365,1,21
E01011332,-0.03583361024441166,0.019331778210173418,-4,-4
E01011333,-0.02236808478680828,0.0065094344358678944,-63,-36
E01011334,0.02821952378660083,0.1585530406691097,-76,-164
E01011335,-0.056929732648162465,-0.009609794684009517,-43,4
E01011336,-0.04404517896205932,0.016251375347441675,-2,12
E01011337,-0.12390655687902148,-0.04188957748171372,44,23
E01011338,0.061574016547013964,0.10745662569216245,3,7
E01011339,-0.20598284835481165,-0.09636786730009604,76,71
E01011340,-0.0375836989829142,-0.014596509090180315,-8,20
E01011341,-0.06802758586465162,-0.0027236087269689323,-22,14
E01011342,-0.04439919841046436,0.05811179807488407,-12,-13
E01011343,-0.04696139213439685,0.00991916513316299,-13,5
E01011344,0.057198924602644606,0.05935862186835038,-3,-2
E01011345,-0.09904752129634417,-0.060378822139027524,56,86
E01011346,-0.08688700507389112,0.05580330577517782,38,-2
E01011347,-0.0038346775726267658,0.02119793422017337,-1,0
E01011348,-0.15884136901233764,0.04112396675842649,68,-16
E01011349,0.16752443276158155,0.21632624935590974,-19,-12
E01011350,-0.08936140354609154,0.008947197095767679,12,-39
E01011351,-0.051647660183047325,0.03275917758402923,-29,-28
E01011352,-0.08530753528751096,-0.005627444526816211,29,28
E01011353,-0.10246529153797039,-0.022458004219717807,38,36
E01011354,0.006598387800856217,0.11573156755540182,15,-32
E01011355,-0.05585054834133656,0.009287061141076825,5,-19
E01011356,-0.16591864876482587,-0.015808712632267203,83,25
E01011357,0.037004030986400614,0.13278307107889167,-50,-72
E01011358,-0.11626283172332606,-0.05659649765023004,89,76
E01011359,-0.002029603538857321,0.1219573142784399,-32,-95
E01011360,-0.1198708831947806,-0.010820781627757079,2,6
E01011361,-0.03816165332107725,0.04294664724191511,34,9
E01011362,-0.19070123842236847,-0.1010427770506765,71,68
E01011363,-0.05669240354852818,0.06402011801750011,73,30
E01011364,-0.354926770788796,-0.19376907432992535,218,190
E01011366,-0.01579992950397137,0.009627026209425018,-9,5
E01011368,0.10900640337903619,0.20836950678645302,-15,-13
E01011369,-0.09691036691794466,0.018073641772044336,15,-64
E01011370,-0.13706529904358325,0.008685201747173174,45,12
E01011371,0.04056351805249775,0.12192016988412016,-4,-44
E01011372,-0.08019933138421621,0.136190697547483,-1,0
E01011373,-0.1713186091826034,0.006772552285758406,71,15
E01011374,0.18550378398118753,0.1956633019751179,-26,-9
E01011375,-0.2131964004352908,0.001420731042372666,6,6
E01011376,-0.11978879996353015,-0.027338079706497237,-5,13
E01011377,-0.1149172032936508,-0.05990513772316203,-7,23
E01011378,-0.04678541404258471,-0.09208914728027345,49,115
E01011379,-0.01684630070448891,-0.020356318588299338,-44,20
E01011380,-0.2311576324214612,-0.16083210631868705,202,224
E01011381,-0.1191750373862282,-0.016828930257126732,3,-5
E01011382,-0.03459732051446033,-0.02387300771827528,-81,0
E01011383,-0.1593065201648204,-0.06466343926127968,104,57
E01011384,-0.06826515938170664,0.0037657101206612386,-4,-30
E01011385,-0.1313395496674741,-0.0022417705676054567,9,-8
E01011386,-0.2164536332380605,-0.04521848329626512,26,14
E01011388,-0.06212169490168784,-0.037975967490092605,-21,15
E01011390,-0.0166548553712814,-0.016851915238159907,-76,14
E01011391,-0.044053164469645946,-0.03861214220500842,-35,24
E01011392,-0.013553473334328133,0.025450575555699635,-63,-14
E01011393,-0.04081918367135259,0.06393551083296081,-86,-105
E01011394,-0.06106228313060066,0.039602704701987616,-45,-84
E01011395,-0.043174969324642376,-0.033157218507718515,-68,27
E01011396,-0.1069335266199123,0.002941074747465667,12,4
E01011397,0.04570069960838362,0.04883372145266905,-133,-76
E01011398,0.10594803886667689,0.12304399767523799,-248,-193
E01011399,0.010565644921801638,0.07163234579163008,-119,-103
E01011400,-0.047498505812668915,-0.033093575141773406,-37,21
E01011401,-0.019912379768617813,0.03074422765026758,-102,-48
E01011402,-0.07134928927985577,-0.0023696508479414823,-18,7
E01011403,-0.03838482223819354,0.024245283676170837,-55,-34
E01011404,0.0643796588160956,0.13791416909749943,-160,-159
E01011405,-0.0329598812422468,-0.008411964827149138,-75,-7
E01011406,0.026776373757886975,0.03651000873050864,-111,-48
E01011407,-0.0012356946523676368,0.05914218809226429,-107,-104
E01011408,-0.10502543659824412,-0.06747475053432614,10,46
E01011409,-0.17340732818047197,-0.07481522275600448,120,88
E01011410,0.008697727620168424,0.06295759302043019,-74,-27
E01011411,-0.16877690364785333,-0.0752246617270337,35,40
E01011412,0.02357725177220985,0.05031571653740378,-139,-72
E01011413,-0.05248611283669663,-0.014455071086466745,-29,5
E01011414,-0.05664855498920148,0.012758197978312357,-58,-42
E01011415,-0.06135032870157565,0.018826737453220273,-32,-48
E01011416,-0.11280647876015935,-0.01661592626630359,25,-10
E01011417,-0.07942952033614793,0.039346437674137126,-16,-86
E01011418,-0.005127691271019254,-0.02604938420117737,-119,9
E01011419,-0.050505071144429516,-0.03403484115283971,-31,44
E01011420,-0.037056848293114106,-0.020657164699400307,-71,15
E01011421,-0.12919999546943842,-0.009520471785356982,38,1
E01011422,-0.13757943984343135,0.02533167926940069,11,2
E01011423,-0.08709134485642096,0.017079794954437715,4,-2
E01011424,-0.18390715928433177,0.006914893578933291,15,0
E01011425,-0.08520563212264268,0.024216206429139735,-5,-8
E01011426,0.0010750432191406803,0.16185720904195555,-3,-5
E01011427,-0.07708165947455932,0.09869923771805932,0,-8
E01011428,-0.08547996750267453,0.0184091346059705,1,7
E01011429,-0.019336007157629294,0.06676129185802225,-3,6
E01011430,-0.13339947350255463,-0.022045827358715093,4,3
E01011431,-0.0818348434390678,-0.012460514949535395,69,28
E01011432,-0.04579636848831332,0.04247140110324153,2,2
E01011433,0.047499190128452384,0.23196981856767643,-1,-2
E01011434,0.05887653828505412,0.1267875650992086,-1,0
E01011435,-0.27669515657588484,0.05490127121226918,45,-15
E01011440,-0.26256051719951723,0.0015292113913880827,193,-14
E01011441,-0.26706014134374567,0.053807037640165,173,-25
E01011442,-0.12537498938643493,0.19558740281810819,72,-71
E01011443,-0.3684269141266847,-0.03256240384677787,266,-1
E01011444,-0.18460228330063014,0.09938870995144343,78,-15
E01011445,-0.282358258112206,-0.0035230558307040903,21,-2
E01011446,-0.30805619023425024,0.0006741176542673896,40,7
E01011447,-0.19655462203971225,0.039659841757697184,15,-4
E01011448,-0.12894658334511888,0.1916087027078447,44,-57
E01011449,0.028316440597929236,0.16635111505590305,-27,-29
E01011450,0.026326831292869547,0.043311070826764254,-100,-47
E01011451,-0.19708215799095963,-0.01223041519494825,138,4
E01011452,-0.016907848356957345,0.15118900279969205,-106,-183
E01011453,-0.09387348119910034,0.03137082216467178,-15,-48
E01011454,-0.10831991797339248,-0.007985510198575928,23,-22
E01011455,-0.18592279792792618,-0.05733131747522368,55,23
E01011456,-0.18707384720851566,-0.045176297393368446,131,66
E01011457,-0.15467075083064455,0.018313020517631517,30,-41
E01011458,-0.22622668664340703,-0.06910220804353406,120,54
E01011459,-0.26717766656787867,-0.15718200521163295,247,214
E01011460,-0.08379979747750721,-0.005183747241722253,2,-17
E01011461,-0.040207248159673185,0.056036668697160535,-87,-78
E01011462,-0.063668274020495,-0.014556605501638313,3,17
E01011463,0.08314905417587976,0.1039997252838033,-188,-152
E01011464,-0.07483305195284695,0.06977089049289148,-14,-39
E01011465,-0.03922600372650811,0.06409831312370698,-26,-43
E01011466,-0.042082135570986716,0.000774356227684181,-4,1
E01011467,-0.19770335288261323,-0.016597142555942163,27,17
E01011468,-0.04196670064426996,0.016640204778769516,-4,9
E01011469,-0.0042959539203006785,-0.014893819934442443,-130,3
E01011470,0.05308921548348782,0.11258170437897903,-181,-180
E01011471,0.0708200261673577,0.10793716758559213,-107,-94
E01011472,0.07280682147989585,0.07439985553625629,-84,-45
E01011473,0.058671330095400404,0.08386136339402546,-55,-40
E01011474,0.06677178403793398,0.05684239540016096,-107,-55
E01011475,0.01742602237815236,0.03865164653709646,-54,-28
E01011476,0.02279725366107412,0.011721883536681365,-67,4
E01011477,-0.05727666872333409,0.06214461123342444,6,-12
E01011478,0.06056420896813144,0.13077981092950364,-39,-38
E01011479,-0.08792395545619097,0.06615395020375486,-1,0
E01011480,-0.011350064871264233,0.08241709542359903,-41,-55
E01011481,-0.0917135526188261,0.23974869189566597,78,-127
E01011482,0.054148086369713175,0.05228553070409994,-49,-14
E01011483,-0.15785357839269903,-0.10178271017438888,53,53
E01011484,0.029132823983558723,0.027943498100917834,-30,4
E01011485,-0.06089490946941733,-0.003602761128722292,28,15
E01011488,0.10891900628636927,0.08127521064693231,-112,-42
E01011489,-0.013450503095463856,0.1283224146641682,-20,-66
E01011491,-0.08803501135385752,-0.03646912776243661,35,36
E01011492,-0.05153620040825193,-0.017876651713759222,48,53
E01011493,-0.09576818319791312,-0.0006206464148479624,71,19
E01011494,-0.14398520372831866,-0.1020483506798446,89,95
E01011496,-0.047479483230758186,-0.015834382499094957,-86,14
E01011497,-0.0724852375286287,-0.056233454488208746,17,38
E01011500,-0.05175562278247866,-0.02215991843810576,-61,0
E01011502,0.026555968008766594,0.006103185212696885,-80,-8
E01011504,-0.06920553280107049,-0.027280114579477478,38,29
E01011505,-0.1355465015197228,-0.016299185651236586,77,0
E01011506,-0.18359036425176395,-0.04957824617812078,18,15
E01011507,-0.09509240440625391,-0.052101133269338136,-14,17
E01011508,-0.16227200980125986,-0.03805928807888302,9,5
E01011509,-0.0974563532302995,-0.021768561782625775,22,14
E01011510,-0.04410838325048102,-0.0033114458319986285,23,32
E01011511,-0.20736588486599836,-0.008321114851770936,167,-3
E01011512,-0.21376915254447085,-0.04314686815447709,153,62
E01011513,-0.10314429346396645,-0.023334148832471556,3,14
E01011514,-0.22543671042040933,-0.02949977431641097,175,25
E01011515,-0.20102762425201262,-0.0928567362643248,165,97
E01011516,-0.07663685306243254,-0.00818090623574164,-7,12
E01011517,-0.1265058304022361,-0.026478474019737176,67,19
E01011518,-0.06766696900349199,-0.038317523356330964,-36,21
E01011519,-0.023163700440550813,-0.00674042181219597,-70,-11
E01011520,-0.0966481629108559,-0.05001858657125526,-15,36
E01011521,-0.14820792389767032,-0.0714989835323882,70,91
E01011522,-0.1011619974218959,-0.05603493842632183,-5,57
E01011523,-0.07579923062944328,-0.020349291908318468,2,29
E01011524,-0.0003684656759680209,0.029815118300946155,-140,-77
E01011525,0.0031794131985291487,0.054350395159359785,-108,-78
E01011526,-0.06705594961177778,-0.016166354198766917,-28,4
E01011527,-0.14411084993849071,-0.06783968663684693,63,91
E01011528,-0.05118022188618151,0.020116631553774984,-50,-48
E01011529,-0.07662214399961541,-0.05553578719806298,-12,39
E01011530,-0.1773215113290152,-0.11467456193364177,86,105
E01011531,0.03045507783086101,0.0856997734822586,-171,-140
E01011532,-0.008858286021938236,-0.008499105638090542,-116,-43
E01011533,-0.018137275934175294,0.08590679629435964,-31,-42
E01011534,-0.054240170824873826,0.028218304739716562,-58,-42
E01011535,-0.052936573269523515,0.024305642246009528,-73,-66
E01011536,-0.045520006528315816,0.01998943902371393,-59,-35
E01011537,-0.10877517105111117,-0.05843619607388925,21,43
E01011538,-0.17588810849449696,-0.11997077996883351,116,137
E01011540,-0.025721959464794514,-0.011200752946338254,-71,6
E01011541,-0.1559815617305222,0.07333814863379315,7,-45
E01011545,-0.007746930196095147,0.04305714244642354,-121,-105
E01011546,-0.022789840084362252,0.018207924407519043,-67,-17
E01011547,-0.01810304894555286,0.01062186797416736,-42,-14
E01011548,-0.03766149584195139,0.028195544563083038,-84,-69
E01011549,-0.08998150023594864,-0.01768775472411627,-4,18
E01011550,-0.09915725190790381,-0.0804013704382147,-2,100
E01011551,-0.04702092915352039,0.034702760005149595,-47,-42
E01011552,-0.041171197678160944,-0.03630059170308458,-8,20
E01011553,-0.07656499670293564,-0.069683494296206,-36,73
E01011554,-0.20254504744013094,-0.03962764631842046,148,77
E01011555,-0.09526531400206086,-0.0730870817786084,-13,75
E01011556,-0.09678910615116637,-0.01984667989411144,41,31
E01011557,-0.3005019873432573,-0.09777255971422677,287,117
E01011558,-0.008709771663015804,0.029148796294741337,-16,-17
E01011559,-0.08718191481705083,-0.05478001613465713,56,57
E01011560,-0.05175269792217431,0.05672271748631856,55,-20
E01011561,-0.1985723071068006,-0.05462835314896114,125,93
E01011562,-0.26021947108632393,-0.1387663746355599,124,90
E01011563,-0.24515623363384914,-0.07179579072472722,186,121
E01011564,-0.2285294154404493,-0.10301056806161714,96,58
E01011565,-0.17885749369740045,-0.1101844456677792,46,59
E01011566,-0.17018823757743406,-0.10784090902727517,120,150
E01011567,-0.1003391683670418,-0.027781921232835648,-4,7
E01011568,-0.21487295557162145,-0.1421486778667802,90,103
E01011569,-0.22709136714375247,-0.05334520013806326,35,29
E01011570,-0.1721780428260421,-0.0694482435421566,90,98
E01011571,-0.05719840329594328,0.041630662571707076,-26,-46
E01011572,0.04675184031679806,0.09184520273942444,-135,-92
E01011573,0.0003153610942452497,0.030534024121245493,-62,-21
E01011574,-0.13017424274756548,-0.03634892385583797,59,43
E01011576,-0.3229464912811573,-0.15193586576983883,251,149
E01011578,-0.13235183259776057,-0.09473480488661028,64,131
E01011579,-0.1277561039689392,-0.0657807566925451,50,50
E01011580,-0.1510121429065092,-0.10846589864660387,68,121
E01011581,-0.00403764309169944,0.07519575242094034,-122,-122
E01011582,0.1477266635012085,0.18549353580342878,-182,-173
E01011583,0.01695184146812284,0.07840737088641421,-122,-105
E01011584,0.026991833624079357,0.1262618926747875,-72,-64
E01011585,0.027111413643698706,0.00549495905114517,-163,-49
E01011586,-0.15884985631882084,-0.06650594891120902,110,67
E01011587,-0.15130203112196203,-0.057753022253834996,84,56
E01011588,-0.139554151984363,-0.04099690791927261,67,40
E01011589,-0.13677444315783077,-0.01820038072848854,60,-12
E01011590,-0.14624399662393242,-0.04602448449680578,58,22
E01011591,-0.01754226879538126,0.0476250513843277,-55,-32
E01011592,-0.0707499505337563,0.02388240727806139,-24,-44
E01011593,-0.052563756190637634,0.019462451436478203,-29,-18
E01011594,0.01906227809254445,0.02848338074172333,-67,-30
E01011595,-0.24571442833473497,-0.042308599921289505,139,35
E01011596,-0.09246923748573573,-0.06357927249303574,-27,32
E01011597,-0.20181513399672169,-0.049303068370047734,8,5
E01011598,-0.02634344916399381,-0.010984577772105403,-79,6
E01011599,-0.15150604326966646,-0.05719946329772558,87,54
E01011600,-0.09790602882451652,-0.04613897413769902,-9,29
E01011601,-0.050097531932735806,0.02497479357954538,-21,-19
E01011602,-0.15546076171776102,-0.10130079531992325,5,14
E01011603,-0.08800207052122132,-0.04319798859300215,-21,27
E01011604,-0.13655194552345373,-0.042896964157118224,36,44
E01011605,-0.11426875200413361,-0.019773188212553246,17,-6
E01011606,-0.14195995139467135,-0.06439372050299132,13,30
E01011607,-0.022589313720748662,0.021320848259733318,-93,-61
E01011608,-0.06664534479238883,-0.04740289176706799,34,73
E01011609,-0.0402440368958079,0.044146963293358425,-10,-6
E01011610,-0.10662615957458492,-0.02015568278355583,2,10
E01011611,0.03813488301269595,0.0632668364781755,-35,-15
E01011612,-0.12439205644965895,-0.0896218674950354,61,94
E01011613,-0.12560128268960066,-0.08019937735953314,19,35
E01011614,-0.12276650133092118,0.038647940918645984,4,-19
E01011615,0.0163312052628365,0.12435989978642455,-90,-90
E01011616,-0.020628323785900352,0.015975843944166037,-34,-15
E01011617,0.12114162190833927,0.14066868173687375,-69,-42
E01011618,0.10432516152222948,0.1112867654245127,-28,-8
E01011620,-0.0447769243717629,0.013780338003591663,-9,-2
E01011621,-0.1477849074105351,-0.10328845603685646,7,29
E01011622,-0.051576432704330925,-0.014620217152878322,-11,16
E01011623,0.11557106850825559,0.17647822332254298,-26,-17
E01011624,-0.027147725300039775,0.025610378602294124,-10,-2
E01011625,0.09802383792833577,0.11183331023958337,-11,-2
E01011626,-0.04545963989870766,0.1585281671667404,15,-17
E01011627,-0.028632578634887832,0.0004674552529896927,-36,-7
E01011628,0.055337612221237974,0.012080677673187384,-158,-35
E01011629,0.031842066592976205,0.04828472061042041,-129,-74
E01011630,0.05558025702461974,0.06314175064009131,-67,-18
E01011632,0.009263359726512982,-0.017218166593849872,-29,12
E01011633,-0.04761530676017976,0.0131419924621695,-55,-37
E01011634,-0.08283221885196893,-0.055837941442659626,1,57
E01011635,-0.11888494772944161,-0.0365779357318033,41,39
E01011636,-0.05464152062713738,0.054461947837954,-54,-79
E01011637,0.024367213426176003,0.11481987454807455,-83,-83
E01011638,-0.013014144044420976,0.02875387816608235,-79,-38
E01011639,-0.02943968282304562,-0.025565183971456615,-66,8
E01011641,-0.13204563147190748,0.03307345387308084,11,-42
E01011642,-0.15937739385392982,-0.03452342931395233,45,11
E01011643,-0.22007451284517318,-0.020884353820967164,144,22
E01011644,-0.2263022154628086,-0.09992342864142975,100,80
E01011645,-0.21826176428167518,-0.04700178381245942,183,39
E01011646,-0.09194074131635065,-0.004702438941062037,4,-13
E01011647,-0.22329944009782426,-0.0012980908515798876,23,1
E01011648,-0.17566360116531246,-0.01886538839777487,7,7
E01011649,-0.16614551890145784,-0.025376405481551526,47,17
E01011650,-0.2502489567326633,-0.10186498527434028,222,128
E01011651,-0.1382987180252914,-0.039470763197370376,85,47
E01011652,-0.20545914429940698,-0.05697167487042577,150,62
E01011653,-0.22597045160288076,-0.025360124360707243,182,17
E01011654,-0.18167427561172758,-0.041644000644154536,20,14
E01011655,-0.18665915005295522,-0.04688866143868903,107,78
E01011656,0.021385350233444442,0.015783781960440536,-34,7
E01011657,-0.04772286637011902,-0.028256103881026833,-3,21
E01011658,0.01106208156460665,0.06588682802274089,16,16
E01011659,-0.0032917244278828513,0.02202931757153207,-22,-3
E01011660,0.04792429029004054,0.09924851978368399,-55,-48
E01011661,-0.09298444607944224,-0.006944830492242936,104,62
E01011662,-0.17727082165091332,-0.05261586323827277,22,25
E01011663,-0.010433460352416926,0.05739483810440399,2,-24
E01011664,-0.07970631921559523,-0.03649902622261416,15,49
E01011665,-0.034965321963603656,-0.0029787601350764977,-51,-24
E01011666,0.008939931389895033,0.014902079671159228,-28,5
E01011667,-0.06522240657300699,0.040604178124053696,13,9
E01011668,-0.13581538397373388,0.0763122401292617,30,-12
E01011669,-0.09785692888695882,0.10698185208680343,11,-17
E01011670,-0.18392310890442445,-0.006019516200462125,27,10
E01011671,-0.08367966501498361,0.024647960714325692,48,-13
E01011673,0.06979414304238588,0.14156512806798677,-2,-4
E01011677,0.1950818384347,0.33604538778034015,16,-25
E01011678,-0.3680675507171726,0.07188613648953109,61,-157
E01011681,-0.12905819750036515,0.06692745637880886,94,-56
E01011684,-0.13382826759650543,-0.005528692316326127,35,7
E01011685,-0.1949638802297462,-0.0573770029435955,71,60
E01011686,-0.1060928838561316,-0.05530129453883329,76,62
E01011687,-0.08629827000786851,0.043418135935756476,-11,-35
E01011688,-0.04660894401235454,-0.023418863783826824,-58,11
E01011689,-0.029857622132242353,0.03359991875815116,-54,-49
E01011690,-0.15867894680765368,0.06660362615258011,70,-104
E01011691,-0.09830554302481838,-0.04909714761132998,13,31
E01011692,-0.041692529007970595,0.08837319668893825,-34,-56
E01011693,0.01301713307982551,0.06553943242758747,-73,-58
E01011694,-0.17922665796617626,-0.009461905445036774,60,10
E01011695,-0.04951983723964255,-0.01607624351193697,32,30
E01011696,-0.09945053728195344,0.06592493241201237,-19,-49
E01011697,-0.2046932071377728,-0.09782546148573153,150,157
E01011698,0.07149212119031165,0.08949122173201225,-164,-110
E01011699,-0.09278344386259904,-0.09463698076756169,-23,131
E01011700,-0.22870265071446463,-0.04565668681175999,27,23
E01011701,-0.015484995345467266,0.08278547825666419,-113,-124
E01011702,-0.20032304322782846,0.00018594315379891758,98,1
E01011703,-0.13670758611996325,-0.0674240988317681,42,71
E01011704,-0.17820989938301943,-0.04018594191240278,11,14
E01011705,0.06915022698958875,0.060614827956055585,-199,-91
E01011706,-0.24171875018715705,-0.05745849791065809,208,74
E01011707,-0.07507088172133776,-0.08049956917352377,-19,95
E01011708,-0.13554638154930884,-0.025980542251830187,40,21
E01011709,-0.2015855919680433,-0.06207590019367206,74,56
E01011710,-0.10449065923179467,-0.039490227809837755,-1,39
E01011711,-0.1523269719988811,-0.03937276923897262,74,40
E01011712,-0.22203429997477522,-0.14941971467229026,171,207
E01011713,-0.21229583819948683,-0.03759608516235411,147,38
E01011714,-0.0654081612058161,-0.009938318681443426,-38,2
E01011715,-0.12128382465148073,-0.07063055091692383,33,95
E01011716,-0.12409867294301534,-0.03198251004521612,26,22
E01011717,-0.06602184870969956,-0.017999020831895893,-18,13
E01011718,0.026701671952645303,0.037769847243078906,-86,-7
E01011719,-0.0882604265278512,-0.04959316225624702,-8,43
E01011720,0.04955460747738576,0.06337053985860003,-63,-8
E01011721,0.12686917254158306,0.20856872482137223,-37,-77
E01011722,0.04360790384656863,0.05032700086247248,-74,-23
E01011723,0.06949759073751667,0.1048968062704683,-45,-25
E01011724,0.06753821802563212,0.06296872361686383,-72,-28
E01011725,0.06499447732282755,0.10576138726483011,-28,-39
E01011726,-0.006605767566058119,0.045461714467950436,-32,-36
E01011727,-0.042698689479359744,-0.0200604579961789,-91,-6
E01011728,-0.09857248857188809,-0.013873866085730317,-19,-5
E01011729,0.0031061157191599005,0.043740077971175975,-30,-14
E01011730,-0.02527800129948689,0.07816447942192431,5,-37
E01011731,-0.03190958310016264,0.04026833594146973,-72,-82
E01011732,-0.028151407202844116,0.03956581062189818,-90,-91
E01011733,-0.021341559595250158,0.057355316677560234,-68,-113
E01011734,-0.07878416465479579,0.0010888204851441533,-13,3
E01011735,-2.473785407591982e-05,0.03351623486884609,9,14
E01011736,-0.04306300508545845,0.025729382419427568,-51,-51
E01011737,0.06129384260925511,0.09428014287490769,-97,-64
E01011738,-0.057549206518232025,-0.028335308187089178,-49,11
E01011739,0.08665794974839439,0.07474791958322359,-104,-46
E01032487,-0.015989486723668924,0.00013968117350159198,-43,4
E01032488,-0.10491034749716999,-0.021874530233503522,-3,2
E01032489,-0.02741629155455824,0.03359218483394507,-48,-22
E01032490,-0.06050480892384745,-0.04892724147600575,-50,41
E01032491,-0.033883049851780506,-0.0234112593971559,-90,18
E01032492,0.07509124851511563,0.19101172760897503,-85,-180
E01032493,0.06082981161809166,0.055705190363385705,-265,-144
E01032494,-0.0486115727358099,0.02821072879757401,-1,-19
E01032496,-0.03280502119245187,-0.024396216703107577,-50,-4
E01032497,-0.08587945443042284,-0.04187158520819461,24,35
E01032498,-0.09632269524145971,-0.04574393720548075,5,38
E01032499,-0.06491931934623704,-0.00473492738060753,-18,3
E01032500,0.014434614013789955,0.07122678478309716,-14,6
E01032501,-0.06009647549598992,-0.05042196355287067,-27,30
E01032502,0.025555143707320288,0.01885676703702715,-71,-13
E01032503,-0.2692740740585108,-0.12441998223006281,216,200
E01032504,-0.19312806642293842,-0.08806914146082166,6,32
E01032606,-0.13383220384038805,-0.052105482462932756,-3,3
E01032607,-0.12760769590004564,0.06132806955186596,104,-63
E01032608,-0.1125419814650327,-0.11325585682603073,29,95
E01032876,-0.1261900926729607,0.0792625650660782,26,-87
E01032946,-0.13744256836652735,0.1208103904598153,96,-118
E01033002,-0.1410414696083533,0.0768189102524323,2,0
E01033003,-0.1006697096033495,0.05060483849896964,-1,1
E01033008,-0.5085635733367174,-0.2124493813923867,41,36
E01033010,-0.6398164394260648,-0.32641144857187054,150,143
E01033011,-0.03658667521936084,0.19728736982094505,0,0
E01033013,0.17084248829617327,0.4828005512544072,35,-51
E01033015,0.04208861705414338,0.2720651825563572,32,19
E01033016,-0.3897538425716799,-0.14103770380650651,8,7
E01033021,0.028923244173293877,0.18943199983160833,-7,-8
E01033031,-0.22298051818443448,-0.01084519103386266,116,80
E01033033,0.31829893375293866,0.38484679976552627,-5,-2
E01033034,-0.12114528250887517,0.14048069020357634,-1,-3
E01033035,0.28121103028064437,0.29272006886136154,78,42
E01035040,-0.3386223563826533,-0.08462358264752955,16,5
E01035041,-0.22172683595347353,0.08694588094349065,110,-31
E01035042,-0.4364006165696061,-0.20277153976811804,292,235
E01035043,-0.2528844531305608,-0.03590317964944133,209,22
E01035044,-0.5028648489796287,-0.2481212107079901,149,56
E01035045,-0.43811382872064414,-0.1084080225686687,283,84
E01035046,-0.03617965884551684,0.22532034072772472,107,54
E01035047,-0.08414945215288917,0.1201929855704549,7,-3
E01035048,-0.047586814946620294,0.005526568243286771,-11,-3
E01035049,-0.04481341502295793,0.02935526164248327,-1,0
E01035050,-0.06397169151685766,0.0038151261801318112,-11,-1
E01035051,-0.05448233286430006,-0.03989532228973626,-28,11
E01035052,0.006816339849609448,0.07469008370787152,-18,-16
E01035053,-0.027307233515614735,0.058709855243753196,-9,-4
E01035054,-0.0501059040148675,0.16563282426749137,77,36
