lsoa21cd,households_2021,epc_dwellings,epc_recent10y,elec_meters_2024,gas_meters_2024,epc_coverage,gas_share
E01011264,573,326,205,576,578.0,0.568935427574171,1.0034722222222223
E01011265,910,806,582,942,916.0,0.8857142857142857,0.9723991507430998
E01011266,1139,910,593,1144,962.0,0.7989464442493416,0.8409090909090909
E01011267,725,577,346,731,736.0,0.7958620689655173,1.0068399452804377
E01011268,630,539,375,654,593.0,0.8555555555555555,0.9067278287461774
E01011269,756,601,442,729,696.0,0.794973544973545,0.9547325102880658
E01011270,676,355,221,579,566.0,0.5251479289940828,0.9775474956822107
E01011271,892,613,365,907,908.0,0.6872197309417041,1.0011025358324146
E01011272,566,322,199,565,578.0,0.568904593639576,1.023008849557522
E01011273,726,543,368,734,737.0,0.7479338842975206,1.0040871934604905
E01011274,669,535,372,709,631.0,0.7997010463378177,0.8899858956276445
E01011275,610,417,248,625,612.0,0.6836065573770492,0.9792
E01011276,793,652,500,852,710.0,0.8221941992433796,0.8333333333333334
E01011277,642,462,272,652,653.0,0.719626168224299,1.0015337423312884
E01011278,740,529,360,754,731.0,0.7148648648648649,0.9694960212201591
E01011279,578,399,278,596,515.0,0.6903114186851211,0.8640939597315436
E01011280,843,615,351,878,866.0,0.7295373665480427,0.9863325740318907
E01011281,902,749,522,909,921.0,0.8303769401330376,1.0132013201320131
E01011282,617,492,344,644,618.0,0.7974068071312804,0.9596273291925466
E01011283,633,507,318,646,628.0,0.8009478672985783,0.9721362229102167
E01011284,1090,941,788,987,879.0,0.863302752293578,0.8905775075987842
E01011286,587,371,240,562,553.0,0.6320272572402045,0.9839857651245552
E01011287,653,487,371,682,634.0,0.7457886676875957,0.9296187683284457
E01011292,958,821,676,928,581.0,0.8569937369519833,0.6260775862068966
E01011293,848,699,566,804,643.0,0.8242924528301887,0.7997512437810945
E01011294,489,404,285,465,458.0,0.8261758691206544,0.9849462365591398
E01011295,748,608,325,743,602.0,0.8128342245989305,0.8102288021534321
E01011296,775,477,296,789,782.0,0.6154838709677419,0.991128010139417
E01011297,706,630,472,877,820.0,0.8923512747875354,0.935005701254276
E01011298,699,935,775,1135,1085.0,1.3376251788268956,0.9559471365638766
E01011299,1165,961,677,1249,1161.0,0.8248927038626609,0.9295436349079264
E01011300,618,383,240,632,628.0,0.6197411003236246,0.9936708860759493
E01011301,553,319,193,551,556.0,0.5768535262206148,1.0090744101633393
E01011302,778,512,394,820,823.0,0.6580976863753213,1.0036585365853659
E01011303,498,327,213,500,499.0,0.6566265060240963,0.998
E01011304,701,538,382,751,609.0,0.7674750356633381,0.810918774966711
E01011305,656,478,271,683,671.0,0.7286585365853658,0.9824304538799414
E01011306,544,333,195,556,557.0,0.6121323529411765,1.0017985611510791
E01011307,651,391,257,652,657.0,0.6006144393241167,1.0076687116564418
E01011308,660,440,278,695,667.0,0.6666666666666666,0.9597122302158273
E01011309,662,413,259,677,630.0,0.6238670694864048,0.930576070901034
E01011310,732,479,317,754,729.0,0.6543715846994536,0.96684350132626
E01011311,483,329,193,517,452.0,0.6811594202898551,0.874274661508704
E01011312,752,745,659,720,626.0,0.9906914893617021,0.8694444444444445
E01011313,651,543,443,670,653.0,0.8341013824884793,0.9746268656716418
E01011314,671,545,420,683,668.0,0.812220566318927,0.9780380673499268
E01011315,657,532,384,714,683.0,0.8097412480974124,0.9565826330532213
E01011316,696,685,589,618,557.0,0.9841954022988506,0.901294498381877
E01011317,883,694,471,911,726.0,0.7859569648924122,0.7969264544456641
E01011318,642,490,286,653,521.0,0.7632398753894081,0.7978560490045942
E01011319,617,452,326,630,618.0,0.7325769854132901,0.9809523809523809
E01011320,687,448,309,674,692.0,0.6521106259097526,1.0267062314540059
E01011321,664,491,292,657,669.0,0.7394578313253012,1.0182648401826484
E01011322,688,505,390,701,744.0,0.7340116279069767,1.0613409415121255
E01011323,612,446,278,631,614.0,0.7287581699346405,0.9730586370839936
E01011324,550,436,264,535,538.0,0.7927272727272727,1.005607476635514
E01011325,751,583,356,771,728.0,0.7762982689747004,0.9442282749675746
E01011326,629,504,302,654,629.0,0.8012718600953895,0.9617737003058104
E01011327,655,479,275,636,569.0,0.7312977099236642,0.8946540880503144
E01011328,707,535,314,711,671.0,0.7567185289957568,0.9437412095639943
E01011329,696,435,294,711,666.0,0.625,0.9367088607594937
E01011330,583,424,277,600,585.0,0.7272727272727273,0.975
E01011331,634,536,389,662,616.0,0.8454258675078864,0.9305135951661632
E01011332,690,568,357,719,708.0,0.8231884057971014,0.9847009735744089
E01011333,634,449,299,626,618.0,0.7082018927444795,0.987220447284345
E01011334,690,635,484,730,622.0,0.9202898550724637,0.852054794520548
E01011335,821,620,415,833,787.0,0.7551766138855055,0.9447779111644657
E01011336,829,701,487,881,685.0,0.8455971049457177,0.7775255391600454
E01011337,567,456,221,570,573.0,0.8042328042328042,1.0052631578947369
E01011338,807,596,461,752,483.0,0.7385377942998761,0.6422872340425532
E01011339,862,718,569,836,538.0,0.8329466357308585,0.6435406698564593
E01011340,674,531,380,659,616.0,0.787833827893175,0.9347496206373292
E01011341,872,702,556,961,943.0,0.805045871559633,0.9812695109261186
E01011342,659,515,331,666,665.0,0.7814871016691958,0.9984984984984985
E01011343,932,928,696,1106,986.0,0.9957081545064378,0.891500904159132
E01011344,834,787,669,819,805.0,0.9436450839328537,0.9829059829059829
E01011345,673,555,416,829,783.0,0.8246656760772659,0.9445114595898673
E01011346,792,734,490,829,629.0,0.9267676767676768,0.758745476477684
E01011347,785,750,627,782,775.0,0.9554140127388535,0.9910485933503836
E01011348,681,625,440,682,600.0,0.9177679882525698,0.8797653958944281
E01011349,926,760,578,960,456.0,0.8207343412526998,0.475
E01011350,681,487,334,723,671.0,0.7151248164464024,0.9280774550484094
E01011351,907,729,545,929,892.0,0.8037486218302095,0.9601722282023681
E01011352,964,881,691,985,956.0,0.9139004149377593,0.9705583756345177
E01011353,849,631,455,913,854.0,0.7432273262661955,0.9353778751369113
E01011354,659,616,432,881,721.0,0.9347496206373292,0.8183881952326901
E01011355,607,460,325,630,594.0,0.7578253706754531,0.9428571428571428
E01011356,938,770,550,1006,782.0,0.8208955223880597,0.7773359840954275
E01011357,910,780,548,975,843.0,0.8571428571428571,0.8646153846153846
E01011358,716,534,377,726,605.0,0.7458100558659218,0.8333333333333334
E01011359,833,639,485,788,601.0,0.7671068427370948,0.7626903553299492
E01011360,753,656,429,772,762.0,0.8711819389110226,0.9870466321243523
E01011361,1142,1086,772,1281,1183.0,0.9509632224168126,0.9234972677595629
E01011362,1033,982,798,975,720.0,0.9506292352371732,0.7384615384615385
E01011363,862,856,541,924,641.0,0.9930394431554525,0.6937229437229437
E01011364,877,848,518,774,711.0,0.9669327251995439,0.9186046511627907
E01011366,784,792,652,833,805.0,1.010204081632653,0.9663865546218487
E01011368,719,744,641,727,706.0,1.0347705146036161,0.9711141678129298
E01011369,740,561,441,751,641.0,0.7581081081081081,0.8535286284953395
E01011370,687,611,466,612,575.0,0.8893740902474527,0.9395424836601307
E01011371,755,726,527,847,702.0,0.9615894039735099,0.8288075560802833
E01011372,581,640,519,571,527.0,1.1015490533562822,0.9229422066549913
E01011373,591,511,347,579,542.0,0.8646362098138748,0.9360967184801382
E01011374,594,559,481,606,583.0,0.9410774410774411,0.9620462046204621
E01011375,689,782,652,730,633.0,1.1349782293178519,0.8671232876712329
E01011376,678,504,353,772,763.0,0.7433628318584071,0.9883419689119171
E01011377,606,411,276,627,631.0,0.6782178217821783,1.0063795853269537
E01011378,701,559,428,712,633.0,0.797432239657632,0.8890449438202247
E01011379,760,615,370,827,778.0,0.8092105263157895,0.9407496977025392
E01011380,675,458,286,678,674.0,0.6785185185185185,0.9941002949852508
E01011381,566,463,310,663,658.0,0.8180212014134276,0.9924585218702866
E01011382,744,498,331,737,737.0,0.6693548387096774,1.0
E01011383,754,606,390,772,743.0,0.8037135278514589,0.9624352331606217
E01011384,665,476,291,666,638.0,0.7157894736842105,0.9579579579579579
E01011385,533,386,267,587,600.0,0.724202626641651,1.0221465076660987
E01011386,748,571,400,748,753.0,0.7633689839572193,1.0066844919786095
E01011388,731,693,495,890,874.0,0.948016415868673,0.9820224719101124
E01011390,602,395,216,617,634.0,0.6561461794019934,1.027552674230146
E01011391,718,451,262,738,730.0,0.628133704735376,0.989159891598916
E01011392,814,542,327,774,798.0,0.6658476658476659,1.0310077519379846
E01011393,905,710,521,952,944.0,0.7845303867403315,0.9915966386554622
E01011394,492,330,224,522,504.0,0.6707317073170732,0.9655172413793104
E01011395,463,314,178,464,464.0,0.6781857451403888,1.0
E01011396,895,682,496,887,789.0,0.7620111731843575,0.8895152198421646
E01011397,608,328,208,600,607.0,0.5394736842105263,1.0116666666666667
E01011398,493,253,154,485,482.0,0.513184584178499,0.9938144329896907
E01011399,623,404,262,635,635.0,0.6484751203852327,1.0
E01011400,604,333,215,618,643.0,0.5513245033112583,1.0404530744336569
E01011401,712,533,431,825,823.0,0.7485955056179775,0.9975757575757576
E01011402,882,672,420,1027,1001.0,0.7619047619047619,0.9746835443037974
E01011403,670,462,332,680,654.0,0.6895522388059702,0.961764705882353
E01011404,543,272,152,472,462.0,0.5009208103130756,0.9788135593220338
E01011405,663,424,250,685,685.0,0.6395173453996983,1.0
E01011406,585,354,236,603,605.0,0.6051282051282051,1.0033167495854063
E01011407,663,445,314,675,629.0,0.6711915535444947,0.9318518518518518
E01011408,766,514,360,782,777.0,0.6710182767624021,0.9936061381074168
E01011409,663,548,426,632,619.0,0.8265460030165912,0.9794303797468354
E01011410,779,565,363,784,750.0,0.7252888318356868,0.9566326530612245
E01011411,733,718,567,954,956.0,0.9795361527967258,1.0020964360587001
E01011412,797,574,372,843,859.0,0.7202007528230866,1.018979833926453
E01011413,593,336,210,593,587.0,0.5666104553119731,0.9898819561551433
E01011414,643,383,263,631,623.0,0.5956454121306376,0.9873217115689382
E01011415,731,515,363,758,716.0,0.7045143638850889,0.9445910290237467
E01011416,617,397,262,608,606.0,0.6434359805510534,0.9967105263157895
E01011417,739,471,331,762,681.0,0.6373477672530447,0.8937007874015748
E01011418,624,375,253,622,623.0,0.6009615384615384,1.0016077170418007
E01011419,497,278,159,512,512.0,0.5593561368209256,1.0
E01011420,629,399,258,718,792.0,0.6343402225755167,1.1030640668523677
E01011421,597,504,340,622,586.0,0.8442211055276382,0.9421221864951769
E01011422,548,538,387,579,503.0,0.9817518248175182,0.8687392055267703
E01011423,607,457,300,639,630.0,0.7528830313014827,0.9859154929577465
E01011424,575,412,223,545,542.0,0.7165217391304348,0.9944954128440368
E01011425,606,387,248,617,625.0,0.6386138613861386,1.012965964343598
E01011426,495,540,375,615,544.0,1.0909090909090908,0.8845528455284553
E01011427,583,508,282,624,608.0,0.8713550600343053,0.9743589743589743
E01011428,648,648,501,683,653.0,1.0,0.9560761346998536
E01011429,741,739,532,813,687.0,0.9973009446693657,0.8450184501845018
E01011430,487,457,340,491,499.0,0.9383983572895277,1.0162932790224033
E01011431,832,749,417,819,715.0,0.9002403846153846,0.873015873015873
E01011432,568,581,462,589,593.0,1.022887323943662,1.0067911714770799
E01011433,688,727,628,713,672.0,1.056686046511628,0.9424964936886395
E01011434,657,688,581,710,701.0,1.0471841704718416,0.9873239436619718
E01011435,606,614,571,569,519.0,1.0132013201320131,0.9121265377855887
E01011440,664,620,535,670,589.0,0.9337349397590361,0.8791044776119403
E01011441,686,680,572,692,595.0,0.9912536443148688,0.8598265895953757
E01011442,627,580,529,574,495.0,0.9250398724082934,0.8623693379790941
E01011443,718,850,801,610,521.0,1.1838440111420614,0.8540983606557377
E01011444,624,714,656,666,541.0,1.1442307692307692,0.8123123123123123
E01011445,474,458,435,461,460.0,0.9662447257383966,0.9978308026030369
E01011446,510,488,426,472,415.0,0.9568627450980393,0.8792372881355932
E01011447,433,408,367,444,436.0,0.9422632794457275,0.9819819819819819
E01011448,479,493,455,493,453.0,1.0292275574112735,0.9188640973630832
E01011449,613,605,554,634,632.0,0.9869494290375204,0.9968454258675079
E01011450,519,424,246,553,545.0,0.8169556840077071,0.9855334538878843
E01011451,526,481,403,513,396.0,0.9144486692015209,0.7719298245614035
E01011452,659,427,298,758,621.0,0.6479514415781487,0.8192612137203166
E01011453,707,479,332,695,640.0,0.6775106082036775,0.920863309352518
E01011454,684,513,356,697,721.0,0.75,1.0344332855093257
E01011455,478,278,170,478,470.0,0.5815899581589958,0.9832635983263598
E01011456,671,446,283,686,611.0,0.6646795827123696,0.89067055393586
E01011457,621,433,297,623,609.0,0.6972624798711755,0.9775280898876404
E01011458,1020,847,636,1030,1039.0,0.8303921568627451,1.0087378640776699
E01011459,767,618,450,817,804.0,0.8057366362451108,0.9840881272949816
E01011460,656,499,359,669,652.0,0.760670731707317,0.9745889387144993
E01011461,613,340,210,620,614.0,0.5546492659053833,0.9903225806451613
E01011462,727,503,316,703,695.0,0.6918844566712518,0.9886201991465149
E01011463,755,563,362,827,784.0,0.7456953642384105,0.9480048367593712
E01011464,901,748,605,928,689.0,0.8301886792452831,0.7424568965517241
E01011465,836,712,487,884,768.0,0.8516746411483254,0.8687782805429864
E01011466,640,491,320,685,649.0,0.7671875,0.9474452554744526
E01011467,815,1003,816,1089,606.0,1.2306748466257669,0.5564738292011019
E01011468,918,922,516,991,827.0,1.0043572984749456,0.834510595358224
E01011469,632,372,233,634,625.0,0.5886075949367089,0.9858044164037855
E01011470,600,451,294,618,639.0,0.7516666666666667,1.0339805825242718
E01011471,662,546,410,651,642.0,0.824773413897281,0.9861751152073732
E01011472,715,569,377,736,734.0,0.7958041958041958,0.9972826086956522
E01011473,615,523,342,641,568.0,0.8504065040650407,0.8861154446177847
E01011474,657,510,293,691,679.0,0.776255707762557,0.9826338639652678
E01011475,699,565,341,730,666.0,0.8082975679542204,0.9123287671232877
E01011476,493,383,233,523,488.0,0.7768762677484787,0.9330783938814532
E01011477,917,885,759,1072,742.0,0.965103598691385,0.6921641791044776
E01011478,808,705,604,826,673.0,0.8725247524752475,0.8147699757869249
E01011479,617,517,460,552,554.0,0.8379254457050244,1.0036231884057971
E01011480,648,495,338,685,674.0,0.7638888888888888,0.983941605839416
E01011481,710,776,651,794,610.0,1.0929577464788733,0.7682619647355163
E01011482,872,757,618,839,843.0,0.8681192660550459,1.0047675804529201
E01011483,698,660,532,748,664.0,0.9455587392550143,0.8877005347593583
E01011484,666,489,281,674,656.0,0.7342342342342343,0.973293768545994
E01011485,765,606,379,771,658.0,0.792156862745098,0.8534370946822308
E01011488,701,636,513,736,719.0,0.9072753209700428,0.9769021739130435
E01011489,862,719,532,866,659.0,0.834106728538283,0.7609699769053118
E01011491,606,444,292,646,566.0,0.7326732673267327,0.8761609907120743
E01011492,660,607,462,742,590.0,0.9196969696969697,0.7951482479784366
E01011493,665,530,375,710,587.0,0.7969924812030075,0.8267605633802817
E01011494,628,511,277,659,645.0,0.8136942675159236,0.9787556904400607
E01011496,606,433,300,650,649.0,0.7145214521452146,0.9984615384615385
E01011497,679,516,334,723,680.0,0.759941089837997,0.9405255878284924
E01011500,687,449,271,705,716.0,0.653566229985444,1.0156028368794325
E01011502,587,399,228,600,600.0,0.6797274275979557,1.0
E01011504,749,569,304,725,574.0,0.7596795727636849,0.7917241379310345
E01011505,649,449,283,700,659.0,0.6918335901386748,0.9414285714285714
E01011506,525,337,218,523,519.0,0.6419047619047619,0.9923518164435946
E01011507,664,434,271,678,679.0,0.6536144578313253,1.0014749262536873
E01011508,472,324,209,495,501.0,0.6864406779661016,1.0121212121212122
E01011509,643,474,302,668,623.0,0.7371695178849145,0.9326347305389222
E01011510,835,875,596,979,592.0,1.0479041916167664,0.6046986721144024
E01011511,534,421,293,553,496.0,0.7883895131086143,0.8969258589511754
E01011512,715,603,431,759,689.0,0.8433566433566434,0.9077733860342556
E01011513,967,733,511,973,835.0,0.7580144777662875,0.8581706063720452
E01011514,648,472,305,668,554.0,0.7283950617283951,0.8293413173652695
E01011515,660,492,356,652,633.0,0.7454545454545455,0.9708588957055214
E01011516,660,409,256,652,649.0,0.6196969696969697,0.995398773006135
E01011517,748,573,353,764,745.0,0.766042780748663,0.975130890052356
E01011518,1004,765,491,1000,1010.0,0.7619521912350598,1.01
E01011519,679,445,268,671,651.0,0.6553755522827688,0.970193740685544
E01011520,672,422,268,670,653.0,0.6279761904761905,0.9746268656716418
E01011521,997,915,657,1295,1322.0,0.917753259779338,1.0208494208494208
E01011522,591,356,230,595,618.0,0.6023688663282571,1.038655462184874
E01011523,816,604,392,847,826.0,0.7401960784313726,0.9752066115702479
E01011524,556,371,240,563,604.0,0.6672661870503597,1.0728241563055063
E01011525,697,510,345,720,685.0,0.7317073170731707,0.9513888888888888
E01011526,491,295,174,496,499.0,0.6008146639511202,1.0060483870967742
E01011527,774,438,274,770,714.0,0.5658914728682171,0.9272727272727272
E01011528,620,389,246,632,634.0,0.6274193548387097,1.0031645569620253
E01011529,585,355,222,583,585.0,0.6068376068376068,1.0034305317324186
E01011530,638,475,307,683,678.0,0.7445141065830722,0.9926793557833089
E01011531,770,508,294,872,855.0,0.6597402597402597,0.9805045871559633
E01011532,705,461,323,687,708.0,0.6539007092198581,1.0305676855895196
E01011533,750,573,418,765,623.0,0.764,0.8143790849673203
E01011534,1019,913,706,1108,1086.0,0.8959764474975466,0.98014440433213
E01011535,687,492,322,738,736.0,0.7161572052401747,0.997289972899729
E01011536,705,434,256,742,733.0,0.6156028368794326,0.9878706199460916
E01011537,967,624,436,988,1005.0,0.6452947259565667,1.0172064777327936
E01011538,691,811,653,941,941.0,1.1736613603473227,1.0
E01011540,874,745,555,968,971.0,0.8524027459954233,1.003099173553719
E01011541,1187,1073,880,1237,844.0,0.9039595619208087,0.6822958771220695
E01011545,665,490,330,685,660.0,0.7368421052631579,0.9635036496350365
E01011546,783,584,401,804,783.0,0.7458492975734355,0.9738805970149254
E01011547,940,723,469,938,884.0,0.7691489361702127,0.9424307036247335
E01011548,642,424,273,655,660.0,0.660436137071651,1.0076335877862594
E01011549,517,346,147,507,517.0,0.6692456479690522,1.0197238658777121
E01011550,562,331,205,571,580.0,0.5889679715302492,1.0157618213660244
E01011551,731,523,347,740,732.0,0.7154582763337893,0.9891891891891892
E01011552,601,400,245,603,606.0,0.6655574043261231,1.0049751243781095
E01011553,611,418,240,619,630.0,0.6841243862520459,1.0177705977382876
E01011554,586,399,267,605,527.0,0.6808873720136519,0.8710743801652893
E01011555,564,343,229,577,569.0,0.6081560283687943,0.9861351819757366
E01011556,791,691,468,864,659.0,0.8735777496839444,0.7627314814814815
E01011557,612,429,298,636,514.0,0.7009803921568627,0.8081761006289309
E01011558,735,596,366,752,712.0,0.8108843537414966,0.9468085106382979
E01011559,591,512,290,602,560.0,0.8663282571912013,0.9302325581395349
E01011560,866,753,431,847,659.0,0.8695150115473441,0.7780401416765053
E01011561,529,406,275,575,438.0,0.7674858223062382,0.7617391304347826
E01011562,625,417,274,638,629.0,0.6672,0.9858934169278997
E01011563,611,457,310,666,620.0,0.7479541734860884,0.9309309309309309
E01011564,608,376,250,617,618.0,0.618421052631579,1.0016207455429498
E01011565,592,421,272,617,601.0,0.7111486486486487,0.9740680713128039
E01011566,555,392,283,575,541.0,0.7063063063063063,0.9408695652173913
E01011567,560,408,251,587,581.0,0.7285714285714285,0.989778534923339
E01011568,906,639,406,933,829.0,0.7052980132450332,0.8885316184351554
E01011569,898,730,516,967,834.0,0.8129175946547884,0.8624612202688728
E01011570,965,688,433,985,928.0,0.7129533678756477,0.9421319796954315
E01011571,756,533,402,783,719.0,0.705026455026455,0.9182630906768838
E01011572,828,541,376,844,828.0,0.6533816425120773,0.981042654028436
E01011573,543,346,222,553,544.0,0.6372007366482505,0.9837251356238698
E01011574,697,529,363,719,666.0,0.7589670014347202,0.9262865090403338
E01011576,580,416,268,590,467.0,0.7172413793103448,0.7915254237288135
E01011578,618,416,294,658,614.0,0.6731391585760518,0.9331306990881459
E01011579,520,344,240,522,532.0,0.6615384615384615,1.0191570881226053
E01011580,620,412,258,624,623.0,0.6645161290322581,0.9983974358974359
E01011581,731,512,365,759,756.0,0.7004103967168263,0.9960474308300395
E01011582,745,591,319,774,705.0,0.7932885906040269,0.9108527131782945
E01011583,648,381,223,627,627.0,0.5879629629629629,1.0
E01011584,760,542,368,785,728.0,0.7131578947368421,0.9273885350318471
E01011585,670,470,307,674,670.0,0.7014925373134329,0.9940652818991098
E01011586,699,570,319,764,726.0,0.8154506437768241,0.9502617801047121
E01011587,794,603,420,806,823.0,0.7594458438287154,1.021091811414392
E01011588,708,508,328,740,715.0,0.7175141242937854,0.9662162162162162
E01011589,700,561,394,725,684.0,0.8014285714285714,0.9434482758620689
E01011590,662,381,226,633,625.0,0.5755287009063444,0.9873617693522907
E01011591,830,659,489,867,813.0,0.7939759036144578,0.9377162629757786
E01011592,794,596,392,820,791.0,0.7506297229219143,0.9646341463414634
E01011593,853,586,381,852,864.0,0.6869871043376319,1.0140845070422535
E01011594,630,427,249,613,607.0,0.6777777777777778,0.9902120717781403
E01011595,803,571,404,770,643.0,0.7110834371108343,0.8350649350649351
E01011596,781,578,383,819,806.0,0.7400768245838668,0.9841269841269841
E01011597,561,392,243,574,585.0,0.6987522281639929,1.019163763066202
E01011598,753,547,392,776,752.0,0.7264276228419655,0.9690721649484536
E01011599,706,529,383,710,697.0,0.7492917847025495,0.9816901408450704
E01011600,691,483,300,713,713.0,0.6989869753979739,1.0
E01011601,665,513,338,720,653.0,0.7714285714285715,0.9069444444444444
E01011602,911,727,447,931,869.0,0.7980241492864983,0.9334049409237379
E01011603,709,473,326,704,708.0,0.6671368124118476,1.0056818181818181
E01011604,624,468,314,650,570.0,0.75,0.8769230769230769
E01011605,715,479,272,737,744.0,0.66993006993007,1.0094979647218454
E01011606,762,662,510,956,941.0,0.868766404199475,0.9843096234309623
E01011607,710,495,331,737,721.0,0.6971830985915493,0.9782903663500678
E01011608,597,418,259,597,532.0,0.7001675041876047,0.8911222780569514
E01011609,659,496,383,674,468.0,0.7526555386949925,0.6943620178041543
E01011610,694,509,356,714,654.0,0.7334293948126801,0.9159663865546218
E01011611,621,451,244,625,599.0,0.7262479871175523,0.9584
E01011612,742,602,426,775,722.0,0.8113207547169812,0.9316129032258065
E01011613,695,527,263,695,685.0,0.758273381294964,0.9856115107913669
E01011614,854,594,415,850,720.0,0.6955503512880562,0.8470588235294118
E01011615,650,472,346,669,665.0,0.7261538461538461,0.9940209267563528
E01011616,697,578,282,803,793.0,0.8292682926829268,0.987546699875467
E01011617,685,480,288,714,716.0,0.7007299270072993,1.0028011204481793
E01011618,710,616,488,763,734.0,0.8676056338028169,0.9619921363040629
E01011620,495,411,261,623,626.0,0.8303030303030303,1.0048154093097914
E01011621,594,466,314,632,665.0,0.7845117845117845,1.0522151898734178
E01011622,703,580,388,762,763.0,0.8250355618776671,1.0013123359580052
E01011623,701,640,520,732,710.0,0.912981455064194,0.9699453551912568
E01011624,727,612,414,777,685.0,0.8418156808803301,0.8815958815958816
E01011625,730,659,530,731,742.0,0.9027397260273973,1.015047879616963
E01011626,1168,1292,1105,1104,703.0,1.106164383561644,0.6367753623188406
E01011627,586,395,253,613,608.0,0.674061433447099,0.9918433931484503
E01011628,584,347,222,607,612.0,0.5941780821917808,1.0082372322899507
E01011629,625,425,290,622,616.0,0.68,0.9903536977491961
E01011630,894,611,398,878,876.0,0.6834451901565995,0.9977220956719818
E01011632,597,441,273,613,613.0,0.7386934673366834,1.0
E01011633,642,417,265,660,682.0,0.6495327102803738,1.0333333333333334
E01011634,678,439,282,677,682.0,0.6474926253687315,1.0073855243722305
E01011635,773,634,435,756,776.0,0.8201811125485123,1.0264550264550265
E01011636,838,630,455,902,911.0,0.7517899761336515,1.0099778270509978
E01011637,724,532,382,827,834.0,0.7348066298342542,1.0084643288996373
E01011638,623,355,223,622,598.0,0.5698234349919743,0.9614147909967846
E01011639,638,439,271,662,664.0,0.6880877742946708,1.0030211480362539
E01011641,613,424,281,638,591.0,0.6916802610114192,0.9263322884012539
E01011642,492,341,205,528,530.0,0.693089430894309,1.003787878787879
E01011643,633,518,348,661,566.0,0.8183254344391785,0.8562783661119516
E01011644,558,453,334,579,494.0,0.8118279569892473,0.853195164075993
E01011645,617,495,352,642,599.0,0.8022690437601296,0.9330218068535826
E01011646,651,456,297,669,653.0,0.7004608294930875,0.976083707025411
E01011647,542,381,234,517,474.0,0.7029520295202952,0.9168278529980658
E01011648,578,385,224,582,588.0,0.6660899653979239,1.0103092783505154
E01011649,657,408,279,697,636.0,0.6210045662100456,0.9124820659971306
E01011650,603,416,278,622,586.0,0.6898839137645107,0.9421221864951769
E01011651,638,498,353,662,634.0,0.780564263322884,0.9577039274924471
E01011652,560,333,234,529,451.0,0.5946428571428571,0.8525519848771267
E01011653,633,589,445,676,554.0,0.9304897314375987,0.8195266272189349
E01011654,532,346,207,533,538.0,0.650375939849624,1.0093808630393997
E01011655,724,623,439,775,596.0,0.8604972375690608,0.7690322580645161
E01011656,638,487,308,619,624.0,0.7633228840125392,1.0080775444264944
E01011657,605,480,275,635,632.0,0.7933884297520661,0.9952755905511811
E01011658,753,867,765,854,634.0,1.151394422310757,0.7423887587822015
E01011659,663,541,309,656,600.0,0.8159879336349924,0.9146341463414634
E01011660,757,693,513,767,708.0,0.9154557463672391,0.9230769230769231
E01011661,878,862,614,901,577.0,0.9817767653758542,0.6403995560488346
E01011662,518,640,523,762,689.0,1.2355212355212355,0.9041994750656168
E01011663,591,532,311,601,609.0,0.9001692047377327,1.0133111480865225
E01011664,578,576,425,646,598.0,0.9965397923875432,0.9256965944272446
E01011665,648,434,279,645,639.0,0.6697530864197531,0.9906976744186047
E01011666,595,335,215,611,612.0,0.5630252100840336,1.0016366612111294
E01011667,543,545,386,633,539.0,1.003683241252302,0.8515007898894155
E01011668,598,543,499,595,568.0,0.9080267558528428,0.9546218487394958
E01011669,523,498,408,529,466.0,0.9521988527724665,0.8809073724007561
E01011670,783,945,694,876,689.0,1.206896551724138,0.7865296803652968
E01011671,639,601,341,672,635.0,0.9405320813771518,0.9449404761904762
E01011673,788,827,660,822,744.0,1.049492385786802,0.9051094890510949
E01011677,781,772,670,851,439.0,0.9884763124199744,0.5158636897767332
E01011678,857,1155,1029,795,548.0,1.3477246207701283,0.6893081761006289
E01011681,641,679,560,866,611.0,1.0592823712948518,0.7055427251732102
E01011684,646,530,342,664,657.0,0.8204334365325078,0.9894578313253012
E01011685,849,742,541,899,841.0,0.8739693757361602,0.9354838709677419
E01011686,801,793,563,1016,825.0,0.9900124843945068,0.812007874015748
E01011687,588,409,262,604,592.0,0.6955782312925171,0.9801324503311258
E01011688,609,468,334,588,592.0,0.7684729064039408,1.0068027210884354
E01011689,799,538,378,772,718.0,0.6733416770963705,0.9300518134715026
E01011690,664,560,410,706,524.0,0.8433734939759037,0.7422096317280453
E01011691,690,598,498,700,617.0,0.8666666666666667,0.8814285714285715
E01011692,719,587,436,729,656.0,0.8164116828929068,0.8998628257887518
E01011693,758,696,528,788,747.0,0.9182058047493403,0.9479695431472082
E01011694,732,578,453,693,621.0,0.7896174863387978,0.8961038961038961
E01011695,727,639,361,750,648.0,0.8789546079779917,0.864
E01011696,657,478,295,731,741.0,0.7275494672754946,1.0136798905608755
E01011697,688,619,412,824,803.0,0.8997093023255814,0.9745145631067961
E01011698,632,365,242,645,639.0,0.5775316455696202,0.9906976744186047
E01011699,576,354,251,586,584.0,0.6145833333333334,0.9965870307167235
E01011700,603,476,356,640,529.0,0.7893864013266998,0.8265625
E01011701,597,442,328,668,663.0,0.7403685092127303,0.9925149700598802
E01011702,665,514,387,681,659.0,0.7729323308270677,0.9676945668135095
E01011703,565,312,200,572,541.0,0.552212389380531,0.9458041958041958
E01011704,1146,1027,766,1251,1072.0,0.8961605584642234,0.8569144684252598
E01011705,642,461,278,658,662.0,0.7180685358255452,1.006079027355623
E01011706,617,434,269,639,601.0,0.7034035656401945,0.9405320813771518
E01011707,593,391,248,615,611.0,0.6593591905564924,0.9934959349593496
E01011708,628,392,247,648,617.0,0.6242038216560509,0.9521604938271605
E01011709,847,639,421,884,873.0,0.7544273907910272,0.9875565610859729
E01011710,626,465,299,661,652.0,0.7428115015974441,0.9863842662632375
E01011711,659,494,352,694,699.0,0.7496206373292867,1.0072046109510087
E01011712,607,406,289,621,567.0,0.6688632619439868,0.9130434782608695
E01011713,705,465,285,709,644.0,0.6595744680851063,0.9083215796897038
E01011714,774,491,339,734,740.0,0.6343669250645995,1.008174386920981
E01011715,582,367,252,583,584.0,0.6305841924398625,1.0017152658662092
E01011716,623,416,274,633,637.0,0.6677367576243981,1.0063191153238547
E01011717,724,523,389,746,696.0,0.7223756906077348,0.9329758713136729
E01011718,824,673,379,867,842.0,0.816747572815534,0.9711649365628604
E01011719,631,403,258,655,651.0,0.6386687797147385,0.9938931297709923
E01011720,693,597,444,747,627.0,0.8614718614718615,0.8393574297188755
E01011721,618,583,529,694,480.0,0.9433656957928802,0.69164265129683
E01011722,910,671,431,896,799.0,0.7373626373626374,0.8917410714285714
E01011723,711,683,516,803,659.0,0.960618846694796,0.8206724782067247
E01011724,842,601,351,862,801.0,0.7137767220902613,0.9292343387470998
E01011725,677,596,326,701,548.0,0.880354505169867,0.7817403708987162
E01011726,659,507,304,685,651.0,0.7693474962063733,0.9503649635036496
E01011727,681,479,293,695,692.0,0.7033773861967695,0.99568345323741
E01011728,615,445,325,747,727.0,0.7235772357723578,0.9732262382864793
E01011729,797,738,556,835,818.0,0.9259723964868256,0.9796407185628743
E01011730,678,731,521,884,803.0,1.0781710914454277,0.9083710407239819
E01011731,599,396,262,639,591.0,0.66110183639399,0.9248826291079812
E01011732,803,557,382,817,824.0,0.6936488169364882,1.0085679314565483
E01011733,727,505,327,774,721.0,0.6946354883081155,0.9315245478036176
E01011734,1192,1033,780,1335,1161.0,0.8666107382550335,0.8696629213483146
E01011735,708,588,360,754,632.0,0.8305084745762712,0.8381962864721485
E01011736,642,416,286,664,650.0,0.6479750778816199,0.9789156626506024
E01011737,765,593,458,779,679.0,0.7751633986928105,0.8716302952503209
E01011738,651,406,240,653,638.0,0.6236559139784946,0.9770290964777948
E01011739,738,551,310,768,754.0,0.7466124661246613,0.9817708333333334
E01032487,455,333,197,478,482.0,0.7318681318681318,1.00836820083682
E01032488,760,526,330,766,764.0,0.6921052631578948,0.9973890339425587
E01032489,985,838,621,1007,942.0,0.8507614213197969,0.9354518371400199
E01032490,577,395,225,595,590.0,0.6845753899480069,0.9915966386554622
E01032491,490,300,181,497,498.0,0.6122448979591837,1.0020120724346075
E01032492,1065,861,669,1125,894.0,0.8084507042253521,0.7946666666666666
E01032493,641,457,298,673,648.0,0.7129485179407177,0.962852897473997
E01032494,722,498,338,723,699.0,0.6897506925207756,0.966804979253112
E01032496,953,719,428,959,943.0,0.7544596012591815,0.9833159541188738
E01032497,634,535,286,632,589.0,0.8438485804416404,0.9319620253164557
E01032498,721,476,305,734,727.0,0.6601941747572816,0.9904632152588556
E01032499,701,510,319,739,696.0,0.7275320970042796,0.9418132611637348
E01032500,641,627,536,611,554.0,0.9781591263650546,0.9067103109656302
E01032501,513,350,226,507,511.0,0.682261208576998,1.0078895463510849
E01032502,853,635,369,845,819.0,0.7444314185228605,0.9692307692307692
E01032503,613,383,265,580,480.0,0.6247960848287113,0.8275862068965517
E01032504,746,750,593,1005,994.0,1.0053619302949062,0.9890547263681592
E01032606,922,695,543,940,585.0,0.7537960954446855,0.6223404255319149
E01032607,649,627,513,587,446.0,0.9661016949152542,0.7597955706984668
E01032608,518,482,395,523,458.0,0.9305019305019305,0.875717017208413
E01032876,624,503,332,636,630.0,0.8060897435897436,0.9905660377358491
E01032946,828,872,741,801,685.0,1.0531400966183575,0.8551810237203495
E01033002,1013,1290,967,1211,354.0,1.2734452122408686,0.29232039636663915
E01033003,1179,1293,1118,1088,103.0,1.0966921119592876,0.09466911764705882
E01033008,594,1010,947,821,120.0,1.7003367003367003,0.146163215590743
E01033010,765,1411,1330,947,226.0,1.8444444444444446,0.23864836325237593
E01033011,744,1531,1435,1723,171.0,2.057795698924731,0.09924550203134068
E01033013,720,1553,1363,2250,456.0,2.1569444444444446,0.20266666666666666
E01033015,933,1550,1413,1852,6.0,1.6613076098606645,0.0032397408207343412
E01033016,705,877,751,912,63.0,1.2439716312056737,0.06907894736842106
E01033021,1079,1039,791,1087,517.0,0.9629286376274329,0.47562097516099355
E01033031,867,903,801,921,246.0,1.041522491349481,0.2671009771986971
E01033033,653,636,554,1076,6.0,0.9739663093415007,0.0055762081784386614
E01033034,919,994,903,1015,18.0,1.0816104461371054,0.017733990147783252
E01033035,772,739,719,773,133.0,0.9572538860103627,0.17205692108667528
E01035040,536,498,446,484,483.0,0.9291044776119403,0.9979338842975206
E01035041,449,456,374,436,369.0,1.0155902004454342,0.8463302752293578
E01035042,464,591,541,463,385.0,1.2737068965517242,0.8315334773218143
E01035043,432,568,417,505,389.0,1.3148148148148149,0.7702970297029703
E01035044,650,758,693,592,500.0,1.166153846153846,0.8445945945945946
E01035045,622,775,735,431,292.0,1.2459807073954985,0.6774941995359629
E01035046,763,1285,1235,1281,,1.6841415465268676,
E01035047,634,681,428,709,398.0,1.0741324921135647,0.5613540197461213
E01035048,781,623,337,728,626.0,0.7976952624839949,0.8598901098901099
E01035049,695,661,435,803,559.0,0.9510791366906475,0.6961394769613948
E01035050,612,509,302,613,579.0,0.8316993464052288,0.9445350734094616
E01035051,606,488,231,595,587.0,0.8052805280528053,0.9865546218487395
E01035052,593,472,289,604,597.0,0.7959527824620574,0.9884105960264901
E01035053,659,538,318,662,623.0,0.8163884673748103,0.9410876132930514
E01035054,1376,1649,1510,1610,338.0,1.1984011627906976,0.20993788819875778
