lsoa21cd,C1_energy_intensity,C2_carbon_abatement,C3_fuel_poverty,C4_income_deprivation,C5_cost_effectiveness,C6_delivery_eff
E01011264,175.29490708458354,1.1525035140887552,9.71993410214168,0.181,0.5046244438451918,58.895705521472394
E01011265,158.4319932921276,0.9228643595972421,8.86339937434828,0.138,0.47229782344948107,19.602977667493796
E01011266,156.4568420502896,0.7103780504919227,5.416666666666667,0.03,0.5562504877747907,33.4065934065934
E01011267,158.80236909260856,0.8824674158934981,8.970976253298153,0.239,0.42938455640520823,18.02426343154246
E01011268,166.29908502101506,0.5593184761989872,9.653092006033184,0.314,0.3509058766358028,28.200371057513912
E01011269,172.4571249862971,0.8142052183174956,8.640406607369759,0.206,0.39973393914338406,19.966722129783694
E01011270,169.46202365982728,1.9400432533719159,7.649513212795549,0.027,0.8655056038280753,49.57746478873239
E01011271,162.887146618834,1.1429183227084054,7.521186440677965,0.054,0.5976712072127103,27.732463295269167
E01011272,166.6420608911857,1.2352294645922017,6.51085141903172,0.047,0.6338420753136974,30.434782608695656
E01011273,166.39452000785178,0.9942664692360081,7.9155672823219,0.136,0.4597129558377732,17.863720073664823
E01011274,170.99753631154036,0.7402148223062918,12.838801711840228,0.353,0.3907106530848946,24.67289719626168
E01011275,178.47389930757527,1.0492262189425936,9.428129829984544,0.173,0.5263657001317157,24.940047961630697
E01011276,155.8688400148253,1.0614505146439714,7.897934386391252,0.076,0.4956087583018434,17.02453987730061
E01011277,173.50372888296656,1.1792486569659584,6.973293768545995,0.092,0.4847617670433293,36.36363636363637
E01011278,175.19296120919327,1.3081476983202807,7.969151670951156,0.071,0.5863139132316161,22.873345935727787
E01011279,156.38303964235823,1.221017573363579,8.823529411764707,0.095,0.48877685918649383,27.06766917293233
E01011280,155.25657813630758,0.9802434907075624,6.781609195402299,0.057,0.4947818100125428,30.73170731707317
E01011281,162.12877213350822,0.8612479328747249,10.520722635494154,0.335,0.428178699414307,22.296395193591458
E01011282,150.89875442703578,0.8893638708347266,13.671274961597543,0.398,0.3871428966811761,25.609756097560975
E01011283,161.07980410702876,0.9254583524959091,12.405446293494704,0.489,0.43146996737971294,39.25049309664694
E01011284,150.81235324224573,0.9429487806897037,24.714160070360595,0.387,0.3265119430658693,47.29011689691817
E01011286,170.69943575674574,1.1021717098910007,9.283387622149837,0.176,0.4987039681367339,39.083557951482476
E01011287,162.04412659023322,0.9534789419982709,8.02919708029197,0.194,0.5038673398730825,13.963039014373715
E01011292,148.07470013383892,0.4890288733753721,14.499999999999998,0.498,0.3050290154326728,29.963459196102317
E01011293,165.00944897592257,0.7788501429881451,17.396184062850732,0.484,0.33393385018823274,16.595135908440632
E01011294,169.5841202088512,0.9719360453743201,13.446969696969695,0.447,0.44274295263382335,20.2970297029703
E01011295,150.08830347953312,0.7623568999050746,11.577608142493638,0.389,0.3704295735996593,27.631578947368425
E01011296,163.09691463603178,1.261985805908827,7.616707616707617,0.067,0.5224491562708731,30.81761006289308
E01011297,133.73432949369024,1.4635061286401918,8.053691275167784,0.089,0.6756598657573907,22.380952380952383
E01011298,134.93054078353816,1.104208328528694,11.292517006802722,0.318,0.5629708371102187,21.283422459893046
E01011299,120.38593219773698,0.9034074970614435,7.786885245901639,0.17,0.4440976326914532,22.372528616024976
E01011300,164.33507901659922,1.0195788893937014,9.647779479326186,0.265,0.4652116361325323,65.0130548302872
E01011301,165.76532750159203,1.1422778911175986,5.709342560553633,0.055,0.6082175412679953,32.9153605015674
E01011302,154.12450160421744,1.3706741268446319,6.280193236714976,0.066,0.6572748924897752,22.65625
E01011303,163.4169212119447,1.0699616367252682,10.961538461538462,0.213,0.4648054793370407,19.26605504587156
E01011304,154.98603483596798,0.7469324153738566,10.405405405405403,0.297,0.37419797636282426,17.843866171003718
E01011305,156.39886172592423,1.045029771355833,6.25,0.144,0.4514772606947025,45.39748953974895
E01011306,163.3391499720037,1.28316285564393,7.908611599297012,0.077,0.5548424702104603,41.74174174174174
E01011307,149.8177866165383,1.0363004800456144,10.980966325036604,0.22,0.48961364454983236,30.179028132992325
E01011308,149.53652108491633,1.0657629544900669,9.798270893371756,0.172,0.4357479793292273,32.04545454545455
E01011309,151.83264460551666,1.3814645018885838,11.510791366906476,0.107,0.5538677706524736,22.033898305084744
E01011310,163.80470748951703,1.2701750089425066,9.424083769633508,0.113,0.6228632841863028,10.647181628392484
E01011311,133.39327031597134,1.945140731629019,7.269155206286837,0.043,0.8707096135532311,25.835866261398177
E01011312,159.2526157749912,1.1020597118174975,25.637755102040817,0.554,0.36436486937463786,47.78523489932886
E01011313,153.28968729431628,1.2452509154039135,17.690058479532166,0.432,0.38206211127506495,63.35174953959485
E01011314,149.88664224759134,1.139150077934818,17.062937062937063,0.387,0.35185310560164035,65.5045871559633
E01011315,159.04673696894733,1.2507811819318284,13.18840579710145,0.436,0.4510004312471675,29.32330827067669
E01011316,177.66453523718573,1.1711621436012993,25.96685082872928,0.531,0.39674863490265233,43.503649635036496
E01011317,140.9295877723903,0.47977386994457516,10.412147505422992,0.491,0.3400978198373344,28.24207492795389
E01011318,144.61419875396885,0.6625240099993508,11.68639053254438,0.53,0.40881980116086003,37.142857142857146
E01011319,177.46055052570196,1.2547623896115274,12.480739599383666,0.398,0.49017766952816866,35.39823008849557
E01011320,176.03631199201192,1.3326565999318347,12.225274725274724,0.259,0.4840000227865213,62.05357142857143
E01011321,188.32855286153426,0.7520567230679913,13.03724928366762,0.463,0.469219647211345,36.86354378818738
E01011322,189.42732045611098,1.124065260079916,8.737864077669903,0.283,0.503659195225632,31.485148514851485
E01011323,155.83423755692434,0.9063734404761153,8.6687306501548,0.297,0.42268653834503656,19.955156950672645
E01011324,185.03150190201717,0.7105883949412731,18.68512110726644,0.409,0.41818448959612214,52.522935779816514
E01011325,147.51208409056238,0.8029318559953268,9.217171717171716,0.23,0.4177427843060952,33.61921097770154
E01011326,164.00982209066012,0.9160454798646769,14.177978883861236,0.429,0.42751702616598936,45.63492063492063
E01011327,153.08566422426276,0.6398665788737486,9.433962264150944,0.325,0.35860872339608835,21.711899791231733
E01011328,164.29085491014501,0.8415054520690467,9.054054054054054,0.283,0.4162823176408357,27.663551401869157
E01011329,167.586465691633,1.0491616229494984,8.583106267029974,0.09,0.4572033428456949,54.02298850574713
E01011330,166.15026504659127,1.0381734164974838,10.55194805194805,0.233,0.4813479659553691,55.188679245283026
E01011331,159.9625623892564,1.091955578752782,12.781954887218044,0.221,0.4088545079707502,30.410447761194032
E01011332,173.69910306349988,0.761530204529749,13.0374479889043,0.518,0.45261889713917536,50.70422535211267
E01011333,179.23006079705002,1.0105397561326277,11.641791044776118,0.28,0.45422348343368213,41.42538975501114
E01011334,152.65098586977416,0.8240511455299586,15.331491712707182,0.299,0.3134746075063216,20.47244094488189
E01011335,165.34631592829987,0.9662949648720103,8.089097303634233,0.224,0.45714812698390345,11.935483870967742
E01011336,148.24196366167266,0.5333889349549504,10.332950631458097,0.427,0.3382069009137816,20.684736091298145
E01011337,179.69462776384572,0.7374086319393328,16.835016835016837,0.566,0.4802260614487655,50.21929824561403
E01011338,119.19284671625452,0.2297923152063729,10.952380952380953,0.521,0.2038157628933598,45.80536912751678
E01011339,147.86937063639581,0.6029065364813698,10.34103410341034,0.385,0.4122525196993653,31.894150417827298
E01011340,169.32027851533653,0.8777731925493973,11.931818181818182,0.519,0.4126605302120364,34.83992467043315
E01011341,140.45844092066753,1.2277967961466019,10.543478260869566,0.263,0.6472748979946189,37.03703703703704
E01011342,180.13869763641034,1.08026216752287,15.251798561151078,0.523,0.5706257684114356,43.30097087378641
E01011343,138.698305101152,0.6605280159661518,7.991803278688526,0.267,0.3700123553994269,27.262931034482758
E01011344,160.5129694441068,1.1762103212069845,26.48401826484018,0.724,0.3643236350516003,72.29987293519696
E01011345,162.18134422075434,0.8375820681899382,11.173974540311177,0.375,0.431412013303566,20.18018018018018
E01011346,146.57693261263404,0.4947477087227701,13.268998793727382,0.45,0.31190853267564383,25.885558583106267
E01011347,172.81896986006427,1.2479335103038767,25.90799031476997,0.692,0.39244999298028127,68.8
E01011348,181.56433729708127,0.8039613284346695,16.946778711484594,0.581,0.3788389003839694,17.119999999999997
E01011349,104.07412263225851,0.26826914758395926,11.65452653485952,0.489,0.17495068400591063,41.05263157894737
E01011350,172.11188226832496,1.0695792555393167,10.92436974789916,0.071,0.5268724645019709,39.42505133470226
E01011351,155.37101554984878,0.9972777588179269,12.367864693446087,0.096,0.4068228408765091,25.788751714677637
E01011352,159.69357354750238,0.8373252025008474,15.53784860557769,0.164,0.3546173558713284,29.511918274687854
E01011353,164.92807410935896,0.9886185265622413,9.019165727170236,0.061,0.5531571096934053,45.32488114104596
E01011354,129.21743338761945,0.6713025683076149,12.17008797653959,0.504,0.40797522110570855,26.785714285714285
E01011355,169.55598406241424,0.8360941263469387,13.125,0.355,0.42596350289745116,43.26086956521739
E01011356,168.8796208475797,0.77174027088831,13.29243353783231,0.167,0.4213457952433745,26.36363636363636
E01011357,150.84193189232653,0.7488364118935066,15.928270042194091,0.544,0.37751828556839184,18.461538461538463
E01011358,162.53423454165886,0.7515731300721653,13.75166889185581,0.41,0.35805429342295747,42.32209737827715
E01011359,138.34898914372297,0.9211596083441973,15.1270207852194,0.273,0.41410126353550447,27.386541471048513
E01011360,169.35442312938238,1.3257502393067713,18.447837150127228,0.614,0.47116341025694436,40.853658536585364
E01011361,149.51478436311896,0.8327344848425836,14.285714285714285,0.574,0.3783478200767837,31.39963167587477
E01011362,157.59781878905278,0.4774997201996903,12.52302025782689,0.446,0.22053225738654894,25.76374745417515
E01011363,127.8877103026959,0.4701313048465401,10.555555555555555,0.592,0.32086861441611625,29.906542056074763
E01011364,177.59216501346506,0.5016956947396005,11.05092091007584,0.512,0.34553691212592824,23.11320754716981
E01011366,167.92991772612626,1.0133492507512558,22.954822954822955,0.615,0.3269992184206262,51.13636363636363
E01011368,152.83411445234654,1.0226296206195564,26.149802890932985,0.617,0.3652930414473438,38.575268817204304
E01011369,175.64305938088395,0.712178898707282,9.718670076726342,0.238,0.37533231152474894,25.311942959001783
E01011370,172.27403321490686,1.0340664493320582,19.637883008356543,0.46,0.3902568577307853,30.441898527004913
E01011371,140.94972107829722,0.49883492325661793,15.384615384615383,0.609,0.2935109558911639,28.09917355371901
E01011372,157.2986364761353,1.0580182356230643,24.306688417618272,0.62,0.3661940322267036,46.875
E01011373,165.29475437140968,0.9594234212744982,15.764331210191084,0.569,0.4622568791044265,19.765166340508806
E01011374,146.64928376655635,0.977688552775719,24.840764331210192,0.443,0.2839923808610575,66.7262969588551
E01011375,180.8953821843618,1.2393517388978423,24.55418381344307,0.69,0.4150688074244676,53.196930946291566
E01011376,157.96825323806587,1.521840802928374,6.171107994389901,0.057,0.8160630304038027,50.39682539682539
E01011377,180.5693646080355,1.41989914142909,7.264296754250386,0.051,0.7043589582338735,48.661800486618006
E01011378,154.83947718667255,0.47479646490805183,10.945945945945947,0.507,0.25881800185062037,38.28264758497317
E01011379,169.72304939204642,0.7025276196653822,10.875,0.4,0.396724566080196,31.05691056910569
E01011380,175.346207744586,1.2776477908261346,5.099150141643059,0.07,0.7288501495343906,36.02620087336245
E01011381,151.48671558362176,1.4395489901062615,5.076142131979696,0.093,0.726269859361153,30.237580993520517
E01011382,172.80070055796577,1.2727525863525047,7.345360824742269,0.075,0.6065116081863805,44.377510040160644
E01011383,181.00933229362346,1.0302014574264582,9.06801007556675,0.198,0.5781996236871749,41.254125412541256
E01011384,172.91282595028477,0.9329009139939248,9.585121602288984,0.166,0.5283253766677031,42.226890756302524
E01011385,157.01943245000226,1.4692696660626725,5.357142857142857,0.097,0.7559146221003974,25.129533678756477
E01011386,169.83078632721245,1.4358855688763206,7.0242656449553005,0.061,0.9731692972429838,28.7215411558669
E01011388,154.8425093252269,0.8729993197422146,4.973821989528796,0.221,0.4422656445265799,16.161616161616163
E01011390,161.94138712978312,1.0359101682258696,10.078740157480317,0.233,0.49342784177147153,29.873417721518987
E01011391,175.12907311322428,1.105544048398185,11.096433289299869,0.256,0.5412272538303109,43.68070953436807
E01011392,145.66979326731368,1.0724735352278751,7.77262180974478,0.163,0.49558304247060486,23.43173431734317
E01011393,138.33231414935193,1.3176767182539115,7.142857142857142,0.104,0.5929100890389956,19.577464788732392
E01011394,158.7187262625463,1.2396526719216725,8.333333333333332,0.118,0.456049688681596,15.757575757575756
E01011395,161.83125211968022,1.2128549128007993,6.748466257668712,0.187,0.533155298487604,30.89171974522293
E01011396,156.43106636416726,0.9144627382811658,10.503751339764202,0.176,0.3971495981971769,24.193548387096776
E01011397,168.49152909157135,1.2197032701858066,9.034267912772584,0.103,0.5244237613809841,51.21951219512195
E01011398,156.41233250251526,1.1694183506747,6.90978886756238,0.042,0.47798110433926316,50.988142292490124
E01011399,158.0465015323848,1.1631385057673695,8.895705521472392,0.106,0.4834964164018813,50.24752475247525
E01011400,171.06319664645716,1.0808150038400817,9.717868338557992,0.164,0.5188876916632608,57.95795795795796
E01011401,143.3162085721701,1.213094398411674,7.228915662650602,0.064,0.5839844650246804,32.833020637898684
E01011402,142.72695072266498,1.11635759853401,8.531317494600433,0.117,0.49250434181956804,23.958333333333336
E01011403,164.26720797195426,0.8025438727352696,7.112375533428166,0.109,0.5280189823362534,20.995670995670995
E01011404,145.7312093344242,1.1070777158138998,7.478260869565218,0.04,0.4592442707950742,60.66176470588235
E01011405,168.43720623209333,0.984529831711916,7.07070707070707,0.074,0.4743239976852612,36.79245283018868
E01011406,156.9311173448466,1.1369358190895007,8.53462157809984,0.075,0.5138815763613866,59.03954802259888
E01011407,164.95170717612126,0.9592888955636187,8.513708513708513,0.181,0.45919889751191706,41.12359550561798
E01011408,186.9490699854012,1.018965289511965,9.07960199004975,0.109,0.5003132629895606,38.715953307393
E01011409,170.03323522227373,1.0430969084807729,10.775862068965516,0.14,0.4405638970244181,23.722627737226276
E01011410,134.63869010009944,1.007743577027393,4.166666666666666,0.074,0.49101412458355814,21.415929203539825
E01011411,156.9812696974018,1.0414293604658627,6.0130718954248366,0.083,0.5359362298617143,19.77715877437326
E01011412,152.4200534809315,0.9607890239435571,6.516587677725119,0.077,0.44655194892933925,42.33449477351917
E01011413,166.97880524051783,1.3723000576574675,8.598726114649681,0.082,0.5710381332466631,68.45238095238095
E01011414,161.4915162971142,1.1873358256100526,7.555555555555555,0.077,0.5030902230533013,32.89817232375979
E01011415,166.50375327678455,1.035528970929134,8.650065530799477,0.135,0.4901718631999351,25.631067961165048
E01011416,176.89826373614366,1.2328470495780512,9.722222222222223,0.111,0.4941821549183514,48.614609571788414
E01011417,168.40736442650913,0.9228260421653922,8.34403080872914,0.148,0.455037600707441,19.745222929936308
E01011418,158.74430050378572,1.076483268154293,3.8051750380517504,0.088,0.5038155637891437,26.400000000000002
E01011419,157.55122015712837,1.1527106034460268,2.676864244741874,0.031,0.5012269860523221,57.55395683453237
E01011420,160.11329760762948,1.2317116848683503,7.110438729198185,0.066,0.5784780827531736,53.63408521303258
E01011421,178.64580605194192,0.953106149454436,14.330708661417324,0.42,0.5200219827366811,44.44444444444444
E01011422,173.08498699639094,1.1606927391210726,22.822299651567945,0.514,0.4467487627427517,34.75836431226766
E01011423,182.9018814653615,1.0060226530565195,13.862928348909657,0.425,0.5177450810883671,57.76805251641138
E01011424,192.02416470439087,1.365454298265448,12.64559068219634,0.458,0.5724865872773133,61.89320388349514
E01011425,176.44419856061842,1.2277005085116741,9.717868338557992,0.207,0.5757370257446551,66.9250645994832
E01011426,150.61862790863714,1.2611165588485844,20.786516853932586,0.717,0.41397718760569546,58.51851851851851
E01011427,176.71488680754373,0.9961318471275329,18.344155844155843,0.691,0.45672624964446845,42.71653543307087
E01011428,172.12634111514853,1.2614078348915108,23.16715542521994,0.637,0.3877648008613196,67.5925925925926
E01011429,155.73340018420825,0.9407032972391904,20.363164721141374,0.655,0.3549456557998311,40.054127198917456
E01011430,177.83747154521689,1.4528049095344773,23.391812865497077,0.735,0.46115463330955325,61.48796498905909
E01011431,160.847719928972,0.5924052033503444,13.188073394495412,0.539,0.3914053083134317,26.56875834445928
E01011432,167.89475515768186,1.4153241209754344,25.870646766169152,0.751,0.4074430241485816,81.41135972461274
E01011433,160.85586939204293,1.1696499303707457,29.26490984743412,0.78,0.3516820839827833,63.68638239339752
E01011434,164.71281574858145,1.1918521844900822,29.21511627906977,0.706,0.3399637762229882,80.23255813953489
E01011435,194.76663163292685,1.3103307652165572,26.40625,0.037,0.5242209681289236,27.524429967426713
E01011440,188.93716007626978,1.0468114201333107,21.59090909090909,0.095,0.46019139961423855,20.0
E01011441,191.34980908036005,1.032126531724256,21.914008321775317,0.112,0.43676953564960885,31.470588235294116
E01011442,161.9503837949946,0.9893578489168375,23.860182370820667,0.051,0.41656975059003143,28.448275862068968
E01011443,190.32848898725715,0.661956852631554,20.02635046113307,0.071,0.3087923158538585,37.29411764705882
E01011444,163.50445137658957,0.9930929808158723,23.969465648854964,0.1,0.42533678510374345,44.25770308123249
E01011445,186.27113001023974,1.5672050904122041,26.200000000000003,0.044,0.5201863033410131,57.20524017467249
E01011446,188.05612403975545,1.414870480152758,27.422303473491773,0.079,0.5242227903131121,42.00819672131148
E01011447,181.06314082869005,1.4179606712276478,26.914660831509845,0.083,0.48299424641259503,50.73529411764706
E01011448,160.08346854463392,1.00900064569574,22.265625,0.214,0.40779435738572944,45.84178498985801
E01011449,169.06491189946973,1.2001492953112356,24.88408037094281,0.206,0.3705218932170844,40.66115702479339
E01011450,148.38435085337878,1.007333423148434,8.499095840867993,0.329,0.4185880786396694,32.78301886792453
E01011451,174.08175709773067,0.6854515304983531,15.60798548094374,0.067,0.4276056386299619,28.690228690228693
E01011452,143.53820408217538,1.2426022669669974,7.792207792207792,0.03,0.5947495141452903,39.812646370023415
E01011453,157.6746179180303,1.131249976217049,7.567567567567568,0.063,0.5570932512858475,19.624217118997915
E01011454,175.24624070869453,1.2469328781621163,11.68289290681502,0.059,0.5303289116048204,28.460038986354775
E01011455,177.97715235859846,1.599357954807143,6.36182902584493,0.017,0.7075349117008429,42.805755395683455
E01011456,171.92076412153912,1.2350917866482816,7.365439093484419,0.03,0.6788907228642962,26.00896860986547
E01011457,155.7092147802104,1.7130576475821873,7.834101382488479,0.055,0.7263410151220666,14.318706697459586
E01011458,156.84437300211013,1.6081861007704126,4.953271028037383,0.045,0.8152513772245698,23.61275088547816
E01011459,195.44143100410238,1.205665797323767,10.754017305315204,0.087,0.6238902030639528,11.812297734627832
E01011460,170.5748268897342,1.0051879376873778,10.014513788098691,0.193,0.4901281988802571,25.0501002004008
E01011461,164.6718360633365,1.4754474069793122,5.727554179566564,0.015,0.7062644098740328,37.64705882352941
E01011462,171.51983616431585,1.0469899394504676,10.80368906455863,0.236,0.5276745596802461,61.431411530815105
E01011463,160.85443612133813,0.6598463357778495,10.41405269761606,0.298,0.4076263212735207,34.63587921847247
E01011464,154.23104903936334,0.7537689706784028,9.968186638388122,0.087,0.36379893842694416,32.486631016042786
E01011465,156.40520314157942,0.7245477479199097,10.376282782212089,0.199,0.3846025678668247,22.89325842696629
E01011466,164.32630526306463,0.8571407181173442,11.326378539493296,0.397,0.40159964495003636,52.342158859470466
E01011467,145.56952946452,0.3516561095223155,8.236658932714617,0.343,0.20938879966329935,49.85044865403789
E01011468,129.8249525257764,0.5423502247133667,10.37344398340249,0.442,0.28434662722585224,17.678958785249456
E01011469,170.50336506377,1.0414507786876863,5.864661654135339,0.187,0.5057670078830219,33.60215053763441
E01011470,161.16842525201625,0.9166649750713043,10.742496050552925,0.295,0.38868763466233264,19.955654101995567
E01011471,146.25300671486315,0.7963542181432316,12.698412698412698,0.476,0.342230084179224,17.94871794871795
E01011472,160.37469427531295,0.7689184637564762,12.980132450331125,0.505,0.394780108154827,38.84007029876977
E01011473,160.792285797256,0.6628039949161371,12.01848998459168,0.604,0.37790352412522465,28.298279158699806
E01011474,164.3700451711295,0.6936104268599742,12.917271407837449,0.501,0.43072909134984905,30.58823529411765
E01011475,162.08011306829218,0.6804172072609804,12.32876712328767,0.522,0.3990941895167739,35.575221238938056
E01011476,156.32535711944752,0.9023399927338724,10.961538461538462,0.47,0.40675599091150105,28.720626631853786
E01011477,144.97722426839468,0.42569028299680184,12.957157784743991,0.318,0.2880792018274483,35.706214689265536
E01011478,142.69514625498763,0.9591374517873162,22.24852071005917,0.211,0.3681754068244909,42.12765957446808
E01011479,155.0875236208065,1.4524532690440293,26.905132192846036,0.092,0.42991916548438397,67.50483558994198
E01011480,163.1772246154305,1.1082277887832688,11.730205278592376,0.138,0.5039109220796629,62.42424242424243
E01011481,157.28009908084118,0.7789237640279993,22.446236559139784,0.263,0.2842688871055999,31.70103092783505
E01011482,158.13846033163094,1.0984294186606116,21.99124726477024,0.157,0.3609884502524802,55.08586525759577
E01011483,185.30741551126277,0.9805340144326495,20.73669849931787,0.362,0.37223721135702376,33.33333333333333
E01011484,162.19980531724056,0.7636219321240509,13.571428571428571,0.509,0.43075502147990574,48.057259713701434
E01011485,164.82400726187413,0.6312146036675718,10.92964824120603,0.378,0.4210365775481516,41.254125412541256
E01011488,142.8807903017589,0.9863663190256357,19.047619047619047,0.292,0.357446120686399,38.83647798742139
E01011489,147.76523141257243,0.5824028089532498,12.3059866962306,0.308,0.321334031156262,22.809457579972182
E01011491,171.95551622718284,0.7778662632586549,12.752721617418352,0.549,0.4057875740739127,38.73873873873874
E01011492,144.2932869931059,0.7769689734949967,12.625538020086085,0.563,0.4065533030390388,17.792421746293247
E01011493,157.9237328458663,0.8323790393619401,12.375533428165006,0.478,0.40737277591714127,39.62264150943396
E01011494,177.83826310663835,1.0228582376782396,12.51908396946565,0.453,0.4861776976388411,22.89628180039139
E01011496,157.34398444523987,1.2581950905954613,5.14018691588785,0.06,0.5223677509380117,24.249422632794456
E01011497,172.3780718049466,0.790444131405428,13.783403656821378,0.562,0.5357459576455462,25.1937984496124
E01011500,166.5240504342483,1.115001563440419,8.56353591160221,0.142,0.5421476644087008,19.15367483296214
E01011502,160.8444036837868,0.9343439667910179,11.129032258064516,0.326,0.4280753089547264,52.63157894736842
E01011504,169.4600095680682,0.5965825364830831,12.13653603034134,0.404,0.42724257487744943,48.50615114235501
E01011505,175.3649767712388,1.1047438648632375,9.064327485380115,0.172,0.5207224127031426,54.56570155902004
E01011506,181.76596002006278,1.3621931703121917,10.0,0.155,0.6402187765873824,79.22848664688428
E01011507,188.8364704292874,1.5073460929875395,10.227272727272728,0.1,0.5829390903100397,56.91244239631337
E01011508,178.34365174534244,1.5220292815304857,11.22244488977956,0.115,0.6415480352585332,70.37037037037037
E01011509,169.69369413229307,0.9137694856404385,8.259587020648967,0.095,0.5475908335820034,33.12236286919831
E01011510,139.5984018251653,0.32103524585289167,10.183066361556063,0.483,0.23442233870414575,40.34285714285714
E01011511,176.07377870658627,1.080402206868801,9.62566844919786,0.161,0.5989216479588152,42.75534441805225
E01011512,168.0519769468609,0.9814683909981071,10.947930574098798,0.14,0.6306626458283032,22.71973466003317
E01011513,160.96524156138173,0.9017015639355772,6.176470588235294,0.083,0.4738903129319344,28.240109140518417
E01011514,180.12549789196743,1.2153781949095555,9.226190476190476,0.095,0.6571001575904927,49.152542372881356
E01011515,185.98090709822978,1.0154685857373082,10.458452722063036,0.093,0.6267245453975331,28.252032520325205
E01011516,169.9768627856907,1.3455595259691377,9.812409812409811,0.079,0.6141491450159461,75.79462102689487
E01011517,171.1384091399226,1.0328071511327177,10.646387832699618,0.186,0.5390869706621244,40.66317626527051
E01011518,159.75634313966904,1.0775497352344614,8.357075023741691,0.17,0.5142378071284338,10.196078431372548
E01011519,170.82007917014693,1.0494553478258997,10.614525139664805,0.252,0.49032483022614276,44.71910112359551
E01011520,179.12313069571914,1.2864178873305994,7.092198581560284,0.103,0.559760991536871,25.59241706161137
E01011521,155.1260980630748,1.202284819417107,8.389585342333655,0.124,0.5642391757356142,19.89071038251366
E01011522,175.57415047749532,1.2664269803618071,6.730769230769231,0.058,0.6048507379059459,26.96629213483146
E01011523,161.3885827621555,1.093124983635479,9.836065573770492,0.22,0.5205709947471046,30.132450331125828
E01011524,163.92216429572326,1.084857740424111,8.808290155440414,0.097,0.4971457752025659,28.57142857142857
E01011525,161.95466447093838,0.9645687553878107,9.04109589041096,0.136,0.4228478376660543,15.686274509803921
E01011526,162.20962913531818,1.1717583061812573,3.294573643410853,0.05,0.5519447612444717,52.20338983050847
E01011527,170.53941483454537,1.180447002454477,6.854345165238677,0.073,0.5485244684007294,25.34246575342466
E01011528,158.3798381506797,1.0749814054418743,5.076923076923077,0.091,0.5525141520610946,38.04627249357326
E01011529,179.43603371373015,1.0070183718951877,10.32258064516129,0.284,0.4998284135222056,31.549295774647888
E01011530,179.57475829501533,1.0129457512870417,7.078313253012049,0.132,0.5133195328417981,17.684210526315788
E01011531,159.4525873651898,1.189947067800541,6.724782067247821,0.079,0.5689250446926245,37.99212598425197
E01011532,178.86146458093367,0.7370832890058533,10.349462365591398,0.29,0.4299446248857529,32.75488069414317
E01011533,150.6865206932199,0.6841612512072635,12.882653061224488,0.218,0.3193376313856761,15.532286212914483
E01011534,143.3864220728602,1.2705570125117212,8.184383819379114,0.112,0.5604760211839378,19.605695509309967
E01011535,151.09709553129068,1.2818122192214816,6.786703601108034,0.058,0.6254651120475009,20.121951219512198
E01011536,158.4301144733985,1.1707073492719517,7.765667574931879,0.117,0.4944908325453256,33.87096774193548
E01011537,182.25387526790243,1.1120963961437516,9.930486593843098,0.155,0.5085263468470866,23.23717948717949
E01011538,161.89452653683537,1.210828829375497,11.141678129298487,0.354,0.5753480002830046,24.290998766954377
E01011540,152.34642406310874,1.1250927630696264,8.67178924259056,0.294,0.5928303671663192,25.503355704697988
E01011541,156.1697139570426,0.5047032141847424,10.49233252623083,0.231,0.2972758903503378,23.20596458527493
E01011545,173.30499634134767,0.9504936667225998,11.428571428571429,0.17,0.4160017793565427,20.20408163265306
E01011546,156.73322781746862,1.017435956130368,9.645909645909647,0.245,0.47211064698729543,15.753424657534246
E01011547,155.21102899681046,0.7420945972483332,9.528688524590164,0.247,0.3725732709940785,13.278008298755188
E01011548,166.79357030503758,1.1883783218089867,8.902077151335313,0.141,0.5280462824193872,28.77358490566038
E01011549,160.90826873757294,1.4578018034535627,2.7472527472527477,0.036,0.6173155582781261,84.39306358381504
E01011550,174.39351875653995,1.1801685228681804,6.655290102389079,0.107,0.5856443954618394,21.45015105740181
E01011551,146.95655000441326,1.2414980428953115,8.935611038107753,0.149,0.5165942678825387,29.636711281070742
E01011552,168.89890824730674,0.9848281668892196,12.322274881516588,0.373,0.4676284599032697,68.25
E01011553,172.61054507506125,1.2770852146766447,6.6770186335403725,0.104,0.5283323628404314,32.057416267942585
E01011554,154.49409857665228,1.2509323303031035,8.133971291866029,0.038,0.6301147691813356,48.87218045112782
E01011555,182.02054676980964,1.2713120283381867,6.867671691792294,0.082,0.5551224896116334,46.647230320699705
E01011556,163.24700616464278,0.6422430635450207,11.672683513838749,0.154,0.5716625911586274,57.88712011577424
E01011557,189.85303831973545,1.1025241020801326,6.511627906976744,0.058,0.7730020881834752,24.242424242424242
E01011558,161.4911701593938,0.637297326691591,11.538461538461538,0.413,0.36919868173210013,45.63758389261745
E01011559,171.2753379798255,0.6751411151979864,10.914927768860354,0.46,0.34384743709992227,58.0078125
E01011560,155.77023522228475,0.5537355698270477,10.96345514950166,0.437,0.3176985565167606,52.589641434262944
E01011561,127.29003334635745,1.5361389367328202,11.211573236889691,0.058,0.5713737690746041,25.12315270935961
E01011562,158.12937120488192,1.7443240998856557,6.042296072507553,0.047,0.8963033475745914,25.41966426858513
E01011563,153.64001343414108,1.033431729639889,5.736434108527131,0.044,0.798967798153032,27.35229759299781
E01011564,186.76273960307932,1.2751102929794762,7.187499999999999,0.05,0.7958466101500233,53.45744680851063
E01011565,173.43989036785817,1.4879342788512702,8.253968253968253,0.075,0.7707281838941653,55.819477434679335
E01011566,179.65095854904945,1.137012353796129,6.63265306122449,0.122,0.6123963431879382,25.765306122448976
E01011567,179.179019330331,1.3071027634285413,8.768971332209107,0.099,0.5883059982779293,64.4607843137255
E01011568,181.5698255618583,0.986611502211788,5.357142857142857,0.078,0.5381215658113362,18.30985915492958
E01011569,161.60141056469803,0.8991277296775181,10.53191489361702,0.094,0.39482911439667173,23.15068493150685
E01011570,156.67953555662714,1.4167634634221995,8.691308691308691,0.081,0.5729324567044598,11.773255813953488
E01011571,156.40454261948793,1.040796383339308,10.301507537688442,0.142,0.41251071563703223,28.142589118198874
E01011572,148.00990217652745,1.0326825114836429,8.073817762399077,0.079,0.4026510906141113,36.41404805914972
E01011573,160.47175478404387,1.1609407946842316,9.026548672566372,0.101,0.5253617521320568,63.58381502890174
E01011574,170.6839898827971,1.0172481730437812,10.31636863823934,0.16,0.44931965531666634,24.38563327032136
E01011576,161.56675075153655,1.7850459060104018,7.766990291262135,0.067,0.7536733971053735,26.682692307692307
E01011578,181.89602997257242,1.0821931097959627,8.256880733944955,0.144,0.5359726304623684,23.798076923076923
E01011579,179.84830299237092,1.2282498216781323,9.174311926605505,0.127,0.5793443879060068,44.47674418604651
E01011580,175.93490645605596,1.3260765389189226,7.033639143730887,0.084,0.7325321415937875,16.2621359223301
E01011581,148.65568414454367,1.0727266421153794,7.329842931937172,0.139,0.5418040353714055,20.703125
E01011582,143.57501962964025,0.6753912033689969,10.419313850063531,0.338,0.3203790164622075,32.31810490693739
E01011583,164.16078561082932,1.167662016889817,8.836524300441827,0.089,0.5267398241898992,52.75590551181102
E01011584,135.52113858849947,0.9564644121768556,6.516290726817042,0.096,0.48708185900720036,17.15867158671587
E01011585,171.2220724632825,0.8989075937422174,9.95732574679943,0.258,0.44387569306927155,35.1063829787234
E01011586,175.68001042888937,1.0581954921611063,7.567567567567568,0.257,0.5194211813280398,45.614035087719294
E01011587,176.21066918360376,1.262971243109216,10.191846522781775,0.115,0.5200180318013212,33.001658374792704
E01011588,164.73686213399472,1.1387580483488111,7.28744939271255,0.1,0.5789645549773872,39.76377952755906
E01011589,167.36407730089422,1.354078199206823,8.979591836734693,0.08,0.5391999596705395,39.037433155080215
E01011590,174.6265464341562,1.3878943170156077,7.514450867052023,0.048,0.6233429704291504,39.107611548556434
E01011591,153.78385232971704,0.8889169601267637,8.083140877598153,0.119,0.40558134430257853,22.91350531107739
E01011592,160.89797421755898,1.039606658269532,9.189842805320437,0.122,0.52257538589741,25.0
E01011593,157.49008940192422,0.8962896601603956,6.440677966101695,0.049,0.4363522365609302,16.040955631399317
E01011594,162.90985423856384,0.9658916228214024,10.37593984962406,0.274,0.44235514179743834,60.88992974238876
E01011595,181.15091181038895,1.0950560014700166,6.272189349112427,0.132,0.5182036103152152,27.145359019264447
E01011596,180.7692830368192,0.9534182761948996,6.388206388206388,0.068,0.5269139596716513,14.186851211072666
E01011597,210.97524890099172,1.5728693432918919,9.797297297297296,0.259,0.6782394236002253,76.53061224489795
E01011598,160.22450324381686,1.14574297556068,10.201511335012595,0.111,0.4482311196921135,34.91773308957952
E01011599,176.40337652694595,1.2627250056248698,9.078590785907858,0.178,0.5856542561433918,37.61814744801512
E01011600,171.52785623027435,1.105676759912675,7.192254495159059,0.108,0.5096493981998558,14.906832298136646
E01011601,153.64248325786016,1.0282982539284626,10.17191977077364,0.223,0.5116022948250128,21.052631578947366
E01011602,166.97543596361945,0.7060284215648162,8.150470219435736,0.194,0.4031734925977113,13.480055020632737
E01011603,170.03488057069114,1.3339884567855391,9.446693657219974,0.086,0.5336660793097352,20.084566596194502
E01011604,167.24391975948194,1.1152894092479002,7.561728395061729,0.136,0.48729794509074925,20.299145299145298
E01011605,166.15251931836664,1.1849749886499281,7.569721115537849,0.077,0.5304723367434876,22.129436325678498
E01011606,163.85179952284224,1.552891509721502,7.740324594257178,0.238,0.6937089357484472,24.924471299093657
E01011607,165.86550532747322,1.0116383016197816,7.93010752688172,0.201,0.4874310959356722,21.21212121212121
E01011608,158.77959903396265,0.8496409674387719,10.845295055821373,0.339,0.40696824140944643,43.0622009569378
E01011609,141.86970300293885,0.5385019472657736,9.104046242774563,0.342,0.2864454619039172,27.82258064516129
E01011610,168.517417138498,1.0354789642791122,8.275862068965518,0.136,0.4952709130708745,20.039292730844792
E01011611,157.27417198101827,0.8328816229962688,11.87214611872146,0.477,0.4220083214035106,55.87583148558758
E01011612,177.3288023723627,0.6911526225924359,11.870967741935484,0.269,0.4303671076713967,22.259136212624583
E01011613,163.12519528451097,0.7857547538156419,10.164835164835164,0.293,0.44066562111443786,14.800759013282732
E01011614,153.35942892971423,0.8231653035315054,6.696428571428571,0.129,0.4904326444824206,20.37037037037037
E01011615,166.40487239544166,1.2265989096028176,13.157894736842104,0.291,0.42762359871553496,29.66101694915254
E01011616,163.79265577323238,0.8955440506732781,12.73972602739726,0.485,0.5080478052723766,24.567474048442904
E01011617,156.43009073008835,1.0165186506930743,14.881780250347706,0.447,0.4487901774144936,47.708333333333336
E01011618,153.18007255338688,1.1319765872665022,20.45152722443559,0.432,0.33930141561693183,63.63636363636363
E01011620,168.45304460980498,0.9795973808097301,14.91395793499044,0.417,0.5051999862228688,56.69099756690997
E01011621,189.88579277107155,1.2551964923821972,14.677419354838708,0.556,0.5814455044839414,42.06008583690987
E01011622,175.8842671294668,1.0352539912690193,14.246947082767978,0.554,0.6574420526558659,26.379310344827587
E01011623,161.69178549833694,1.0146628138043206,21.25340599455041,0.621,0.33189162202666705,41.40625
E01011624,165.85481097581825,0.7968393867396157,15.191545574636724,0.596,0.4852197198987177,35.62091503267974
E01011625,165.3553178387784,1.1802164496587728,24.967658473479947,0.576,0.36289842339078976,52.65553869499241
E01011626,116.28604975567346,0.38458729245555234,13.666121112929623,0.44,0.2296560275355905,36.22291021671827
E01011627,163.7148840781538,0.9551537271033713,10.64516129032258,0.316,0.5110349291051332,33.41772151898734
E01011628,164.42281030517307,1.1691038269719551,8.103727714748784,0.083,0.4676818832339129,54.7550432276657
E01011629,162.63923345491574,0.8592373566525311,9.603658536585366,0.204,0.4312865252646773,38.588235294117645
E01011630,139.00807778825637,0.8752275306543958,6.389776357827476,0.106,0.4071888903702535,25.53191489361702
E01011632,169.03880105892648,0.8227715015631687,11.746031746031743,0.473,0.4212450165527331,59.63718820861678
E01011633,161.59130534671385,1.089224613576413,7.71513353115727,0.131,0.5117635745091188,19.424460431654676
E01011634,168.2827701861995,1.1302669231615154,11.126760563380282,0.234,0.5132426267863394,14.123006833712983
E01011635,157.50096187078336,1.2093052479954347,8.808933002481389,0.114,0.5391142774401391,18.454258675078865
E01011636,143.45066819537644,1.223451555132592,9.255079006772007,0.102,0.5278954932943993,17.46031746031746
E01011637,141.05874825073172,1.0181063599695295,7.5,0.135,0.4512116699454287,19.736842105263158
E01011638,161.61659964728048,1.093959624331776,8.181818181818182,0.108,0.47022903496723656,53.52112676056338
E01011639,170.0082458691857,1.0292111596901967,10.283159463487332,0.343,0.4736041398194129,30.751708428246015
E01011641,170.2765640001942,1.5300364821984975,8.191653786707882,0.043,0.741217844389998,20.047169811320757
E01011642,171.50894269150282,1.311177215709025,9.090909090909092,0.136,0.6893104119581738,58.94428152492669
E01011643,174.5643745434017,1.0873540693321349,7.035928143712575,0.09,0.6620542812151416,16.602316602316602
E01011644,170.65871059705944,0.7321525356169348,7.6923076923076925,0.228,0.4031750528972837,38.18984547461369
E01011645,182.85822417918214,1.1853381512973893,12.962962962962962,0.121,0.5615426837404276,28.68686868686869
E01011646,169.32602251890725,1.2116329271136868,9.064327485380115,0.179,0.5504775887546571,47.80701754385965
E01011647,187.68057174714485,1.5411995390063649,16.283185840707965,0.354,0.6253389429739278,49.343832020997375
E01011648,187.01345054261185,1.5577323380961088,10.578512396694215,0.229,0.6226645046865226,83.8961038961039
E01011649,166.47685673651725,1.6746575101607821,7.040229885057471,0.027,0.6844810033004276,27.450980392156865
E01011650,175.3095969773529,1.4643089450497382,7.448494453248812,0.069,0.730284780898752,22.115384615384613
E01011651,167.91890689169406,0.9389657363412809,9.9406528189911,0.2,0.5085806326538325,35.9437751004016
E01011652,173.2269376800437,1.326318307855668,10.051107325383304,0.091,0.5930540644146376,47.147147147147145
E01011653,178.1316842957131,1.0523394643111266,12.29135053110774,0.072,0.5674254250595735,29.03225806451613
E01011654,176.70361614367232,1.7449744155913565,8.260105448154658,0.05,0.7330931648646333,41.90751445086705
E01011655,153.64675470188413,0.9831826970219106,7.068062827225131,0.059,0.7155411442818939,26.003210272873194
E01011656,162.86618740317888,0.9309719334416559,12.388059701492535,0.472,0.4426114207523696,51.129363449691986
E01011657,180.32652435672668,0.7359062444903562,13.858267716535432,0.581,0.37617107723475757,58.958333333333336
E01011658,127.63239966898692,0.651474269569185,10.70063694267516,0.549,0.3329252804405854,29.411764705882355
E01011659,163.16042401209117,0.6701782994565346,12.23021582733813,0.458,0.3564725637073702,57.301293900184845
E01011660,136.8524742425613,0.7930393554761912,10.419313850063531,0.383,0.40295074678382226,56.85425685425686
E01011661,140.4107624125783,0.45416381565065034,10.710382513661203,0.588,0.30977855896481404,44.779582366589324
E01011662,158.34593824894378,0.9150269648285679,12.363636363636363,0.744,0.5598339249228508,31.874999999999996
E01011663,149.0466179263227,0.7749706826529034,11.488673139158577,0.524,0.4782866997417715,38.721804511278194
E01011664,154.2831928805567,1.0643284789370973,10.596026490066226,0.406,0.5667438092693708,43.05555555555556
E01011665,177.25801900680554,0.8308023614804904,12.076583210603827,0.33,0.44622913824237354,43.31797235023041
E01011666,170.13928488735692,1.179867545793433,10.317460317460316,0.12,0.4838600930498718,80.0
E01011667,165.0083707687451,0.680348902016018,15.087719298245611,0.675,0.3589488713577572,42.38532110091743
E01011668,162.69915521667383,1.1944159985888,23.75,0.153,0.4265393306854013,40.699815837937386
E01011669,166.88064250631044,1.12656440879827,25.0,0.203,0.40141197500477055,38.75502008032129
E01011670,153.93222222449563,0.45322287448687526,13.565426170468186,0.338,0.26303169999009046,22.22222222222222
E01011671,162.90468414632696,0.8841550716369679,12.408759124087592,0.498,0.3703026948160948,30.782029950083196
E01011673,162.87097544273237,1.0097251304128962,29.181929181929185,0.705,0.3041715856622491,46.67472793228537
E01011677,101.94196313389149,0.38498394653942875,19.82968369829684,0.684,0.12138668765335225,36.139896373057
E01011678,180.1780463809974,0.367791529536304,15.0384193194292,0.058,0.22229864726147758,34.97835497835498
E01011681,157.5132844468125,0.5348764043751454,15.712187958883996,0.395,0.3477004436335386,28.276877761413843
E01011684,171.06306076417818,1.1702018669105156,9.288824383164004,0.157,0.5653249575011102,65.47169811320754
E01011685,156.6845644442175,0.8359141771442443,10.3023516237402,0.062,0.628689199152951,20.889487870619945
E01011686,163.08993260782597,0.606407550410522,10.071090047393366,0.443,0.4277532644847736,44.26229508196721
E01011687,159.0306139285151,1.3579841023658326,8.292682926829269,0.093,0.7165651141320356,42.053789731051346
E01011688,164.82634277919945,1.1670426584030034,8.409785932721713,0.197,0.4647362084789422,28.63247863247863
E01011689,162.9056486270026,0.8722562182698754,10.63321385902031,0.139,0.38835201350707527,30.483271375464682
E01011690,163.8835582212449,0.9104235194639381,12.589413447782546,0.045,0.4736547567409417,23.392857142857142
E01011691,156.6037336076971,0.7775466865941816,10.94391244870041,0.303,0.33208058563330217,16.05351170568562
E01011692,150.2504809388117,0.8886041239785634,10.463576158940398,0.076,0.45733640407936843,20.10221465076661
E01011693,156.74407487519267,1.0183887431816676,18.82793017456359,0.109,0.38950873750057813,40.08620689655172
E01011694,170.46195331686232,1.2128475970768615,19.404915912031047,0.062,0.6195545053646084,43.944636678200695
E01011695,161.73902062593945,0.6689291900614025,11.082138200782268,0.454,0.3527004502398878,54.147104851330205
E01011696,150.1492562227437,1.5850978124890434,7.658959537572255,0.044,0.7319842419778645,34.30962343096235
E01011697,143.20278587067583,1.2893965918646477,8.852005532503458,0.116,0.6946589251193426,18.73990306946688
E01011698,151.41758707723147,1.083596905587211,7.518796992481203,0.092,0.5585794221855502,55.61643835616439
E01011699,170.84752060027733,1.3112253982076107,4.605263157894736,0.046,0.6421292475647626,24.576271186440678
E01011700,161.12398011105248,0.8595030949414163,5.2215189873417724,0.078,0.48154900061254025,22.478991596638657
E01011701,141.6305288772508,1.172527276763505,5.305466237942122,0.072,0.5862244143943727,24.660633484162897
E01011702,135.32695746661878,1.6326421564043923,3.757225433526012,0.025,0.8382820389072225,28.404669260700388
E01011703,162.0606458535841,1.4704994163758218,4.0201005025125625,0.015,0.6801520730061769,36.858974358974365
E01011704,149.3087088480649,0.8452426902819841,7.475083056478406,0.168,0.5159788548578353,14.605647517039921
E01011705,157.8914752280947,0.9256200428504869,10.222222222222223,0.255,0.4446041466675818,25.59652928416486
E01011706,152.90012930985793,1.539568686609608,4.9079754601227,0.035,0.7654507417033081,24.88479262672811
E01011707,168.44096163344602,1.1427643359581319,7.643312101910828,0.153,0.5721180378122395,31.713554987212277
E01011708,152.3329486809972,1.4606331754728437,8.787878787878787,0.076,0.6406721616786705,21.683673469387756
E01011709,158.67966401982363,1.2547862522983397,5.47945205479452,0.091,0.5498628078233334,13.615023474178404
E01011710,161.91421167989174,1.2688056622071187,6.0698027314112295,0.074,0.5710567458408503,15.268817204301074
E01011711,158.11951379263616,1.416033032324826,8.213256484149856,0.082,0.5930020840152749,11.336032388663968
E01011712,155.30376466463335,1.5480679056736735,11.81959564541213,0.103,0.623041139056393,17.980295566502463
E01011713,153.90161737395192,1.6081317811561455,8.243243243243244,0.039,0.7615310859022554,23.870967741935484
E01011714,149.84656051588416,1.0614401779931635,4.551045510455105,0.134,0.5314419017491004,18.73727087576375
E01011715,151.68076214816273,1.3011306362068351,6.732348111658457,0.059,0.5959962151390239,24.250681198910083
E01011716,164.8883967674997,1.3694522189555878,8.472012102874432,0.129,0.6977560503213037,31.73076923076923
E01011717,157.23701499520172,0.8986231993857655,7.246376811594203,0.25,0.48411651218703783,19.88527724665392
E01011718,133.95623444339503,0.9093231624030489,7.921928817451206,0.285,0.49057803055988247,27.043090638930163
E01011719,164.21951512281032,1.27191430940327,9.25373134328358,0.105,0.5860845881948304,40.198511166253105
E01011720,134.75867684824055,0.7175823025853122,11.596180081855389,0.397,0.42536034421430274,25.963149078726964
E01011721,115.4098442230262,0.6227513695204152,11.556240369799692,0.452,0.27034549292337073,55.917667238421956
E01011722,144.64319196494856,0.6762865086100751,9.157894736842104,0.337,0.3698444536723624,25.633383010432194
E01011723,130.47542336711294,0.6533283503821274,9.93288590604027,0.48,0.29546415670097503,32.357247437774525
E01011724,150.06470905311875,0.545566526120126,10.98527746319366,0.391,0.299886069276636,54.409317803660564
E01011725,145.81889444969505,0.5000679094008876,12.552891396332862,0.586,0.2686614908775629,33.89261744966443
E01011726,158.0088579984239,0.8467146619043905,12.82420749279539,0.426,0.39440855498226507,31.952662721893493
E01011727,169.9872977636521,1.155135392529625,6.346967559943582,0.141,0.5490043014692267,19.624217118997915
E01011728,159.20120276161035,1.4070103006988897,8.396946564885496,0.102,0.6329795845675404,25.39325842696629
E01011729,163.75113801873024,0.8868999297941883,17.044100119189512,0.447,0.36381979905566314,23.170731707317074
E01011730,140.8075664599793,0.929037626092116,10.74964639321075,0.503,0.47941945907045297,15.595075239398085
E01011731,166.82785243987,0.9474789812066189,8.137715179968701,0.137,0.46806426412529395,35.1010101010101
E01011732,163.51044585258413,1.0952716112327239,7.398568019093078,0.162,0.4745933792821805,23.6983842010772
E01011733,168.96237075875743,0.8192533823856534,9.765625,0.152,0.4185220544701527,39.00990099009901
E01011734,145.07460268815507,0.8656095481372696,6.304868316041501,0.12,0.5193450322696949,32.62342691190707
E01011735,142.36446606544413,0.6339664163351699,12.048192771084338,0.493,0.32294314514159905,32.6530612244898
E01011736,163.09844464814856,1.0837396430911455,9.29203539823009,0.144,0.5014175425900361,35.57692307692308
E01011737,149.22844181967892,0.9032879771335799,15.260545905707197,0.416,0.3548351045042584,21.922428330522767
E01011738,167.60332943403026,1.1238005062587937,7.814761215629522,0.13,0.539871063411678,29.064039408866993
E01011739,150.68257229654446,0.6086697666765871,12.58023106546855,0.458,0.4116324141034888,39.382940108892925
E01032487,163.29475939923313,0.8751638505221785,10.351966873706004,0.358,0.44897790397990067,36.33633633633634
E01032488,155.91856962701786,0.9813493487171003,5.653266331658291,0.081,0.4567244585881993,23.38403041825095
E01032489,160.5521098927892,0.8953793104351838,11.414634146341465,0.172,0.39690845304626476,18.73508353221957
E01032490,174.08589141592964,1.1658152989179615,4.433497536945813,0.091,0.5415897466876483,44.81012658227848
E01032491,165.59336431603606,1.0874038734755072,4.414587332053743,0.07,0.5245515581626303,35.66666666666667
E01032492,145.4208572680171,0.6187814825397098,14.695340501792115,0.342,0.3117206186232757,22.067363530778163
E01032493,170.7270659511204,0.9836235808979924,7.280832095096583,0.098,0.49477269655408346,28.44638949671772
E01032494,163.54532506544814,0.9256970361852473,15.052356020942408,0.421,0.461711636277828,29.31726907630522
E01032496,151.94262748076937,0.9960449317102698,6.4,0.137,0.4329650737628477,18.08066759388039
E01032497,175.77920364637123,0.9701188861999506,11.676646706586826,0.435,0.44581145779626,29.53271028037383
E01032498,172.87622165433325,1.2425740217938432,10.331125827814567,0.188,0.5414569339545108,42.226890756302524
E01032499,160.6616391966109,1.060612258475304,7.629427792915531,0.148,0.5155188600092575,34.90196078431372
E01032500,161.51269296032228,0.9492126256807715,22.67267267267267,0.474,0.3173827468218003,37.63955342902711
E01032501,178.12528823242405,1.1976693523971742,8.333333333333332,0.066,0.6113815487733741,58.285714285714285
E01032502,161.84795928645704,0.7643781157383325,10.555555555555555,0.393,0.37776903482599655,47.55905511811024
E01032503,152.76308861355182,1.5918901339002747,7.751937984496124,0.048,0.6763666349926682,14.882506527415144
E01032504,156.75355532964616,1.7971822805857445,6.033376123234917,0.132,0.9564515005956515,21.866666666666667
E01032606,141.29146706768736,0.5585377019691996,8.24742268041237,0.257,0.2758733961699333,21.58273381294964
E01032607,168.5956107171135,0.7076241736215801,16.420118343195266,0.42,0.31217143720899154,21.21212121212121
E01032608,175.01722396187,1.1322966386571087,18.53211009174312,0.342,0.4177225923808339,32.572614107883815
E01032876,149.77818127242674,1.353801499145635,8.21917808219178,0.045,0.7161417996375987,21.868787276341948
E01032946,168.30425680900342,0.8925535627627869,19.428571428571427,0.069,0.432497830351112,33.02752293577982
E01033002,109.3548620071127,0.11803233698245129,9.021842355175687,0.329,0.18195465783623005,55.348837209302324
E01033003,82.96486516633315,0.0595447603490931,9.496753246753247,0.464,0.0960465872662517,47.87316318638825
E01033008,161.71858701528038,0.11038142453407598,11.605723370429253,0.109,0.15666424041992488,53.26732673267327
E01033010,184.65042576583338,0.13338301002375894,15.590742996345918,0.028,0.16361850360355762,55.9177888022679
E01033011,85.83300429816734,0.056022006553448425,8.55683269476373,0.087,0.09613757946454843,70.6074461136512
E01033013,80.991206535393,0.10014052714291091,13.660477453580905,0.404,0.060247764613099386,74.50096587250484
E01033015,67.24038259951365,0.01991876300307213,7.230142566191446,0.024,0.059275702112348,92.3225806451613
E01033016,113.47686012143893,0.09051229301882872,7.397260273972603,0.088,0.1846841862318448,69.78335233751424
E01033021,111.71265154753489,0.22346632850516174,9.964726631393296,0.331,0.20184212157384793,50.24061597690087
E01033031,131.19295920846332,0.08729803496120869,9.877913429522753,0.352,0.1485890938307968,77.40863787375415
E01033033,58.85276179639143,0.03245124464853535,8.93371757925072,0.103,0.10295692073499023,77.35849056603774
E01033034,96.51526882083006,0.04420650894217799,6.777893639207508,0.033,0.10655342786781219,76.86116700201208
E01033035,78.24860948685779,0.055329295955920926,11.346633416458852,0.595,0.03474442566641518,75.23680649526388
E01035040,195.4497304105197,1.7018390887619208,28.59649122807017,0.096,0.6533745807030713,39.1566265060241
E01035041,179.98749629500307,1.0899547553503786,22.19873150105708,0.061,0.49156532734810066,34.868421052631575
E01035042,206.6947332863098,0.36709255961839454,16.297786720321934,0.153,0.29609992871659513,33.840947546531304
E01035043,186.86233853798467,0.7590122246952022,21.13289760348584,0.19,0.3451208246562483,32.04225352112676
E01035044,230.75892535124015,0.812666829031941,22.786647314949203,0.084,0.4328642333428162,72.42744063324538
E01035045,205.82368386207207,0.4095916802851382,19.113149847094803,0.11,0.3465889224651881,58.96774193548387
E01035046,77.12978696084187,0.012220302672004817,8.438287153652393,0.023,0.04472289722995889,97.8988326848249
E01035047,115.16973475258379,0.13459385097737142,9.566517189835576,0.408,0.12686498498529034,57.562408223201174
E01035048,144.4575255099278,0.6656926657991876,5.637254901960785,0.174,0.38179911641923925,17.014446227929376
E01035049,127.44992749960961,0.4544486460976482,4.12087912087912,0.114,0.35399131404739004,29.954614220877456
E01035050,141.38375522062586,0.822326145134204,8.607198748043817,0.244,0.4598918638361355,22.98624754420432
E01035051,155.2564403191435,0.9605551407090133,3.633491311216429,0.105,0.4348220827811568,38.52459016393443
E01035052,136.8868627084467,0.5981570162070146,10.161290322580644,0.28,0.2686101151113189,34.11016949152542
E01035053,133.1293535541897,0.6913172894588945,5.217391304347826,0.141,0.5124436038502512,16.356877323420075
E01035054,95.42852350224982,0.0702193177998904,7.681660899653979,0.036,0.21379584564527168,91.75257731958763
