lsoa21cd,p_top20
E01011264,0.112
E01011265,0.0
E01011266,0.0
E01011267,0.0
E01011268,0.0
E01011269,0.0
E01011270,0.918
E01011271,0.006
E01011272,0.161
E01011273,0.0
E01011274,0.0
E01011275,0.081
E01011276,0.0
E01011277,0.127
E01011278,0.0
E01011279,0.0
E01011280,0.0
E01011281,0.0
E01011282,0.001
E01011283,0.32
E01011284,1.0
E01011286,0.026
E01011287,0.0
E01011292,0.0
E01011293,0.346
E01011294,0.032
E01011295,0.106
E01011296,0.0
E01011297,0.131
E01011298,0.0
E01011299,0.0
E01011300,0.283
E01011301,0.011
E01011302,0.05
E01011303,0.0
E01011304,0.0
E01011305,0.075
E01011306,0.347
E01011307,0.003
E01011308,0.001
E01011309,0.0
E01011310,0.0
E01011311,0.275
E01011312,1.0
E01011313,0.97
E01011314,0.882
E01011315,0.364
E01011316,1.0
E01011317,0.0
E01011318,0.0
E01011319,0.868
E01011320,0.908
E01011321,0.369
E01011322,0.019
E01011323,0.0
E01011324,0.849
E01011325,0.0
E01011326,0.344
E01011327,0.0
E01011328,0.0
E01011329,0.076
E01011330,0.228
E01011331,0.0
E01011332,0.593
E01011333,0.147
E01011334,0.036
E01011335,0.0
E01011336,0.0
E01011337,0.855
E01011338,0.0
E01011339,0.0
E01011340,0.253
E01011341,0.138
E01011342,1.0
E01011343,0.0
E01011344,1.0
E01011345,0.0
E01011346,0.0
E01011347,1.0
E01011348,0.441
E01011349,0.0
E01011350,0.058
E01011351,0.0
E01011352,0.0
E01011353,0.0
E01011354,0.0
E01011355,0.015
E01011356,0.0
E01011357,0.173
E01011358,0.0
E01011359,0.0
E01011360,0.999
E01011361,0.006
E01011362,0.0
E01011363,0.0
E01011364,0.0
E01011366,1.0
E01011368,1.0
E01011369,0.039
E01011370,0.343
E01011371,0.098
E01011372,1.0
E01011373,0.233
E01011374,1.0
E01011375,1.0
E01011376,0.748
E01011377,0.349
E01011378,0.0
E01011379,0.0
E01011380,0.0
E01011381,0.211
E01011382,0.089
E01011383,0.019
E01011384,0.04
E01011385,0.305
E01011386,0.858
E01011388,0.0
E01011390,0.0
E01011391,0.051
E01011392,0.0
E01011393,0.031
E01011394,0.001
E01011395,0.003
E01011396,0.0
E01011397,0.333
E01011398,0.496
E01011399,0.217
E01011400,0.114
E01011401,0.03
E01011402,0.0
E01011403,0.0
E01011404,0.197
E01011405,0.0
E01011406,0.078
E01011407,0.004
E01011408,0.0
E01011409,0.0
E01011410,0.0
E01011411,0.0
E01011412,0.0
E01011413,0.668
E01011414,0.019
E01011415,0.0
E01011416,0.129
E01011417,0.0
E01011418,0.0
E01011419,0.0
E01011420,0.028
E01011421,0.148
E01011422,1.0
E01011423,0.882
E01011424,0.996
E01011425,0.82
E01011426,1.0
E01011427,1.0
E01011428,1.0
E01011429,1.0
E01011430,1.0
E01011431,0.018
E01011432,1.0
E01011433,1.0
E01011434,1.0
E01011435,0.994
E01011440,0.121
E01011441,0.382
E01011442,0.554
E01011443,0.005
E01011444,0.701
E01011445,1.0
E01011446,1.0
E01011447,1.0
E01011448,0.734
E01011449,0.998
E01011450,0.0
E01011451,0.0
E01011452,0.558
E01011453,0.0
E01011454,0.091
E01011455,0.474
E01011456,0.06
E01011457,0.481
E01011458,0.347
E01011459,0.0
E01011460,0.0
E01011461,0.692
E01011462,0.175
E01011463,0.025
E01011464,0.0
E01011465,0.0
E01011466,0.012
E01011467,0.0
E01011468,0.0
E01011469,0.0
E01011470,0.054
E01011471,0.03
E01011472,0.256
E01011473,0.335
E01011474,0.347
E01011475,0.185
E01011476,0.026
E01011477,0.0
E01011478,0.321
E01011479,1.0
E01011480,0.665
E01011481,0.376
E01011482,0.88
E01011483,0.244
E01011484,0.402
E01011485,0.0
E01011488,0.042
E01011489,0.0
E01011491,0.258
E01011492,0.001
E01011493,0.005
E01011494,0.043
E01011496,0.0
E01011497,0.439
E01011500,0.0
E01011502,0.02
E01011504,0.0
E01011505,0.228
E01011506,0.968
E01011507,0.788
E01011508,0.938
E01011509,0.0
E01011510,0.0
E01011511,0.047
E01011512,0.0
E01011513,0.0
E01011514,0.146
E01011515,0.004
E01011516,0.889
E01011517,0.007
E01011518,0.0
E01011519,0.046
E01011520,0.008
E01011521,0.0
E01011522,0.012
E01011523,0.0
E01011524,0.0
E01011525,0.0
E01011526,0.002
E01011527,0.0
E01011528,0.001
E01011529,0.016
E01011530,0.0
E01011531,0.108
E01011532,0.021
E01011533,0.0
E01011534,0.001
E01011535,0.04
E01011536,0.0
E01011537,0.0
E01011538,0.0
E01011540,0.026
E01011541,0.0
E01011545,0.003
E01011546,0.0
E01011547,0.0
E01011548,0.132
E01011549,0.913
E01011550,0.0
E01011551,0.001
E01011552,0.54
E01011553,0.001
E01011554,0.01
E01011555,0.056
E01011556,0.012
E01011557,0.064
E01011558,0.004
E01011559,0.04
E01011560,0.0
E01011561,0.0
E01011562,0.276
E01011563,0.0
E01011564,0.33
E01011565,0.485
E01011566,0.0
E01011567,0.524
E01011568,0.0
E01011569,0.0
E01011570,0.0
E01011571,0.0
E01011572,0.0
E01011573,0.239
E01011574,0.0
E01011576,0.044
E01011578,0.0
E01011579,0.072
E01011580,0.021
E01011581,0.001
E01011582,0.0
E01011583,0.406
E01011584,0.0
E01011585,0.003
E01011586,0.029
E01011587,0.003
E01011588,0.001
E01011589,0.011
E01011590,0.181
E01011591,0.0
E01011592,0.0
E01011593,0.0
E01011594,0.173
E01011595,0.0
E01011596,0.0
E01011597,1.0
E01011598,0.0
E01011599,0.014
E01011600,0.0
E01011601,0.0
E01011602,0.0
E01011603,0.0
E01011604,0.0
E01011605,0.0
E01011606,0.513
E01011607,0.014
E01011608,0.0
E01011609,0.0
E01011610,0.0
E01011611,0.32
E01011612,0.0
E01011613,0.0
E01011614,0.0
E01011615,0.484
E01011616,0.297
E01011617,0.816
E01011618,0.996
E01011620,0.684
E01011621,0.924
E01011622,0.987
E01011623,1.0
E01011624,0.697
E01011625,1.0
E01011626,0.0
E01011627,0.006
E01011628,0.126
E01011629,0.0
E01011630,0.0
E01011632,0.303
E01011633,0.0
E01011634,0.0
E01011635,0.0
E01011636,0.0
E01011637,0.0
E01011638,0.01
E01011639,0.013
E01011641,0.808
E01011642,0.624
E01011643,0.0
E01011644,0.0
E01011645,0.007
E01011646,0.278
E01011647,0.993
E01011648,1.0
E01011649,0.425
E01011650,0.061
E01011651,0.0
E01011652,0.029
E01011653,0.0
E01011654,0.799
E01011655,0.0
E01011656,0.25
E01011657,0.692
E01011658,0.0
E01011659,0.1
E01011660,0.001
E01011661,0.0
E01011662,0.999
E01011663,0.188
E01011664,0.074
E01011665,0.035
E01011666,0.892
E01011667,0.852
E01011668,0.889
E01011669,0.978
E01011670,0.0
E01011671,0.046
E01011673,1.0
E01011677,0.656
E01011678,0.0
E01011681,0.0
E01011684,0.188
E01011685,0.0
E01011686,0.0
E01011687,0.636
E01011688,0.001
E01011689,0.0
E01011690,0.0
E01011691,0.0
E01011692,0.0
E01011693,0.024
E01011694,0.567
E01011695,0.017
E01011696,0.618
E01011697,0.0
E01011698,0.183
E01011699,0.0
E01011700,0.0
E01011701,0.012
E01011702,0.388
E01011703,0.014
E01011704,0.0
E01011705,0.0
E01011706,0.052
E01011707,0.0
E01011708,0.041
E01011709,0.0
E01011710,0.0
E01011711,0.0
E01011712,0.001
E01011713,0.198
E01011714,0.0
E01011715,0.0
E01011716,0.108
E01011717,0.0
E01011718,0.0
E01011719,0.0
E01011720,0.0
E01011721,0.0
E01011722,0.0
E01011723,0.0
E01011724,0.0
E01011725,0.004
E01011726,0.005
E01011727,0.0
E01011728,0.09
E01011729,0.016
E01011730,0.0
E01011731,0.003
E01011732,0.016
E01011733,0.014
E01011734,0.0
E01011735,0.0
E01011736,0.003
E01011737,0.008
E01011738,0.001
E01011739,0.01
E01032487,0.001
E01032488,0.0
E01032489,0.0
E01032490,0.011
E01032491,0.0
E01032492,0.005
E01032493,0.067
E01032494,0.114
E01032496,0.0
E01032497,0.064
E01032498,0.03
E01032499,0.001
E01032500,0.936
E01032501,0.193
E01032502,0.002
E01032503,0.0
E01032504,0.734
E01032606,0.0
E01032607,0.058
E01032608,0.003
E01032876,0.422
E01032946,0.203
E01033002,0.0
E01033003,0.0
E01033008,0.0
E01033010,0.0
E01033011,0.0
E01033013,0.0
E01033015,0.0
E01033016,0.0
E01033021,0.0
E01033031,0.0
E01033033,0.0
E01033034,0.0
E01033035,0.0
E01035040,1.0
E01035041,0.428
E01035042,0.0
E01035043,0.018
E01035044,0.648
E01035045,0.162
E01035046,0.0
E01035047,0.0
E01035048,0.0
E01035049,0.0
E01035050,0.0
E01035051,0.0
E01035052,0.0
E01035053,0.0
E01035054,0.0
