lsoa21cd,GRA_P,GRA_M,TOPSIS_P,TOPSIS_M,VIKOR_P,VIKOR_M,GRA_P_fixedW,rank_GRA_P,rank_GRA_M,rank_TOPSIS_P,rank_TOPSIS_M,rank_VIKOR_P,rank_VIKOR_M,rank_GRA_P_fixedW
E01011264,0.48162668736505837,0.4590613937756496,0.3189502898480411,0.31177001994309483,0.3067276643141774,0.29467105151273176,0.4799066902112195,151,177,208,210,203,206,155
E01011265,0.4140845462647529,0.4078998667647144,0.20348570821272507,0.20460352185276376,0.15644590882115994,0.15721747087967342,0.41340296017085604,454,448,420,412,355,343,454
E01011266,0.3935822074700223,0.3954749043336129,0.14668632848495608,0.1559847083554449,0.020869496698766143,0.03059534557520016,0.39319469161403653,485,481,486,486,487,485,485
E01011267,0.4300726441749767,0.418613565341688,0.2830351498905584,0.2807958066957005,0.27231536346308105,0.2680429855080111,0.429470365949707,391,389,250,246,225,229,391
E01011268,0.43643587859335675,0.4276319570744061,0.35118327918554776,0.3488027359216115,0.3522305330396762,0.35276485394761026,0.43585723150608574,353,320,182,180,184,179,351
E01011269,0.41631954472007415,0.41207032576150504,0.2475329892818629,0.24899704142213053,0.2213832291246266,0.22634069560604353,0.4155544625612364,449,428,300,292,268,257,449
E01011270,0.5146530853455498,0.5195102159408108,0.2563082134068167,0.2726523711233777,0.14890111369189007,0.16327393236072463,0.5136069180670578,72,52,285,259,370,332,74
E01011271,0.4288039963990223,0.4162594194591014,0.1861917807552317,0.1864937741567395,0.09550986288648211,0.08906694115407965,0.42792455913626054,398,407,456,458,449,454,398
E01011272,0.45544646237428643,0.4226009316076953,0.2040050825790163,0.19328491809062892,0.11261733175967659,0.08904861401961184,0.4542080151933379,248,365,414,441,422,455,248
E01011273,0.4236264942051058,0.40759323465974434,0.20541400363682813,0.20045794813007917,0.16247295356633373,0.1511357047960905,0.42244815147135634,423,450,410,424,344,354,424
E01011274,0.4582160062914753,0.4480203061874352,0.40053192933183723,0.3978434578487278,0.4227798835117724,0.4238611304361831,0.45755393966346963,236,228,145,144,144,145,235
E01011275,0.4429019615471176,0.42725788145364507,0.24995480598075814,0.24741440077804025,0.23261045246742462,0.2253728469881665,0.4416341756412142,316,322,295,295,253,258,317
E01011276,0.4139223774342393,0.4027642759360699,0.1725494047396717,0.17124214690079406,0.09090340480406567,0.08427834557008884,0.4130276234764191,455,467,476,477,456,461,455
E01011277,0.4469396859011406,0.4210692600933305,0.21612408485886772,0.20682694551593309,0.15701340911201345,0.1381497056202995,0.4450868802681655,298,371,372,406,354,379,302
E01011278,0.43247170748662944,0.4246495828546778,0.19129283512296202,0.19755825179345787,0.1127970173300894,0.11346594931562448,0.43132733109299265,376,346,444,435,420,414,379
E01011279,0.4331880305899537,0.41867574332924345,0.2062827902071309,0.20351016506820535,0.14339277396860906,0.13595444705062742,0.4320627569128857,370,388,407,415,382,383,373
E01011280,0.414809555065979,0.4032762065760195,0.17398966773064709,0.17101147621171597,0.0820275429216133,0.07383034232293828,0.4138957535590855,453,465,473,478,463,474,453
E01011281,0.44958494359995554,0.44142842225306267,0.3753017149664183,0.3746368017137277,0.3921125346104839,0.3954405715369349,0.4493438635952196,280,248,160,157,156,152,278
E01011282,0.48308980181322503,0.4625737671887717,0.4514020735093718,0.4447865151128177,0.49886412805623004,0.48720404659452143,0.48262675059577476,147,172,124,125,115,122,145
E01011283,0.5136534458257672,0.4974510677998239,0.5418369024032808,0.537290421485166,0.6195880188668605,0.6179392007895784,0.5138353616263311,75,80,62,62,47,50,72
E01011284,0.5536454192733335,0.524277518234879,0.5247123499817812,0.5097938812339284,0.5831141652493235,0.5639175939356931,0.5512140798159559,34,47,74,85,64,83,35
E01011286,0.4625469535464548,0.43588290891106296,0.2778807353640013,0.2688070040618837,0.2683451985648435,0.25018886716786515,0.46094861257140074,219,272,256,263,230,241,220
E01011287,0.43101034281685496,0.4145220435640522,0.2472418098699737,0.2432947391494101,0.2253498016749822,0.2149494506733286,0.4302843063305023,385,415,302,303,260,267,385
E01011292,0.4820506172673027,0.48057083989878113,0.5269169585816121,0.5241215911326019,0.552997652852786,0.5765398772847843,0.48283183102365257,149,118,72,71,87,74,142
E01011293,0.49728411889637913,0.488643097841355,0.5169575399761893,0.5137139788749521,0.5249431406493669,0.5393310086926743,0.49714813950268494,108,100,83,79,104,98,105
E01011294,0.49273351221398215,0.479283605012639,0.4841859233820981,0.48241166995996526,0.5355195835116373,0.5454096952115763,0.49257446348063283,117,120,103,103,97,95,117
E01011295,0.47040166062011657,0.45161712503317214,0.4337995844793204,0.42756806184874807,0.47199579580331497,0.46042033639901314,0.4700362811882184,190,208,133,134,126,133,189
E01011296,0.4422297864425253,0.4200580312251704,0.20304029546134658,0.19646902268941666,0.12435612191741685,0.10933184209474889,0.4408170339296453,320,378,422,436,407,420,320
E01011297,0.4574853875830801,0.43751084466059187,0.22013080135870777,0.22087211094931142,0.15045107701515947,0.14436993736872683,0.45710433938150175,238,265,365,360,368,371,237
E01011298,0.4750636117180593,0.4526697531100163,0.37854085080720284,0.37381904970621666,0.4095682012110322,0.39921975644098584,0.47524536959324254,174,201,159,160,150,150,171
E01011299,0.41660378965795863,0.40572543938642724,0.2278180387761183,0.22365504026928756,0.1897365568812781,0.18387106275671083,0.41649332106635434,448,457,339,348,301,303,446
E01011300,0.4964811635271829,0.4708351812206998,0.3879761755495859,0.37886128620375353,0.4063289455536572,0.39048778702500675,0.495098515492718,109,145,153,154,154,155,111
E01011301,0.4546188955159061,0.41757625182465896,0.20497671369998424,0.18983383752164967,0.11987948983391683,0.09074087920766716,0.4532705860913405,253,398,411,448,413,451,255
E01011302,0.45347795605135294,0.42681451552148253,0.2042636263599434,0.19965161110308494,0.12015140309129912,0.1051009945562088,0.45274103154494716,256,326,412,428,411,428,257
E01011303,0.45195485489720766,0.4284073574839418,0.284326855139767,0.27668675666127246,0.280196029782407,0.2640489900303098,0.45068720235522985,264,312,246,253,218,231,268
E01011304,0.4340384654184422,0.4245824030132367,0.3332401231215578,0.3309818025367369,0.33168149954772996,0.3303094364667254,0.4336344148386425,366,347,199,199,193,193,365
E01011305,0.4522325494405122,0.4239775818818582,0.2552640849354756,0.2426042583695461,0.2209640136522676,0.19712767252981211,0.4508255458520407,262,355,287,305,269,288,266
E01011306,0.4748010660151878,0.43272362849313184,0.23892432514462908,0.2229211895260104,0.17494777633438763,0.1446716679761475,0.4729668017083664,176,292,322,351,321,370,176
E01011307,0.4611783631996354,0.4343766901016693,0.3042723134601566,0.2939063907954724,0.3087901111967568,0.288438264161168,0.4602609161352744,222,284,218,226,202,210,222
E01011308,0.44889351392745136,0.4238934537659603,0.2633187812062651,0.25204340679103937,0.2453852300793089,0.2252634857871878,0.4477044487347541,283,357,276,282,247,259,287
E01011309,0.44984263151702936,0.43468730593712857,0.23056916988293186,0.22994539504881772,0.17439197830722364,0.16994297448036644,0.44876026872423,277,281,334,335,322,320,282
E01011310,0.43019217556830935,0.4257328794879779,0.2073778541623031,0.21542476030822788,0.1447378859534787,0.15008303304128434,0.4295581022942266,390,340,401,378,378,356,390
E01011311,0.466562412819886,0.5003430834507756,0.2142204504067834,0.24846209778432163,0.10410044657305317,0.1363090975130281,0.46630938560930146,201,76,376,293,438,382,199
E01011312,0.6076317105406372,0.5894679492046292,0.6666217679286467,0.6555215867950911,0.778125762088987,0.7799470064323757,0.6065421367761119,18,17,22,22,14,15,18
E01011313,0.5610623846893702,0.5304896930740906,0.5637482305775758,0.5528638157087181,0.640242196579984,0.6288608101795686,0.5598100830643801,28,40,47,52,37,43,28
E01011314,0.5483569735068536,0.5136123795063642,0.5238071514371239,0.5102431995074244,0.586878680301516,0.5668962504764703,0.5467253352953526,37,55,75,83,61,79,37
E01011315,0.5096896049820561,0.49106052855977816,0.49329785162962486,0.49106582773802093,0.5633643600798102,0.5625938355659776,0.509461419035315,87,91,98,97,79,85,84
E01011316,0.5917049775584553,0.5871027597839802,0.6389462439776626,0.6345890025313674,0.7385209308193095,0.7574281239645626,0.5905359841070285,21,19,24,24,18,18,22
E01011317,0.47863256074259064,0.4673420854009339,0.5060280953557601,0.5014271076804904,0.539463289289166,0.5455792086643658,0.4793944081793359,162,156,90,90,91,94,160
E01011318,0.5052160212867474,0.496887777265304,0.5596048904953641,0.5558025791567752,0.6164689682162763,0.6293299802209038,0.5063893753082734,91,83,51,51,49,42,90
E01011319,0.5125523012151744,0.488662206797121,0.46906678208115915,0.46587932744243227,0.536424486735239,0.5309918078800521,0.5115883418394133,78,99,115,116,95,104,79
E01011320,0.5106904505648078,0.48818097555879614,0.39430619627516084,0.38872529576848847,0.41888820321387565,0.4127009895900513,0.5089484877661405,83,101,148,148,146,147,85
E01011321,0.502701510768555,0.490668405855735,0.5150576521502628,0.5124553236192858,0.5802271747217786,0.5852904022725708,0.5022405840916419,93,94,84,81,65,68,93
E01011322,0.46047880077664144,0.4508805756258061,0.3424709047459122,0.3440250957011369,0.36186145550194593,0.36583598173280896,0.4594523838500525,225,213,191,185,176,169,226
E01011323,0.446869677898151,0.4291710836211532,0.3373171622508718,0.33294263898722914,0.34876301672007504,0.33815693895763643,0.4463319171030296,299,309,193,197,186,188,298
E01011324,0.5304094266227394,0.5038090566022176,0.520063163672547,0.5095191939070606,0.5784096924176546,0.5687841121493653,0.5280701558225099,49,66,79,86,67,76,53
E01011325,0.44053311708527065,0.4226207846017659,0.29574146143469804,0.2880612695230202,0.29119398332429003,0.27681938909047177,0.43982220706109765,331,364,226,234,210,220,328
E01011326,0.511376837368697,0.4903486054087343,0.5106874049226039,0.5032181559640128,0.5746785717388385,0.5664039224536217,0.5107237919699013,80,95,87,88,71,81,81
E01011327,0.44097810270312954,0.42617601085747386,0.3573350648337624,0.3529437560531173,0.36594359807725496,0.3569607028782724,0.4404979955904986,327,331,174,174,169,176,324
E01011328,0.4439901456460533,0.4305230366480092,0.33097543695382164,0.3278077971479588,0.33876054992020466,0.33346540162159277,0.44328725629638877,311,302,201,201,190,192,311
E01011329,0.4535851449649849,0.43146781131382855,0.24874975996926707,0.23909684347453763,0.17969624438874976,0.16222928141363224,0.4517694109322777,255,297,298,317,317,336,262
E01011330,0.4841949526747301,0.4575829423231473,0.3505712332433089,0.3410270214244713,0.3617154197185475,0.3442899508848475,0.4827036020511544,140,183,183,188,177,186,143
E01011331,0.4533134879493613,0.43810173111409734,0.3065086819552709,0.30138407970571507,0.30284826675401,0.29640508541701005,0.4521063784225395,257,260,217,216,205,205,259
E01011332,0.5298437213595685,0.5160392297262476,0.5827742827869726,0.5772103668543178,0.6662063639347269,0.6691901345498895,0.5299798726948515,50,53,39,42,30,30,48
E01011333,0.4769493275674039,0.45499567736471697,0.3661561968435161,0.36005045957771875,0.3915783311560811,0.38099698718333674,0.47533504387131437,168,194,170,169,157,158,170
E01011334,0.4515867418228888,0.4386506995712853,0.36204829387066834,0.35623157289899426,0.36618864432369014,0.3605418823218751,0.45059907471842703,268,256,172,171,168,173,269
E01011335,0.4306918361703281,0.41647681209805865,0.26733504765510285,0.26495436034124137,0.2511866627867161,0.2441471654522639,0.42991503208810344,387,404,267,270,242,246,388
E01011336,0.45296823073569353,0.4466409718034902,0.44282642628477814,0.44110542890202303,0.4662008604532393,0.4716247041343843,0.453423774157216,259,229,128,127,127,127,253
E01011337,0.551445215720533,0.5463410354341092,0.6355726050410732,0.6311236958007173,0.7310007735507742,0.7469106616478238,0.5520291761224284,35,29,25,25,21,21,34
E01011338,0.4834851769012331,0.4789373973967477,0.5459421198222179,0.5392473027904271,0.5791516392471222,0.5925183586966587,0.4846595528415076,146,121,61,61,66,62,137
E01011339,0.4460122551568678,0.4481269554787999,0.4208196478465306,0.4224540680952185,0.4305361638550168,0.45113954602800543,0.44661987678752324,303,225,135,135,143,136,297
E01011340,0.5146597896692442,0.5013469850432535,0.5537268701749827,0.5506277737416917,0.6213915122059435,0.630871351482214,0.5149757253477965,71,75,58,55,46,41,69
E01011341,0.4841417469460665,0.4628550186975547,0.35425133846934503,0.3509874096287553,0.37791074578340744,0.37178238283870924,0.4842052438517647,141,170,177,175,161,161,139
E01011342,0.558219118920013,0.536171057004751,0.5966403084632009,0.5924998152893863,0.7050830609353705,0.704049204414694,0.5581770405963564,30,37,34,34,25,27,31
E01011343,0.42254621660431807,0.4152085231317428,0.3041904379264398,0.3020224184114596,0.29016611188728814,0.29001085192232834,0.4224810107429339,425,410,219,215,212,208,423
E01011344,0.7485899322642133,0.7183327915078254,0.843264217055343,0.8146743165438116,0.9753521658120097,0.9511879430973086,0.7486874454170864,4,4,3,4,3,4,4
E01011345,0.4561109147674852,0.44977836062753973,0.40935040916280785,0.40938509858508626,0.4346484661519202,0.44154035987359774,0.456121639867493,243,220,140,141,141,138,239
E01011346,0.4642025713192126,0.46074007871114997,0.478290848179018,0.47572496417959953,0.5064503975505812,0.5175429915374877,0.4647076095085585,213,174,107,108,113,110,208
E01011347,0.7192945691137794,0.6924763151006855,0.8171489056787431,0.7966961698662431,0.9563413843990622,0.9447271860876725,0.7189117959277789,6,7,5,6,5,6,7
E01011348,0.5271287768914712,0.5267298374319742,0.5834510830660539,0.5839185440812877,0.5567655022623017,0.5844898557360071,0.5279560796457853,54,45,38,37,85,69,54
E01011349,0.47095886901806727,0.4650151920806263,0.5182931113527138,0.5107933151911165,0.5441051482899592,0.5475800187304182,0.4719482930471325,189,167,82,82,89,92,182
E01011350,0.44138511913039913,0.42683679364969845,0.22082231408492825,0.2164275042416243,0.14552321559958603,0.13661442085262898,0.43985784289015983,325,325,362,374,377,381,327
E01011351,0.42662581692420587,0.41270903522334473,0.21059033450861067,0.20354178897738381,0.14379243713021828,0.13331377586216642,0.42522221176065805,413,426,386,414,381,386,415
E01011352,0.43370459317218857,0.42576649277289397,0.26597905738325656,0.26084990615946035,0.22429836677474602,0.22300324834469798,0.4323233827110741,369,339,270,274,262,261,370
E01011353,0.43524421170492583,0.42400486695211437,0.21646446341726772,0.2136830835756884,0.12743306482270222,0.12145870055781538,0.43413738882514213,360,354,370,385,403,404,362
E01011354,0.49154685853997104,0.48127732876579515,0.5271227716409755,0.5230903948981885,0.5580227106319566,0.567040710486855,0.49274872181017465,118,115,71,72,83,78,116
E01011355,0.4777800847877128,0.4662464128125531,0.43269566553605476,0.42848630459824366,0.4656263457722345,0.46628840948700134,0.4770717744970091,164,161,134,133,128,131,164
E01011356,0.4220058946388148,0.42016028166132785,0.2465504721075478,0.24672927414110196,0.20605637948513822,0.21402171055405528,0.4210386807641695,429,377,306,298,286,268,431
E01011357,0.5171663335051101,0.5037988529285428,0.5606050187785983,0.5558640537219925,0.5571774868712291,0.563958706228346,0.5178208179126904,67,67,49,50,84,82,67
E01011358,0.4770951884837878,0.4731772935787907,0.4761927404379023,0.4734844081146754,0.5089370846361106,0.5206518969901299,0.4769836744165795,166,135,109,110,110,107,165
E01011359,0.4584027935953129,0.4433144200833809,0.35364567065391134,0.3467277076709121,0.36060665606560505,0.3525292624906804,0.45774966771059855,233,240,179,184,178,180,233
E01011360,0.5917006633578485,0.5846307732749153,0.6711177200062521,0.6704249775142164,0.7376555125770492,0.7609625845776984,0.5925577719176026,22,20,21,20,19,17,21
E01011361,0.528567486283318,0.520051769847284,0.5963677835049909,0.5927321180150175,0.6229267928089157,0.6372175863157967,0.5297609872341635,51,51,35,33,45,39,49
E01011362,0.4530658543411953,0.45501462365587925,0.4666997876549682,0.4660206833375124,0.4799021735652953,0.5010252648117823,0.45356858360432256,258,193,118,115,121,117,252
E01011363,0.5030513368612421,0.5031663457815577,0.5767161832746743,0.5754551603111673,0.5623632281272151,0.5883041830097286,0.5052619963246973,92,70,43,43,80,64,92
E01011364,0.4681563754237318,0.47781684899330057,0.5101203345629052,0.5140699879494796,0.49458106349024167,0.5383518909096848,0.4694324295586504,196,129,88,78,116,101,194
E01011366,0.6123765953280882,0.5955301190942395,0.7055749514816653,0.6928897858054647,0.7980601438723568,0.8063167453454168,0.6120676033935962,17,16,12,13,12,12,17
E01011368,0.6437856845088471,0.6089117722020485,0.697131459457539,0.6810265185322847,0.772433360772209,0.7611112679497698,0.6427728036980018,12,13,15,17,15,16,11
E01011369,0.4265451346161134,0.4188189992539676,0.2835857105627945,0.2822076247025851,0.2700636430885087,0.2710071606303578,0.4255577166073303,414,387,248,243,228,225,412
E01011370,0.5141284422501491,0.5102803703646649,0.5329454881717534,0.5310953950637861,0.5953943067707976,0.6107384357752149,0.5136559313278456,74,58,66,63,57,55,73
E01011371,0.5311910331368688,0.5231168730605082,0.6091341690610651,0.6024407979065091,0.5997955676837483,0.6116099245092412,0.5326642760998445,47,48,29,29,56,54,45
E01011372,0.6126670773953453,0.6046622980867633,0.7041185135208903,0.6957903589287681,0.778393423604951,0.797818480500775,0.6129045229325774,16,14,13,12,13,13,16
E01011373,0.527238810509539,0.525898926385709,0.5809042415091583,0.5824454480416599,0.5741229172253846,0.6010161511595539,0.528420962523033,53,46,41,39,72,56,51
E01011374,0.6009875607671591,0.5599047939434842,0.6042196538943488,0.5836458867906155,0.6872219396037076,0.659421938160806,0.5981516512629311,19,25,30,38,26,33,20
E01011375,0.659473482621224,0.6636022361431375,0.7617162144127236,0.7596077122556364,0.8392485166450856,0.8760771156293228,0.6604772146689182,9,8,9,8,10,9,9
E01011376,0.49733995054331903,0.4723210298710203,0.2551608677515861,0.25637195161737325,0.16970322140461702,0.16296470791728002,0.4970173718174371,107,141,288,275,328,333,107
E01011377,0.4767554002177441,0.4561859379195264,0.2417081374640084,0.24161723501375715,0.15432953618185752,0.1463632904714498,0.4754090610161366,169,190,316,309,362,367,169
E01011378,0.4837120220906995,0.4785191548087502,0.5304517071260527,0.5265917194058238,0.5781904103076506,0.5881488595957101,0.4843469321514924,143,123,67,68,68,65,138
E01011379,0.469911311461538,0.4567874035941554,0.4417047539559834,0.4384020160244782,0.47925255754337104,0.4777847787639401,0.4694837433177985,193,186,129,129,122,125,192
E01011380,0.43492189642575113,0.43848807673315016,0.20130659295181527,0.21661406890018775,0.1175035883952702,0.13066193913381285,0.43447648353963475,363,258,428,373,414,391,358
E01011381,0.46120144674329294,0.44255114947722973,0.22323216378100194,0.22611709256382825,0.15767912488619384,0.15286127799405924,0.46091691290467096,221,243,354,343,351,352,221
E01011382,0.46966764294825636,0.438044336627972,0.23765015497577813,0.22836463682250513,0.17027456105620264,0.14955949262513957,0.46805615575335907,194,261,324,339,326,358,196
E01011383,0.4493956258942282,0.444327161122566,0.2872207631102397,0.289778906367649,0.27736076908450424,0.2838155446366939,0.448595342369567,282,237,237,230,221,214,283
E01011384,0.4473977688551527,0.43358401297535987,0.26716724851134227,0.26335215179880567,0.24517055657435516,0.23902402399170908,0.4462693389446954,297,289,268,271,248,250,299
E01011385,0.4638299090907689,0.44601194437319547,0.22210802092972062,0.22703861659274416,0.1593816868094573,0.15603855257538768,0.46357835414921394,215,231,357,342,347,345,210
E01011386,0.4798905689113905,0.4819388799132467,0.22102544894692686,0.23899747468422253,0.13784766278059657,0.1488863658647428,0.4805540404726705,158,112,360,318,391,359,153
E01011388,0.4178746895770077,0.4073454372008106,0.25281805716965006,0.25181537965863765,0.2271651490976745,0.2231457566805637,0.41754560919147504,443,452,290,284,256,260,442
E01011390,0.45634661857573067,0.43586602087652915,0.3067627630902513,0.30079152513216456,0.3131759801070786,0.30092749219438564,0.4554079876200942,242,273,216,217,200,202,241
E01011391,0.480894570826122,0.4593869779029466,0.3530179913994796,0.3478164583083749,0.37563838717720965,0.3662704953917365,0.4796757153003933,154,176,180,181,163,168,159
E01011392,0.43627808622723585,0.41638955968892855,0.23788058601950107,0.23055457897704307,0.20982736402049929,0.19551106772925342,0.4356253241254836,354,406,323,333,281,290,352
E01011393,0.4484291434828568,0.42171955388168963,0.21509442714074717,0.2074281977095827,0.15402792540043653,0.13777150543728056,0.44785310093072184,290,368,374,404,363,380,286
E01011394,0.43258622544418923,0.413664395881134,0.207291265999044,0.2021540189585341,0.15216971590963735,0.14041229294503843,0.43133490397635305,375,419,402,419,366,376,378
E01011395,0.45422422712099547,0.43238139000598763,0.2677827266596801,0.2630236720772711,0.2563126790453598,0.24450136226660457,0.45332198975943694,254,294,265,272,240,245,254
E01011396,0.4209486559930593,0.4147733797992198,0.24087166571024904,0.24007470656189978,0.20841156271476535,0.2100936806167999,0.4201532093518565,434,413,318,313,283,271,434
E01011397,0.4843144956730684,0.44218215755216395,0.26764976697579446,0.25184734659220526,0.22188592527175155,0.19110154731487072,0.4820939953608782,138,245,266,283,265,296,148
E01011398,0.47233912923801535,0.42416816212089403,0.23741659588474828,0.21569025950765006,0.13977134637275568,0.09872277868257195,0.47006262368645685,183,350,325,377,387,439,188
E01011399,0.4644807586246069,0.43506527969603576,0.2584888759780894,0.24595543007388035,0.20650431418808113,0.18367080476524755,0.4628333005594059,212,279,282,300,285,306,214
E01011400,0.4729439480943234,0.45293745910196714,0.3039528739308632,0.29694787071013695,0.28111094846786233,0.26984059300259544,0.47145793773435674,181,200,220,220,217,226,185
E01011401,0.44821850743162805,0.41986473688502274,0.21018551430915272,0.19879515416343393,0.1283115220916079,0.10695063812068073,0.44741239893601303,293,379,388,431,401,426,289
E01011402,0.4273590399384366,0.4132721644075217,0.20895673944905063,0.2049590283042575,0.15581610279984237,0.1477012861769098,0.42665669991734745,408,421,395,410,357,364,407
E01011403,0.4175475739567572,0.4018667230335031,0.18374720659356394,0.17833813394543543,0.12834969541526542,0.11590729244923459,0.4166709716827517,444,471,461,470,399,411,445
E01011404,0.46278631008138693,0.4306235589913601,0.25012134628390736,0.2347282433898478,0.1379690878117571,0.10814035834583147,0.4611128296187523,217,301,294,328,390,425,218
E01011405,0.42937351096748283,0.41056644609473425,0.19639579041509544,0.1885093613320938,0.12135291252599112,0.10571102020856671,0.4278637107667578,395,435,437,449,409,427,399
E01011406,0.47384148999382675,0.4403577581866691,0.26441244134166725,0.2501466028412857,0.1883936043459502,0.16084368313388808,0.47211490308012083,180,249,272,288,303,338,181
E01011407,0.4486650329808972,0.4283474394933253,0.27287238317557716,0.26510127084230134,0.25748835776514145,0.2429597234939498,0.44737768353648744,288,314,261,269,238,247,290
E01011408,0.43515329780524975,0.4258205962948401,0.22120281762064106,0.22089352736163795,0.16964737822748255,0.1678743911335976,0.43357893092492433,361,336,359,359,329,323,366
E01011409,0.41865779448904034,0.41855671024447927,0.21771412754905534,0.22297718302423936,0.1711842668219935,0.18165687806172282,0.41771761712288824,439,391,368,350,325,308,439
E01011410,0.41075953871440274,0.3938881254959111,0.16719882379513715,0.1587533550193209,0.07797612085624528,0.0628933731525203,0.41028655149551485,462,484,480,483,468,482,462
E01011411,0.4038800086747279,0.4034418142255281,0.16215095358532125,0.17242289293960142,0.08197899855332369,0.09014924455896012,0.40340661123988536,478,464,482,476,464,453,478
E01011412,0.43036187280871896,0.40977165888535816,0.20702888084923154,0.19597714029009122,0.12834273817845,0.10884922972394473,0.4291105340138962,389,439,405,438,400,421,392
E01011413,0.49996167582227347,0.46972462417526567,0.2936303473060851,0.28520920169888975,0.22167429772502034,0.20462917345896225,0.49809571212712883,97,147,231,238,267,278,102
E01011414,0.4367609254523797,0.4177137968216271,0.2036961468562262,0.1976846627312249,0.131180273191561,0.1180310019004509,0.4354593123771534,350,397,417,434,398,410,354
E01011415,0.4327332387088626,0.4163917184870173,0.21967373919258337,0.2148173897034643,0.18217971322529358,0.1715516642255086,0.431558055208922,373,405,367,380,314,318,376
E01011416,0.4548106843332157,0.4422007642584205,0.25435668422414626,0.25228159333802763,0.20258064812024146,0.1990981783792023,0.45317752783037146,251,244,289,281,289,286,256
E01011417,0.42060246259927564,0.4086335809904578,0.2111965820838421,0.20863004502439556,0.17308670627615041,0.16655969574861207,0.4195391555680332,436,444,384,398,323,325,436
E01011418,0.42794164840506577,0.4037090984995915,0.18764897857179486,0.17680470406576532,0.11527212502544315,0.09456724003278039,0.42683383499533284,403,462,452,472,417,442,405
E01011419,0.44073326054493517,0.42365783836352916,0.22612119751173068,0.22046358559253126,0.08858431798907984,0.07600722575788743,0.43949839688619885,329,359,343,363,459,472,331
E01011420,0.4648053441734013,0.4394128123566012,0.24685976167289952,0.23861765649547445,0.16307854114687614,0.14584085659606516,0.4635080631612892,210,251,305,320,341,368,211
E01011421,0.4953083015116688,0.49603662672955273,0.49767166325499407,0.49890353633109996,0.5473910251228393,0.5678093941366648,0.4953060404282916,113,86,95,92,88,77,110
E01011422,0.5596441482726561,0.5538688644256664,0.6006207182530329,0.5980639686174689,0.6812795244210457,0.7042145203954662,0.559093235170611,29,27,31,30,28,26,29
E01011423,0.5219335196031226,0.5112889353368292,0.5251330943729965,0.5219849683813073,0.5891935993990127,0.5963518035670067,0.5213706066217613,61,57,73,73,58,61,62
E01011424,0.5463697198088209,0.5426939022910879,0.5598757605431227,0.5618674743144036,0.6431738468276882,0.6619090403362138,0.5460106139592831,39,31,50,45,34,31,38
E01011425,0.501854242287795,0.4812283253357189,0.3555157070810025,0.35038374221514684,0.35644307317512847,0.3493751115957844,0.500418879562865,94,116,176,176,181,182,95
E01011426,0.6850520441400716,0.6617466749785161,0.7827405572978287,0.7695464205721136,0.8842589449210666,0.8899784317927724,0.686749274438175,8,9,7,7,8,8,8
E01011427,0.6221512250128048,0.6134779790359017,0.7131668374706204,0.7083763028538402,0.7624115057689659,0.7807822002968232,0.6238747830313434,14,12,11,11,16,14,14
E01011428,0.6510344723216349,0.6403921858958694,0.7613839561909806,0.7508586966740948,0.8946943990661202,0.9071237408946007,0.6510440481596679,10,10,10,9,7,7,10
E01011429,0.6003681285571527,0.5893861337222167,0.6941617808619676,0.6856624900405015,0.7348417717775351,0.7480254245337956,0.6015451029939666,20,18,16,14,20,20,19
E01011430,0.7185235604299812,0.7092307869170619,0.8104394443695032,0.8039716162274756,0.9208144027918541,0.9447794971367738,0.7199501967297673,7,5,6,5,6,5,6
E01011431,0.5009538770285861,0.49623607357867383,0.5525891760224934,0.5507071916588399,0.5644400585650687,0.5837189744797461,0.5019532680841444,95,85,59,54,78,70,94
E01011432,0.7865549734793855,0.7659695444341899,0.8748913429990125,0.8531293795843035,0.9999086803955592,1.0,0.7873802145617372,2,2,1,1,1,1,2
E01011433,0.8065744406186919,0.7815501021574491,0.8387732668863421,0.8157397271072023,0.9710414287405128,0.9685734672540017,0.8072569802941175,1,1,4,3,4,2,1
E01011434,0.7818181662671928,0.7501584986881067,0.8541034094443654,0.8224055399542293,0.987592511921572,0.9658237842680004,0.7805296534480998,3,3,2,2,2,3,3
E01011435,0.4897235574986706,0.49938042881845646,0.2934408728054423,0.29527803425541477,0.15227057483884598,0.1739264655310826,0.4865068696865281,123,78,232,222,365,316,133
E01011440,0.44675890314685174,0.4526395478907184,0.2646955751784299,0.2662945604460652,0.16536456964416457,0.1837314818140906,0.44466487298386753,300,202,271,268,334,305,304
E01011441,0.455763472578284,0.4619280542131659,0.2850274985693601,0.2855213812922377,0.20183733076894939,0.22151081461695354,0.45357252446465807,245,173,244,237,290,264,251
E01011442,0.4654130648918495,0.45718668145970665,0.27661641170601986,0.26932993787496495,0.14797956364541487,0.14569196495788383,0.4627867580373136,208,185,257,262,373,369,215
E01011443,0.4252540277961204,0.43418757973638394,0.2474404262476914,0.24570353219148658,0.11650462605700418,0.14049495464379214,0.423415875149262,418,286,301,301,415,374,419
E01011444,0.479131898954955,0.4758086150851728,0.3130738993554707,0.30731959812754345,0.22399189829680033,0.23104212107130273,0.4766858577674307,160,132,212,213,264,255,166
E01011445,0.5267320705811024,0.5361752670622921,0.3343592258119661,0.3354269652738285,0.22017844826713184,0.24166586486499808,0.5232542731168819,55,36,196,194,271,248,58
E01011446,0.5160698771183343,0.528172089707567,0.33052035473833236,0.3324353303542396,0.23009393899217656,0.2568647476728001,0.5127311256020696,69,42,202,198,255,236,76
E01011447,0.5329387338131274,0.5277860109084812,0.34426107571274633,0.3399080545254603,0.2608566072116396,0.2682906116891488,0.5292596843618756,46,43,190,190,236,228,50
E01011448,0.4883000196382136,0.4816846710368933,0.3712636718127464,0.36502819051531243,0.352449633621957,0.3577962781131563,0.4863839632084611,129,113,167,167,183,175,134
E01011449,0.5348583715073663,0.5001167921353205,0.3854992814530191,0.3713274749180495,0.3836729063868185,0.361866462068304,0.5311179894853265,44,77,155,161,159,172,47
E01011450,0.4662517914545372,0.44501669577262865,0.38335791023736576,0.37757941824247215,0.4123743849876649,0.39976992685154433,0.46583825846311055,204,234,156,155,147,149,202
E01011451,0.4104469134875265,0.4143532559830465,0.20350761118672173,0.20522100958511538,0.09398066690769324,0.10869870917610536,0.4091791292361641,463,417,419,409,451,422,464
E01011452,0.4547353405430821,0.42424565535953285,0.21626048125202452,0.20450045231296146,0.10705308776670064,0.08382683270518332,0.45376493283638436,252,349,371,413,435,463,250
E01011453,0.42194889250261325,0.4087734006533555,0.17738107372305015,0.17639859985832035,0.08925255907500462,0.08138289333152038,0.42109068868048294,430,443,470,473,458,464,430
E01011454,0.44206982458474486,0.42788905765638047,0.2101606966680388,0.20835991164838638,0.12601890727487564,0.11904495531024206,0.4403823768893889,322,319,390,401,406,407,326
E01011455,0.46459521836438145,0.45748361414555205,0.2207016640159301,0.2300365099730457,0.09821407998337839,0.10173193634252664,0.4633250984392252,211,184,363,334,443,435,212
E01011456,0.42836340907556447,0.42414324213113774,0.1803499710081914,0.19011087325144455,0.06809230680598899,0.07134331430912921,0.4275975302182449,401,351,466,447,478,476,401
E01011457,0.4703811505710538,0.4545717849393367,0.21191812709153535,0.22110586051611938,0.11198364378936732,0.11203318452590327,0.46948289599961146,191,196,380,357,424,417,193
E01011458,0.4519082178047015,0.4551301542215587,0.198995201799732,0.21899137832771726,0.09059958852919592,0.10333218501760655,0.45171421596433503,265,191,433,368,457,432,263
E01011459,0.41819017150505505,0.4283653658661668,0.18789204991430422,0.2062491590243278,0.10936831275180958,0.13002635962070452,0.4171761349580061,440,313,449,408,430,393,443
E01011460,0.4395300414994945,0.4264969431686212,0.26356211856853506,0.26119280807302414,0.25001033734577627,0.24503749792125917,0.43849518620118844,335,329,275,273,244,244,335
E01011461,0.48427019942018446,0.4416655698878017,0.22245184209453595,0.21370780926647784,0.10248554447808433,0.0786231595161111,0.483049579908018,139,246,356,384,440,470,141
E01011462,0.4864736244781996,0.469610624426124,0.363226013172981,0.35772849248114974,0.3707613037638071,0.3650338674965433,0.4852808440383193,135,149,171,170,164,170,136
E01011463,0.4581065692180123,0.43482274456479925,0.35776939196303037,0.34979187069334505,0.37573136116458916,0.3582613783245938,0.4569437859594804,237,280,173,178,162,174,238
E01011464,0.40797928315854726,0.4004095551843802,0.18468115659752182,0.18055564551175543,0.10796554321048757,0.1036785536598741,0.4068697377115359,467,476,458,469,434,431,469
E01011465,0.42031778608652165,0.41091958345906454,0.2526689165891255,0.24923086448927026,0.22681480513118657,0.22288664771984124,0.4195201245193941,437,434,291,291,257,262,437
E01011466,0.49063445438826364,0.4780541308263869,0.4755914479289322,0.47074591156287265,0.5190723225135847,0.5192497869188792,0.4902058683929952,120,126,110,112,106,108,120
E01011467,0.4327086192182262,0.43452685629049076,0.3917035203065575,0.3899554894455158,0.36782973161629284,0.3867881173993326,0.43293124580411874,374,283,149,147,166,157,368
E01011468,0.44942940853103686,0.44527276537000826,0.45012406161778123,0.4486030591616653,0.45223997363075585,0.4693443415622953,0.4502492958346531,281,232,125,124,134,128,271
E01011469,0.4508135071391953,0.42515866193982577,0.2632210346701678,0.25533320766503764,0.2518326804391827,0.233848345762672,0.4495191562367209,271,343,277,278,241,253,274
E01011470,0.4571505706121404,0.43257948104916977,0.3451594325276086,0.3377391690014626,0.362656332334103,0.3447712555071829,0.45594288713404674,239,293,189,191,175,185,240
E01011471,0.4896171296955273,0.47108731241148455,0.4975683228696186,0.49215875557344857,0.5188838892860289,0.5175521023523242,0.4897629872948411,124,143,96,96,107,109,122
E01011472,0.5196933742334665,0.4970174381610325,0.5546211055610245,0.5466861462380945,0.6374531638571277,0.6269962928775885,0.5195432922592751,64,82,56,59,39,44,65
E01011473,0.5388854292440156,0.521346582369555,0.59923906604589,0.5937735229310478,0.610900145329077,0.6134847374391649,0.5398662181285814,43,49,32,32,51,53,43
E01011474,0.5123513271676345,0.49011350638363466,0.5370913242452471,0.5307071707854335,0.6004555833594122,0.5983546026350824,0.5122513596509218,79,97,64,64,54,59,77
E01011475,0.51095748387863,0.4966228225654931,0.5554327326054156,0.5503093909114285,0.6183818152007506,0.6245827184137129,0.5113666934459156,82,84,53,56,48,46,80
E01011476,0.49739338167260655,0.4784929849917012,0.5038998586803399,0.4995711970764738,0.5734066628532295,0.5665447243275572,0.4975164164906243,106,124,92,91,73,80,104
E01011477,0.43772439238700367,0.4330955433181017,0.3737764668867404,0.36973250693755705,0.3643967989029655,0.3700886366570334,0.4374298791145918,345,290,165,162,171,164,342
E01011478,0.4964595904082966,0.47247545126179796,0.3688974598245905,0.35487419719753693,0.35830585682540916,0.3388003197724434,0.49424549968225323,110,140,169,173,180,187,113
E01011479,0.5651637014139895,0.5439623730478406,0.37451248329630205,0.36474713953839616,0.30524529277104695,0.29875029146369747,0.5613127336970921,26,30,163,168,204,203,27
E01011480,0.4826568055856635,0.45840124961384404,0.308161670186839,0.2980841568113907,0.272250894130486,0.2556739072071157,0.48095411899114293,148,179,215,218,226,238,151
E01011481,0.47424056987347296,0.467018706335153,0.38123528503975984,0.3738663947255989,0.3655472839251179,0.36879413107544146,0.4724293203961064,178,157,158,159,170,166,180
E01011482,0.5126402916024969,0.4815554552869865,0.3566376731447182,0.341260084380754,0.32820287544631355,0.3043937346356047,0.5095201603062642,77,114,175,187,196,201,83
E01011483,0.4963657103094532,0.49238248729847756,0.4588673639678984,0.4558858061298239,0.49051109068466014,0.5031779413963242,0.49489171678322963,111,89,123,120,120,116,112
E01011484,0.5280418275322383,0.5093561275719878,0.575425053825639,0.5675507506515622,0.6580695633038113,0.6531916983705479,0.5281141029999114,52,60,44,44,32,34,52
E01011485,0.46603471915381856,0.45775653545637873,0.4349434636111991,0.43199722697584436,0.46221064451948113,0.46635096309941215,0.46586477829947426,206,181,131,132,131,130,201
E01011488,0.4988639468123138,0.46849002724475386,0.41001390830362056,0.3959158313087372,0.4371157537879764,0.4128258779510465,0.49711257006235543,100,151,139,146,140,146,106
E01011489,0.4354951601208894,0.42651058370282213,0.351224354529815,0.34725105361931263,0.3478339915754318,0.34606013547264336,0.435056714000032,357,328,181,182,187,184,355
E01011491,0.5208414449830917,0.5138913601163613,0.5823521942526624,0.5799117463249079,0.643149336229477,0.6606498616944544,0.5215505571868729,62,54,40,40,35,32,61
E01011492,0.510131320777062,0.5024529213444361,0.5584008573408694,0.5570876512863002,0.5388493463315991,0.5537772733028199,0.5116049923675227,85,73,52,49,92,89,78
E01011493,0.496315844985012,0.48982853154474876,0.5277522568685478,0.5255280716066107,0.5877796318355764,0.5975621243667668,0.49680395633340874,112,98,70,69,60,60,108
E01011494,0.4894372260167744,0.48532303133537036,0.48774590852738325,0.48984752574080764,0.5418886235907725,0.5626949467657699,0.4896164849604965,125,106,102,98,90,84,123
E01011496,0.43229188411041536,0.4099626240241669,0.18444796837775704,0.17766317774902743,0.09239369621509286,0.07639777541754789,0.4311308115600067,377,438,460,471,453,471,380
E01011497,0.5306353892545731,0.5203330779353115,0.5783590221423871,0.5773062927720423,0.5999093454344513,0.6147380587821147,0.5316994235094203,48,50,42,41,55,52,46
E01011500,0.4392663545901173,0.4197667338632783,0.22516715526885778,0.22024816445378723,0.19041906017950305,0.17803907276857167,0.4382033846116133,337,380,349,364,300,310,336
E01011502,0.4880060312807483,0.465755225223219,0.41925052871006324,0.4112598184214248,0.45393993829650636,0.44115557453353493,0.4869981554932155,132,163,136,138,132,139,130
E01011504,0.48082866516065537,0.4729863947664249,0.4731567664735431,0.46931699427942636,0.5083152266676572,0.5145167290784236,0.48062206373866256,155,138,113,114,111,111,152
E01011505,0.45902730343849685,0.45069629938602535,0.29509749807459473,0.2941951829051638,0.2702864853107739,0.2725454346565319,0.45788453113723127,230,214,229,225,227,223,231
E01011506,0.5111713845484706,0.507545091709952,0.347988688570983,0.3490618844158953,0.31344954362577393,0.3238826176336025,0.5097813359107131,81,64,186,179,199,196,82
E01011507,0.49840388857602,0.47303317654727206,0.28515138832490056,0.28160975161739726,0.2366545725789817,0.22756285544141552,0.49605014491433264,101,136,243,244,250,256,109
E01011508,0.5097006056609112,0.4984145011252973,0.3204926284119182,0.3207954094385164,0.2735260520010825,0.27691268670118663,0.5080078035489634,86,79,206,207,223,218,88
E01011509,0.4263434072926614,0.4150493736024875,0.20050909239461986,0.19870507834780132,0.13975550847827756,0.13390182824822827,0.42534480177422795,415,411,430,432,388,385,414
E01011510,0.4681970604728496,0.4651761894341939,0.5067559975383183,0.502938385428703,0.5341049459503341,0.5460784232893241,0.4690287589573012,195,166,89,89,98,93,195
E01011511,0.44117506449565047,0.4439350128666335,0.2637211190648367,0.2710282637930335,0.2338283431461481,0.24941972343060947,0.4405254451523466,326,239,274,261,252,242,323
E01011512,0.4268328952280698,0.4281939297896666,0.225096573094012,0.23345068542420333,0.18269945397535592,0.19516462080389818,0.426389108663641,412,315,350,330,313,291,410
E01011513,0.4083356652931489,0.40056342558408475,0.16986168954982309,0.1700169505368773,0.09510852076930087,0.09197117576659064,0.4074994914347457,466,474,479,479,450,447,466
E01011514,0.4482519358342063,0.4508928528566395,0.24461021760188859,0.2531132446336721,0.17993546253615678,0.19350090133901432,0.44734912956470835,292,212,311,279,316,294,292
E01011515,0.4284472312529383,0.42806807041814665,0.20402984842989122,0.21208004499483718,0.14207489817734242,0.15068980326552195,0.4274583502572403,399,317,413,389,383,355,402
E01011516,0.5104070302251844,0.48606496553598166,0.31022217010651926,0.3037600935348082,0.23430605995374187,0.22244216967985242,0.5086225020793382,84,104,214,214,251,263,86
E01011517,0.4488332047268551,0.4414328757731123,0.28375746181475797,0.28380656440501295,0.26878304427006694,0.27170751378282354,0.447951438283797,284,247,247,241,229,224,285
E01011518,0.4291231369874888,0.41469712682381593,0.23210485427566707,0.22992020715578593,0.19695724671721826,0.18958783814011682,0.4284069174607106,396,414,332,336,293,297,397
E01011519,0.4747436433489412,0.45255768802659124,0.34657991809387473,0.3399726076356617,0.3641372459028791,0.352183925434156,0.4734477626150394,177,204,188,189,172,181,175
E01011520,0.4433311558202554,0.4261084202682703,0.20943335716806738,0.20880711413065783,0.15599780845699762,0.14802535077929646,0.44190484643849043,315,333,392,397,356,362,315
E01011521,0.42709041596850206,0.4211272294053793,0.2095442247428125,0.21477506803204593,0.15861152017703473,0.1620854243520764,0.4265174043651141,410,370,391,381,349,337,409
E01011522,0.437536202855776,0.42259318392356193,0.19119418445134975,0.1922800132890032,0.1050795112295162,0.09793883838165263,0.4363137029629006,346,366,445,442,436,440,348
E01011523,0.4515173951257997,0.4371560522921671,0.29547339802041206,0.2929896633316052,0.2950248488895937,0.29035906757198493,0.4507989252422599,270,267,227,228,207,207,267
E01011524,0.44030622176297357,0.4155673668580658,0.2104536760257242,0.19961460470211334,0.15546582880271442,0.1352969540996063,0.43880964147916,332,409,387,429,358,384,334
E01011525,0.4260393247131837,0.405185792294647,0.20905047941345603,0.19958265496653355,0.16559362721819948,0.1475886303606323,0.42462973106624624,416,458,394,430,333,365,417
E01011526,0.44392565326635747,0.42561413135231774,0.2232411197701554,0.21823069020009908,0.11189299916792483,0.09947281539148844,0.4427872260176415,313,341,353,370,425,438,313
E01011527,0.4236756089054414,0.41499428674730876,0.18261233529375664,0.18628371599994564,0.10443334274546978,0.10278264072960097,0.4226373400318274,422,412,464,459,437,434,422
E01011528,0.4352623086928545,0.41677827237341625,0.20935450409103482,0.20350433097407353,0.14131535978320586,0.12811000788631122,0.4343981338138314,359,403,393,416,385,397,359
E01011529,0.46265575051048513,0.4480506056494531,0.3488307532417143,0.34683512783483905,0.3698895888160616,0.36693842473542393,0.46165731845872787,218,227,185,183,165,167,217
E01011530,0.41374877060183535,0.41111542451421323,0.1928457154079928,0.19967139276118656,0.14390253157666333,0.15004305696134357,0.4128936046836465,456,432,442,427,380,357,456
E01011531,0.45908284146716166,0.4240650162886386,0.2238890885612805,0.20946275752668367,0.1574636264356597,0.1304006842822103,0.4577373293646722,229,352,351,395,353,392,234
E01011532,0.45578885216355175,0.43766010872827676,0.3476534771144141,0.34300449634530955,0.36317311977402666,0.3547184597865689,0.4544246867929329,244,263,187,186,173,177,246
E01011533,0.4220560903998975,0.41139610580039637,0.27227694262059104,0.26705333803173614,0.24336341376714965,0.23696511188340286,0.42110356542867655,427,431,262,267,249,251,429
E01011534,0.4425334151103783,0.42062593286154343,0.21606456080593672,0.21014771002183927,0.16107721535106112,0.14784489392877198,0.4418206748814938,317,373,373,393,345,363,316
E01011535,0.4370588052557167,0.4179021611967429,0.1899273726145615,0.18770702057269467,0.09691343163479083,0.08582614748545325,0.43638773526990193,348,395,447,453,446,459,347
E01011536,0.44211184125548153,0.4220710519874252,0.22546032980109548,0.2187201877566755,0.17901781020274077,0.1656212413678404,0.44093373117863005,321,367,347,369,318,327,319
E01011537,0.4390819958780079,0.4267922222417121,0.23687132168279848,0.2364722799483727,0.20990919173626144,0.20635286440045641,0.43767321663552644,338,327,326,324,280,275,340
E01011538,0.47139725060520027,0.4696123758292028,0.406199216555232,0.4110434950947973,0.4413645543791277,0.4571870573859341,0.47155128770049615,187,148,144,139,136,135,183
E01011540,0.47277462316126806,0.4495062705222309,0.35408832209946184,0.3502931723800261,0.3817478466715508,0.3710669150246464,0.4727185026384658,182,222,178,177,160,162,179
E01011541,0.40779743778574096,0.40712365423228947,0.2680809836177345,0.26789343143577393,0.23105798574330239,0.2414541889423527,0.4073771659827582,469,453,264,264,254,249,467
E01011545,0.4377648915496571,0.41822527779170243,0.24604775670846105,0.2387924285766513,0.22180057263052588,0.20783763818594947,0.43602682010566146,344,393,307,319,266,273,350
E01011546,0.4442003804341298,0.42641267037669245,0.297759140289553,0.293376057968413,0.29617983203362974,0.28595256625371057,0.44353130590629425,310,330,222,227,206,213,307
E01011547,0.42399884356159484,0.41143250263256465,0.2831234535357966,0.2793604630976108,0.2665873674248569,0.2590282594103239,0.42331557988852225,420,430,249,247,232,234,420
E01011548,0.4507412530126557,0.42801181060461274,0.24048498950970895,0.23383369420454128,0.21135648140530794,0.1969943792611113,0.44943810531586637,272,318,319,329,277,289,276
E01011549,0.5145553946782029,0.4919954654389064,0.3002021458563497,0.2959975507014362,0.16353441252222578,0.15410790655135065,0.5129892671635111,73,90,221,221,339,348,75
E01011550,0.43434049991173995,0.41965446427148784,0.20081012403391457,0.20114997623604955,0.146385713499534,0.13960346514215483,0.43330230123452057,365,381,429,423,376,378,367
E01011551,0.45031470203094176,0.42895844178303655,0.2483218398768501,0.24195625798113105,0.21894250867298437,0.2065436819755706,0.44944488787972386,275,311,299,308,272,274,275
E01011552,0.5189670841552367,0.5023554857261249,0.48947127650670424,0.48308786150038807,0.5384853220282732,0.5359736620559217,0.5181120398610476,65,74,100,102,93,103,66
E01011553,0.444874972859942,0.425985835596299,0.21653570528867516,0.21354704250969253,0.1630493426702565,0.15303688659199333,0.4434656443303554,308,335,369,386,342,351,309
E01011554,0.44007227412757477,0.4376550272642473,0.22164461696869933,0.2274295641988162,0.10871096877100284,0.11537819309257413,0.4393143401763987,334,264,358,341,432,413,332
E01011555,0.4557545718975241,0.4376917279830567,0.2333805693815648,0.23069455358108157,0.16448588326518543,0.1556264950940327,0.4540512939491304,246,262,330,332,336,346,249
E01011556,0.45291648795148015,0.44471633077732003,0.2920145894906732,0.28790569998844906,0.24761175770878585,0.2478585425576627,0.4521614959090141,260,236,234,235,245,243,258
E01011557,0.4180027929857314,0.43173213720142123,0.17076640250793004,0.1959993114716131,0.07924340458895063,0.10165708524601358,0.4176354679815073,441,295,477,437,466,436,440
E01011558,0.4800036550522978,0.46830600076697093,0.47463695865607086,0.4693931961701256,0.5129288274715115,0.5127817928053235,0.4797265458612196,157,153,112,113,109,112,157
E01011559,0.49895351176120384,0.49260702024201636,0.5285737712542501,0.5244333919433422,0.5765258721116757,0.5863754222964664,0.49890232956714625,98,88,69,70,69,66,98
E01011560,0.481009246919233,0.47456620584127096,0.4984338010721003,0.493590990691726,0.5318626347576768,0.5390575326125542,0.4811252653480561,153,133,94,95,100,99,149
E01011561,0.44139874258918843,0.43810764079147113,0.21139893170213242,0.22048226364616733,0.1132731253133219,0.12170953972258225,0.4405523823005459,324,259,382,362,419,403,322
E01011562,0.46721995847678166,0.4823503619051647,0.21149297059485012,0.2377986895188353,0.10893153098150299,0.12954658948968878,0.46715759934618917,198,111,381,322,431,395,197
E01011563,0.4167785860280987,0.4257886213704345,0.170721344382635,0.19204268161660212,0.06088626886217052,0.07892269957058673,0.41701986185431755,447,338,478,443,480,469,444
E01011564,0.4603707690489912,0.4640752494539732,0.23934012723644157,0.2503325911815052,0.1417586973574979,0.15436318650150715,0.45968578829031936,226,168,321,287,384,347,224
E01011565,0.4834957829718115,0.47797061126361623,0.2661887575170429,0.2730251333020224,0.19354898555754496,0.20022248603335657,0.48268635879103533,145,127,269,258,296,283,144
E01011566,0.4298846226727516,0.4249661752017225,0.2071141243196973,0.21428929536505284,0.1608754705086708,0.16523226414111947,0.42910184710926813,393,344,404,383,346,329,393
E01011567,0.48408374684680106,0.46619008498620523,0.2869074705804844,0.28329249919867183,0.22585064373196762,0.21913285062898558,0.4823745648686645,142,162,239,242,259,265,146
E01011568,0.4010548656666769,0.4026493180906606,0.15128057747297027,0.1643046968570678,0.06973203121333127,0.079745575759121,0.40027140697033126,480,468,485,481,474,467,480
E01011569,0.4012571838487612,0.4034534243812041,0.176511395485292,0.18271249523084945,0.09914402902133856,0.11170239834339413,0.40040812919118657,479,463,471,465,442,418,479
E01011570,0.43149540481556514,0.4239319780039422,0.19480862462548776,0.2020023638316511,0.11026467947854279,0.11251137386011967,0.4306021206809392,383,356,439,421,427,416,381
E01011571,0.4310914286940585,0.41706372284238674,0.23066517925492766,0.22527973245401725,0.1923407284817007,0.183737379677946,0.4299118863578766,384,401,333,346,298,304,389
E01011572,0.4337645192670149,0.4082350422954059,0.20614519473054663,0.19100554188797447,0.13341227631628294,0.10867347370373748,0.4322673599824683,368,446,408,445,393,423,371
E01011573,0.48142377217435617,0.4522034858092852,0.2857490820975801,0.2743449077797548,0.22600996811542062,0.20440844974839023,0.479755817113851,152,206,242,255,258,279,156
E01011574,0.42821067519408185,0.4202296901839885,0.23494888048759294,0.23481765952932884,0.2033777886236492,0.2034527278023972,0.4271121283635393,402,376,329,327,287,280,403
E01011576,0.4475960232214593,0.4730048962882659,0.2086997988401637,0.2403373101063959,0.12187979619367995,0.15343321645309094,0.4469760122367864,296,137,397,312,408,350,296
E01011578,0.43174465828687547,0.422629078166853,0.22083871715722128,0.22301890661512755,0.18708090804040278,0.18653856858335605,0.43060053492780337,380,363,361,349,304,299,382
E01011579,0.45634894636086343,0.4452046385323553,0.2556611439070797,0.25616425677921584,0.21764271291411275,0.216647857044185,0.45503960080992395,241,233,286,276,273,266,242
E01011580,0.44864096260777975,0.4345812822229361,0.20288142208524257,0.20848254840943817,0.13146519104416976,0.1280677942972308,0.4479988800730432,289,282,423,399,397,398,284
E01011581,0.4388195760836208,0.41395616118693734,0.2228245621072697,0.21262009877220503,0.18498170082455379,0.16535692898413779,0.43813782056571376,340,418,355,388,309,328,337
E01011582,0.45891564424316955,0.43555240411730384,0.38883144034430644,0.37972642142957286,0.41223662517867465,0.3914190032119037,0.45807446356692305,231,275,150,152,148,154,229
E01011583,0.4723338640913429,0.438858171015449,0.25897388429622514,0.24560521789501713,0.19853290460771966,0.17275026805065397,0.47050922314739374,184,255,281,302,292,317,187
E01011584,0.4188926180881445,0.39628863184950813,0.18281409180124641,0.16884229153926747,0.11344756692390934,0.09103282020172676,0.41829799173864374,438,480,462,480,418,449,438
E01011585,0.4609457379507164,0.4370653091830404,0.3289749647511862,0.32154628099416965,0.34354710702763636,0.3276767995471459,0.45948903834663635,224,268,204,205,188,195,225
E01011586,0.4548684318590911,0.4506449047991782,0.3340447987656804,0.3362894110507398,0.33863618113321137,0.3477802117410269,0.45431169827367,250,216,197,192,191,183,247
E01011587,0.44198479072192315,0.4343578012406319,0.23002257898993547,0.23273682880812913,0.18276798643852943,0.1847780551645396,0.4406480897451748,323,285,335,331,312,300,321
E01011588,0.43580680532651617,0.4281840421367762,0.21989052635711012,0.22234347234337615,0.15916925525125614,0.15997822057946887,0.43500575346353476,356,316,366,354,348,340,356
E01011589,0.4488140284268803,0.4362403471492865,0.22543587986041935,0.22600651442777303,0.1554398128240928,0.15239915955626882,0.44745223715722415,285,271,348,345,359,353,288
E01011590,0.45062048607271865,0.4385864960091015,0.21413917757253823,0.21744064634206173,0.12077790626045559,0.11819372011508267,0.4493269609095086,273,257,377,371,410,409,279
E01011591,0.4151191094858052,0.40054917956737013,0.19208655172088743,0.18505857880484447,0.1397446661347631,0.1272679197435802,0.4140647761213466,451,475,443,461,389,399,452
E01011592,0.43096092132832114,0.4167903215991728,0.2140631879556257,0.21052690016216083,0.1686842096784944,0.16035282335691825,0.4300190599458138,386,402,378,391,330,339,386
E01011593,0.4003863279439295,0.38768619422792117,0.14326914609470784,0.1380132777717514,0.04088056176359367,0.0289903526378279,0.3993103552546672,482,487,488,488,483,487,481
E01011594,0.4887215940560238,0.4654366513243522,0.38804973984162644,0.37922113685984105,0.4072325271474424,0.3928323730713257,0.48741704534330854,127,165,152,153,152,153,128
E01011595,0.41283228778797015,0.4185656107483256,0.19808304588436887,0.21156668673642764,0.14840642433708306,0.16647382624866058,0.4121623189356034,458,390,436,390,371,326,458
E01011596,0.41164927483256375,0.3991956905133009,0.15725208373139218,0.15693202103871906,0.07171357838141168,0.06358581521946838,0.41033713245946013,461,478,484,484,471,481,461
E01011597,0.5427285570565656,0.540416357564201,0.4147575820110081,0.41865937001536496,0.44527135815496055,0.4608845256690034,0.5409288807040976,42,34,138,136,135,132,42
E01011598,0.44559140070783926,0.42363883718862627,0.23216057684767594,0.22280326683675705,0.1836623547894971,0.16743927048025653,0.444029594838398,305,360,331,352,310,324,305
E01011599,0.4555176042424002,0.44809834759273126,0.27568719364226085,0.2791271595735015,0.262350541557165,0.2669894037434515,0.45459047401692076,247,226,259,249,234,230,245
E01011600,0.42113736958149744,0.40886608492236737,0.18785491917774777,0.18772909596645024,0.12722809028972837,0.12120370368031419,0.4200345592686993,433,442,450,452,404,405,435
E01011601,0.44395319020743673,0.42908965875635685,0.2871899784060572,0.28393840988013835,0.2818286270767858,0.2751885635588651,0.4434208059045049,312,310,238,240,215,221,310
E01011602,0.40463838452026674,0.40237682049542073,0.2257707888317183,0.2282850327467526,0.18571910959171278,0.1926231415932722,0.4041110163499732,475,469,346,340,307,295,476
E01011603,0.44502870217021234,0.42487767244880154,0.20796183021719425,0.20462041337205916,0.1408829592014471,0.12984151370698882,0.44350385227416367,306,345,398,411,386,394,308
E01011604,0.42272434649369234,0.414386618753923,0.20742146149490598,0.20948630850169137,0.1630415418670077,0.1626063502841718,0.4218137153174516,424,416,400,394,343,334,426
E01011605,0.42471972601629443,0.41337863898964966,0.18455886911226563,0.18558279295171481,0.10855232255532132,0.10378728103039991,0.4236450281288666,419,420,459,460,433,430,418
E01011606,0.4859746793276189,0.4700745922716204,0.3170403113691316,0.32203940525438346,0.33091806413392955,0.33402633721725217,0.48559650026725343,136,146,211,204,194,191,135
E01011607,0.4407498639467452,0.42066084563380957,0.26120823639965635,0.2556554976482997,0.25003573620592556,0.23674155332028424,0.43973402131793815,328,372,279,277,243,252,329
E01011608,0.4650103636538814,0.4551088608990406,0.40769465829204404,0.4043507367156933,0.4311413634070034,0.43247347544858317,0.464620725609477,209,192,143,142,142,141,209
E01011609,0.4314977361261686,0.42581431151090876,0.3710316136105489,0.36882258144679747,0.36727441651481496,0.3710599017990398,0.4315549409111265,382,337,168,163,167,163,377
E01011610,0.4216722949346232,0.4132166100535804,0.20720156187166883,0.20843860215095739,0.1636827685632798,0.16249495445633189,0.4207570613378676,431,423,403,400,338,335,432
E01011611,0.5227812104668121,0.5036264672777233,0.554545859366507,0.5467007510308654,0.6279604655418959,0.6215519912180523,0.5227573620063468,60,68,57,58,41,48,59
E01011612,0.4331541850766629,0.4296380999251179,0.31710143553065995,0.3174097941800199,0.30994579247227017,0.3180370461615205,0.4324737845692179,371,308,210,208,201,197,369
E01011613,0.4318658997186469,0.42713601498671394,0.3267987638213565,0.3277912278992042,0.32256128114605964,0.3291213111250223,0.43163904548380344,379,323,205,202,197,194,375
E01011614,0.4064263306295789,0.4003105146879688,0.18562767709101533,0.1869971238818619,0.13214547639846996,0.13208341944125435,0.4059969970579791,472,477,457,456,395,388,473
E01011615,0.488514458925081,0.45793444092203384,0.37383623885670497,0.36578271265790047,0.4064715555919609,0.3897944058257604,0.4869001199031865,128,180,164,166,153,156,131
E01011616,0.5079217619015036,0.4910533893875052,0.5190562281987574,0.5163848659308767,0.5730700638766852,0.5788817350725538,0.5083137935683829,89,92,81,76,74,73,87
E01011617,0.5434408099123864,0.5025910252099257,0.5405342046783261,0.5280684758433631,0.6271715254970883,0.6008689208803076,0.5423994618112238,40,72,63,66,42,57,40
E01011618,0.5703283899664338,0.5356361647819535,0.5747457639755901,0.5600235462517239,0.6516249071084507,0.6333994238973097,0.5684846620729519,25,38,45,46,33,40,25
E01011620,0.5231913514527525,0.507205420584421,0.522635882580264,0.5166983524467955,0.586050932342593,0.5856052963672012,0.5226756495436615,59,65,77,75,62,67,60
E01011621,0.5627228594224871,0.5551847651683954,0.6163968814249025,0.6178980257419497,0.7136569107900728,0.7357386165113491,0.5631576262209828,27,26,28,27,23,23,26
E01011622,0.5568147960750661,0.5367423550083983,0.5860577683639469,0.5854179261324665,0.6368893835678748,0.6455794806075286,0.5578394865455074,32,35,37,35,40,36,32
E01011623,0.6135099284673137,0.5798532652530339,0.6870013401095093,0.6723308297326699,0.7589696395502215,0.7495913473044398,0.612923608505088,15,21,17,18,17,19,15
E01011624,0.5543191157314078,0.5412672507820894,0.6265797880483095,0.6219342385121661,0.6720418524220642,0.6825530287295927,0.5554445961743197,33,33,26,26,29,28,33
E01011625,0.6441736015905972,0.6013828223862365,0.697972420765107,0.6811320648067719,0.8329896682723335,0.8154633655640728,0.6422098872131387,11,15,14,16,11,11,12
E01011626,0.4595289470711655,0.4576085673454327,0.48155506682077553,0.47695368056574955,0.4930169458246916,0.5058947150276782,0.46023425422505404,227,182,105,106,118,115,223
E01011627,0.47033148650096157,0.4525778963485983,0.38129033309773536,0.37725833758908006,0.4120919053676515,0.4050027913647364,0.46981758667410467,192,203,157,156,149,148,190
E01011628,0.47504876050278105,0.4353413768705624,0.2581408943339135,0.2415412848651882,0.19156741289797008,0.1596912636390515,0.4727424066922259,175,276,283,310,299,341,178
E01011629,0.44871525483179653,0.4270683114132367,0.28682984786385524,0.2779817942426229,0.2800476787053727,0.26311354593506864,0.44737101168052085,287,324,240,252,219,233,291
E01011630,0.4162080515570817,0.39534290896207813,0.186425261014129,0.17250234834439476,0.12683737616845048,0.10441332254983271,0.415306968203349,450,482,455,475,405,429,450
E01011632,0.5252528320782317,0.5075698185120111,0.5550171441388887,0.5479500574207767,0.6267122312870685,0.6236291735514564,0.5249117650244017,56,63,54,57,43,47,55
E01011633,0.42943981608942994,0.41322369642239115,0.21018448882716803,0.20627631623186243,0.166239119166109,0.15603933696705696,0.42849487925802504,394,422,389,407,332,344,396
E01011634,0.44982571507292646,0.435330196680504,0.2967137962113354,0.2952385901223859,0.29414100771067475,0.2899334321267687,0.4489509902737889,278,277,225,223,209,209,281
E01011635,0.4258417596095611,0.4188635053916794,0.20368620369549847,0.20789976960178108,0.14678492582016234,0.1485357976467192,0.42509370197140667,417,386,418,402,375,361,416
E01011636,0.43503839384233484,0.41611576437771225,0.20785642550164113,0.20223455551065767,0.1444053448934136,0.13247987269160189,0.43421902267248014,362,408,399,418,379,387,361
E01011637,0.42711317584338787,0.40507921775999234,0.21137397553003048,0.20001376206794585,0.16689505701487706,0.1471745834896233,0.4263143831298746,409,460,383,426,331,366,411
E01011638,0.45657164606583084,0.4339968702304812,0.25734273234510296,0.2477419456721074,0.2003348553640275,0.1832318471254628,0.45501940497933413,240,287,284,294,291,307,243
E01011639,0.4758827805586829,0.45669829835874187,0.40033154338873167,0.3968147792628131,0.4392272558702568,0.43214657826733516,0.47515420176884193,171,187,146,145,139,142,172
E01011641,0.46636158885725537,0.44607572185561345,0.2087969983659096,0.21289421053445262,0.1094762880371678,0.10290849106947142,0.46541076880519416,202,230,396,387,429,433,204
E01011642,0.4798400620026075,0.4720096331726633,0.29533159980091284,0.29770014160616287,0.2590631774431198,0.26390480868121324,0.4790165875695936,159,142,228,219,237,232,161
E01011643,0.41491541399049847,0.41795243992678466,0.17623863166788506,0.19151881330707365,0.10328012603455328,0.11582401771140827,0.414482646373071,452,394,472,444,439,412,451
E01011644,0.42071361358040543,0.42268478297716444,0.281834420051657,0.2849841127272533,0.25679961740775625,0.2725988769077675,0.4203156652897098,435,362,251,239,239,222,433
E01011645,0.4366397485291757,0.4393043423516723,0.2350394026336617,0.24311903409424396,0.18594948178632031,0.1999539086513018,0.43546486957138303,351,253,328,304,306,284,353
E01011646,0.4663359283849544,0.45064585557413717,0.2948329322589354,0.29205758559021994,0.2820965191190997,0.2774206130918001,0.46523288692522136,203,215,230,229,214,217,205
E01011647,0.5248531991973018,0.5282713417404797,0.4711566461738348,0.47605069801066086,0.5281930462387107,0.5515837167120345,0.5239649303961849,57,41,114,107,103,90,57
E01011648,0.5490730873226861,0.5415370573893025,0.4088152508140325,0.40950417665803335,0.42064960544441965,0.4315519547013875,0.5473917482241806,36,32,141,140,145,143,36
E01011649,0.46309175368729105,0.4511110784578537,0.20663632420834022,0.2161045233882239,0.09120756080768389,0.09204969380897532,0.4618673672738779,216,211,406,375,455,446,216
E01011650,0.4370348635533071,0.4440976550254144,0.1952740607019289,0.21580473502386033,0.11273806925095342,0.12928807700034306,0.4364225590107027,349,238,438,376,421,396,346
E01011651,0.43825812312444345,0.4328193541140643,0.2782659667458494,0.2790751247403542,0.2635142791642313,0.26834363276145,0.43757569486571923,341,291,255,250,233,227,341
E01011652,0.4505220656274337,0.4495345089042297,0.24480342469851965,0.2512345994052675,0.17880700116418358,0.18865559425212863,0.44938521217952276,274,221,310,286,319,298,277
E01011653,0.4237561151990361,0.42605685306705415,0.2022604413455425,0.21023327528692254,0.11994392821294764,0.13182230799093952,0.42265911015214147,421,334,426,392,412,389,421
E01011654,0.4893489008835197,0.47853185816053356,0.24198100722707863,0.2512464724297897,0.15523024364559757,0.15912261844747855,0.48793566042672054,126,122,315,285,360,342,127
E01011655,0.4212499905648697,0.4178701701962632,0.1783647037599121,0.18741418666279508,0.08605998571239659,0.09069047070853209,0.42120798166672785,432,396,469,454,461,452,428
E01011656,0.5248054764140198,0.5034444571175821,0.5483201316461604,0.5412470009189108,0.6260196910898275,0.6188095942701577,0.5245857288662007,58,69,60,60,44,49,56
E01011657,0.5579248770068329,0.5468966822003644,0.6442964971535027,0.6370274081924594,0.7262546919113994,0.7430479552026455,0.5582060999949999,31,28,23,23,22,22,30
E01011658,0.49888234133425957,0.49080067598749805,0.554932749102251,0.5511348821524148,0.5699370576544995,0.5813365914288487,0.5004060678661382,99,93,55,53,76,71,96
E01011659,0.5062670168960623,0.4937345566652132,0.5347300883552168,0.5276987047531375,0.5885483189244194,0.5892603126426337,0.5060151737003651,90,87,65,67,59,63,91
E01011660,0.49011501107967326,0.47248558625315984,0.4680430795370782,0.45980657479460996,0.5073744823363862,0.497507624421647,0.4900697467130039,121,139,117,119,112,118,121
E01011661,0.5129711931072883,0.5130468917813698,0.5973440740574435,0.5945142694418736,0.6134310231110113,0.6433007890275069,0.5148722684033938,76,56,33,31,50,37,70
E01011662,0.6229251489464803,0.624974542099761,0.6799321422438436,0.682906813106701,0.6852114664304452,0.7166727735472287,0.6270623084153322,13,11,18,15,27,25,13
E01011663,0.5159313211310818,0.5026546020731357,0.5622317017661593,0.5581864334662942,0.6397189563755501,0.6475222766058686,0.5170132523700186,70,71,48,48,38,35,68
E01011664,0.49774511740380645,0.4854852376149051,0.47483196536480654,0.473759216750074,0.5322183896002449,0.536159677628233,0.4981362621070401,102,105,111,109,99,102,100
E01011665,0.47704281932670084,0.4604618515665003,0.40790454738269366,0.4028820938862576,0.43941837665859196,0.43438437383243644,0.4758970508208429,167,175,142,143,138,140,168
E01011666,0.5163069332020441,0.4839393017836773,0.3330691280323336,0.3213062651091449,0.28127774665043836,0.25893352261278735,0.5138510637307637,68,109,200,206,216,235,71
E01011667,0.5809302194426642,0.5761589132302394,0.6761718660383791,0.6708333070844427,0.7078825244751968,0.7278548288124544,0.5829719951208471,23,22,19,19,24,24,23
E01011668,0.4947741216099121,0.4861962569862065,0.3402337023053649,0.33407229917211956,0.29473818081793346,0.2975195857887418,0.492295162187859,114,102,192,195,208,204,118
E01011669,0.5091577306446964,0.497124665960708,0.3746315508345834,0.36672119895804695,0.3549097929077858,0.35437154428391837,0.506426256331703,88,81,162,165,182,178,89
E01011670,0.4299932980148683,0.4309041739688827,0.3750519917980889,0.37399756123727007,0.3589210948842869,0.37545872610017594,0.4299156263111771,392,299,161,158,179,160,387
E01011671,0.49766285316931147,0.4903054779091178,0.5304458622563868,0.5288657485965843,0.5835930431160707,0.6000213082126005,0.4981064892133426,104,96,68,65,63,58,101
E01011673,0.720878511824114,0.6946729962447779,0.7645865825039663,0.746471332150912,0.846742232567389,0.846435183920986,0.7200226783530786,5,6,8,10,9,10,5
E01011677,0.579004494378718,0.5729591191990153,0.6750847279269248,0.6609883139476134,0.6636875040841204,0.6750011693840878,0.5812043803961416,24,23,20,21,31,29,24
E01011678,0.3935663890648201,0.40069441042730514,0.190819943190953,0.18840637167679095,0.04920733442538028,0.06971545486415187,0.3923306000120518,486,473,446,450,482,478,486
E01011681,0.461141699793689,0.45904053484618834,0.44677615941592796,0.44428954272950866,0.46334447352723374,0.4766378087694306,0.4610764323095706,223,178,126,126,130,126,219
E01011684,0.4738762488609244,0.46699908581854543,0.31213317923024064,0.311466803236478,0.2761357753371738,0.28085905819228274,0.4727883839763253,179,158,213,211,222,216,177
E01011685,0.40995826931492835,0.40976145833987687,0.17307251945705465,0.18102453020343126,0.07915880504407391,0.08692713420087927,0.4095589420484561,464,440,475,468,467,458,463
E01011686,0.47849356970817525,0.4737895730085553,0.4905185520343287,0.4887678192321914,0.5314678418956571,0.5424038620052403,0.4789395939114133,163,134,99,99,101,96,162
E01011687,0.4767331907385294,0.45209347032795727,0.2499376999614835,0.24697248827742388,0.19535868226237152,0.18464771790319912,0.4761009095944213,170,207,296,297,294,301,167
E01011688,0.4483511463650611,0.4299336084007126,0.27163716254997305,0.267385976657894,0.2620926397802439,0.2527516930927082,0.44722990851168437,291,307,263,266,235,240,293
E01011689,0.4268603028571196,0.4128321339517887,0.22593477326777137,0.21930494104120934,0.1856161611036211,0.17534299078359028,0.42547244082049024,411,425,344,366,308,314,413
E01011690,0.4095009455162841,0.4075822671374049,0.17925450044117638,0.18182651340805334,0.0687912211072006,0.07343235800279602,0.40835913825735787,465,451,468,467,476,475,465
E01011691,0.43067124175338645,0.4252002329204599,0.3368112358638267,0.33609059416225456,0.33023484721594876,0.3352136866980564,0.43030482937889764,388,342,194,193,195,189,384
E01011692,0.4137328995350275,0.40096190738168425,0.18022641428567276,0.173928909803955,0.09954378599418645,0.08862185859254534,0.4127246972608818,457,472,467,474,441,457,457
E01011693,0.4675661378228335,0.4448908775047122,0.2846747878647914,0.271676582485439,0.22433256628943665,0.20511480178922326,0.46521598961552596,197,235,245,260,261,276,206
E01011694,0.4714391976823455,0.46830591284514467,0.2789274378073349,0.27879654995964537,0.18680950520043726,0.19355762530627252,0.46968189553841794,186,154,254,251,305,293,191
E01011695,0.4937950563239858,0.48607110130985076,0.5194244066755361,0.5148027003530398,0.5659942108099084,0.5728057322960715,0.49388059194595063,115,103,80,77,77,75,114
E01011696,0.48178133496088293,0.4541537856244646,0.2284318143075489,0.22842322047524416,0.13305882333221652,0.12336898847261135,0.48100119468302327,150,197,337,338,394,402,150
E01011697,0.43459353935724904,0.4335978818053597,0.2145813315720684,0.22608932156360723,0.15777851836197554,0.16826089317027004,0.4345066690283282,364,288,375,344,350,322,357
E01011698,0.47586946089311216,0.4367111115639897,0.26410690099771805,0.2470880435886346,0.20321220536670526,0.17044439977351322,0.4745580210430271,172,270,273,296,288,319,173
E01011699,0.44058247457580035,0.4206170596587674,0.18726648361980525,0.18658131637988584,0.08539169297454063,0.07407639879352779,0.4395553435778816,330,374,454,457,462,473,330
E01011700,0.3921305283602719,0.3941035426150642,0.14380410160966528,0.15485875255909554,0.059098833813782004,0.07019993968988736,0.3916520798394399,487,483,487,487,481,477,487
E01011701,0.437923041401046,0.4105516329268701,0.19459260080152027,0.183082314429695,0.1121572901135448,0.09083102781873054,0.4373555938381446,343,436,440,464,423,450,343
E01011702,0.45833654667606905,0.4566746303070185,0.2032550396202633,0.2200901593545071,0.07191138342783132,0.08133082482618859,0.45845198803240605,234,188,421,365,470,465,228
E01011703,0.44987807834578897,0.4352116223267786,0.20282385899384067,0.20717904245127963,0.06971161915276514,0.065334802798654,0.44899993100924124,276,278,424,405,475,480,280
E01011704,0.40591117088938666,0.4057895619331528,0.2108830460198617,0.21729285053856576,0.1650541809390057,0.1756316010893071,0.40583230566260703,474,456,385,372,335,313,474
E01011705,0.4591842024655699,0.4301734962905871,0.3192730396021963,0.30898322512232346,0.33281089130775554,0.30934828226029176,0.45796720985157174,228,306,207,212,192,199,230
E01011706,0.43650730431950596,0.4431103829351829,0.1874980821712645,0.20913146595558613,0.06869272113110947,0.08429746243641922,0.43624888342329254,352,241,453,396,477,460,349
E01011707,0.44796345120312286,0.4302384236305736,0.24504167099888038,0.2419936519293671,0.22026114883403225,0.21135195926196326,0.4470218740752994,294,305,309,307,270,269,295
E01011708,0.4528281932813988,0.43577151333136716,0.21263728244635893,0.21461533094229407,0.13644950526911537,0.13132530963448885,0.4519798976573638,261,274,379,382,392,390,260
E01011709,0.4120403210570136,0.41034671884431834,0.17362431278364138,0.18499108055705354,0.09246304809174499,0.099994732431681,0.41147271744260044,460,437,474,462,452,437,459
E01011710,0.4278480919456095,0.41264031482035324,0.1822437362447266,0.18255844170185187,0.09688784591131172,0.08900753659639427,0.4269322700350969,405,427,465,466,447,456,404
E01011711,0.43736205514510584,0.42445627467087493,0.19812685935551583,0.20200884922049386,0.11542397864530263,0.11259357129886904,0.4364429488760138,347,348,435,420,416,415,345
E01011712,0.4479476272511397,0.44844934701496,0.22788737520664867,0.2400092093685266,0.16380821463929762,0.176400333165999,0.44704756620197966,295,224,338,314,337,312,294
E01011713,0.4520345650554784,0.4535498728001174,0.20399597373530992,0.22110566418264402,0.09663693753028935,0.10816027609606915,0.4514996150216225,263,199,415,358,448,424,264
E01011714,0.42200617086209813,0.40648273333172236,0.20190155872048965,0.1984565358724646,0.15040940095607747,0.14047812610852128,0.4215565427568464,428,454,427,433,369,375,427
E01011715,0.4329315143946253,0.41898142532380056,0.18930687774060417,0.19045608148117082,0.09770206547100746,0.09181675247602139,0.43218021882254176,372,385,448,446,445,448,372
E01011716,0.4639254057315929,0.44906487014757207,0.247138119346554,0.2499661567280182,0.21304785023360406,0.21100404801233352,0.463318538220895,214,223,303,289,276,270,213
E01011717,0.4320312546476296,0.42132308754976594,0.29018287324987246,0.2893932184166505,0.28323545909385106,0.28089364710563003,0.43175799413870086,378,369,235,232,213,215,374
E01011718,0.4517406178290917,0.4309964872158732,0.3366291433360268,0.33001565374911784,0.34931365665002034,0.33465071956792924,0.45181148138043126,267,298,195,200,185,190,261
E01011719,0.45828297640398985,0.43934808223004074,0.24322512011127786,0.23951832699136058,0.19388528532927252,0.18460063880251498,0.45711491200444354,235,252,314,315,295,302,236
E01011720,0.4667601760666798,0.45240848893389046,0.4383590820630049,0.43341823187751255,0.4738243851054875,0.4674416256384052,0.46714144640035177,200,205,130,131,124,129,198
E01011721,0.49083306544267946,0.4793825071092992,0.5222952891650329,0.5130038265345638,0.561470281131188,0.5578610058495646,0.4913351649875555,119,119,78,80,81,88,119
E01011722,0.444922419910241,0.43075135425718547,0.3726952630032887,0.36811157049873094,0.3861064475463687,0.37771244955012584,0.44475369718753865,307,300,166,164,158,159,303
E01011723,0.4789804339288741,0.46679876590478425,0.5040524088972524,0.4986312057377112,0.5542430006754796,0.5505977585926749,0.47969963693370626,161,159,91,93,86,91,158
E01011724,0.4776786970825585,0.46345552028411,0.4637084849952107,0.45587451622340924,0.4909036407181149,0.4848570192420548,0.4771555165727669,165,169,120,121,119,123,163
E01011725,0.5186758214182099,0.5083457850042609,0.5912679110971,0.5845488822220756,0.6079095426679378,0.6164034867440016,0.5197959562043267,66,61,36,36,52,51,64
E01011726,0.4871270012745011,0.4710183565691163,0.4779235353042838,0.4728651149135301,0.53060376060635,0.5256821943978561,0.4868758493785892,134,144,108,111,102,105,132
E01011727,0.4402269911403101,0.4182832138063687,0.22016231573011522,0.21498014841255597,0.18363192271096063,0.16955451891870332,0.4391118622867288,333,392,364,379,311,321,333
E01011728,0.45872090835840074,0.43726449000817175,0.22624432038057707,0.22477712953717738,0.17256011945226257,0.16347006005641496,0.4577921400496631,232,266,342,347,324,331,232
E01011729,0.5004370614504453,0.4846443269532784,0.5008360516044169,0.4954649382919743,0.5601737424855007,0.5582267634960545,0.49981727424229916,96,107,93,94,82,87,97
E01011730,0.4976423607910693,0.4837641937325674,0.5111992457881396,0.5100621298856847,0.5168274287328141,0.5248706145997905,0.49880631763077,105,110,86,84,108,106,99
E01011731,0.43535246677471034,0.4174153351735053,0.22912386751682706,0.22217910299858495,0.1931351690127312,0.17985159009950835,0.43404603436467093,358,400,336,355,297,309,364
E01011732,0.4379802392520642,0.417467627340358,0.23522144885397608,0.2287415693545329,0.20910706143750646,0.195034362442998,0.43683200393023625,342,399,327,337,282,292,344
E01011733,0.4358422714898653,0.4192665312476278,0.24511403705311818,0.23787261489014233,0.21325315256877575,0.20101743031097363,0.4343188331389734,355,383,308,321,275,281,360
E01011734,0.417923132646421,0.4078797727251792,0.20276176308044638,0.2003880214509837,0.1481391930054199,0.14308137058625015,0.41754996734391026,442,449,425,425,372,372,441
E01011735,0.48733573234490896,0.4776456250979529,0.5231442980854693,0.5183255124894498,0.5749993774393393,0.5808512975919845,0.4879804479125709,133,131,76,74,70,72,126
E01011736,0.4466555178191963,0.42731580694282056,0.24712655739821435,0.24035853546606442,0.21756259044697246,0.20480817197285717,0.4454449554674302,301,321,304,311,274,277,301
E01011737,0.49010630500825975,0.4683074408947809,0.4684070088398799,0.46108184190779494,0.5209749046964308,0.5080750089747689,0.4895292174165201,122,152,116,118,105,113,124
E01011738,0.4422681768691066,0.4227533216584991,0.22587720372544554,0.2206850619369839,0.18894257738883846,0.17660501898297842,0.44112165411655624,319,361,345,361,302,311,318
E01011739,0.4977092483933794,0.47774412334813793,0.5121435421973282,0.50410717444498,0.5724845943175689,0.5616815907661141,0.4977169103901351,103,130,85,87,75,86,103
E01032487,0.47191860799331464,0.45636227513084454,0.4162766650378147,0.41237077607227085,0.45227976629660716,0.44745373241627384,0.4714884277307539,185,189,137,137,133,137,184
E01032488,0.4069964124667476,0.39763502201217443,0.1643497941420109,0.16357387998174946,0.08610041023180426,0.08088269367532308,0.4061708429507142,470,479,481,482,460,466,470
E01032489,0.42782907974909834,0.4132104241154897,0.2415141585486393,0.23550981790709258,0.21109182064943854,0.20082242166604447,0.4265986245219967,406,424,317,326,279,282,408
E01032490,0.44464451092738927,0.42614457612307066,0.22331169026950032,0.21916586676830577,0.15349926029324656,0.14230403037761796,0.44328672782731504,309,332,352,367,364,373,312
E01032491,0.43156405370649864,0.41110141691012414,0.19420119743608652,0.18704492294550262,0.11131768957061938,0.0952844953089067,0.43033999702778314,381,433,441,455,426,441,383
E01032492,0.4554005441747885,0.4396404167949637,0.39443312297337596,0.387281791379008,0.40886160029359986,0.39798029424589854,0.45464954194102536,249,250,147,149,151,151,244
E01032493,0.445830742932166,0.4097422234957552,0.20571524561741505,0.1883455029123194,0.15493968110599032,0.12374608547856814,0.4437261920647142,304,441,409,451,361,400,306
E01032494,0.4937254053685899,0.48098480004932853,0.48186671014199445,0.4785051372956355,0.5374145124365935,0.5385997752982563,0.4934946239088215,116,117,104,104,94,100,115
E01032496,0.4172503624403602,0.40188189484080933,0.19957503490214568,0.19389727568823764,0.15172650641289676,0.14001004147096419,0.41641248215932075,445,470,431,440,367,377,447
E01032497,0.48829908299033004,0.477906659561532,0.47845212832293826,0.4776731267607694,0.5356397525042264,0.5409085114320653,0.48811612676282407,130,128,106,105,96,97,125
E01032498,0.46679840811372864,0.4512706247256053,0.29690888738285054,0.294659511433087,0.290822679511596,0.28691741541882754,0.4655652753192439,199,209,224,224,211,211,203
E01032499,0.43887543940680135,0.4237260007907234,0.23938590033043086,0.23552517363662395,0.20776207534506275,0.1994825294347513,0.43799124466445527,339,358,320,325,284,285,338
E01032500,0.5433886368659439,0.5269682311914823,0.5691563497010274,0.5599174390812917,0.6427847840594758,0.6414019903376414,0.5421469925924172,41,44,46,47,36,38,41
E01032501,0.47566243369427097,0.4502055549110678,0.2599341822736198,0.2527460432964985,0.18007514696550142,0.16396990743965922,0.4739228311423558,173,219,280,280,315,330,174
E01032502,0.48367822961188506,0.4666593293905209,0.46034317260046914,0.45410570312963955,0.5018871487179101,0.4950429920129954,0.4830890481685337,144,160,121,123,114,120,140
E01032503,0.4273739845632162,0.43890393513116005,0.1827299703740115,0.2076728586771038,0.07125474612544758,0.0924747630746956,0.4267928074959129,407,254,463,403,473,445,406
E01032504,0.5197226171027384,0.5075880690236897,0.26124666642586614,0.2761402232039683,0.22413622466369776,0.2322128564009147,0.5202567008238212,63,62,278,254,263,254,63
E01032606,0.4060972321123243,0.4045395523018337,0.28126939873599255,0.2814118011595845,0.2471911780208671,0.2562871816180565,0.4060207789946213,473,461,253,245,246,237,472
E01032607,0.47118955912248517,0.4675759865808423,0.46445120948512797,0.46233387230440737,0.4942276427864417,0.5061455920894252,0.47086378525404793,188,155,119,117,117,114,186
E01032608,0.48811876032636886,0.4840615624528491,0.43479236470920196,0.4336191226695032,0.4653241329164137,0.47781595478724614,0.48702354781115226,131,108,132,130,129,124,129
E01032876,0.4466234919932,0.43162345655502354,0.19904709102364085,0.20244677478711773,0.09788420734298453,0.09302731852754109,0.4462046134328229,302,296,432,417,444,443,300
E01032946,0.44237812559000417,0.43691710884572743,0.2513722257136841,0.24651460328280117,0.14760667676047845,0.14869437470165292,0.44041671228499385,318,269,292,299,374,360,325
E01033002,0.42842378857016666,0.4304606568032832,0.3872172921133628,0.38373976743858673,0.341891872510406,0.3620217929801557,0.4289082418001984,400,303,154,150,189,171,394
E01033003,0.4487987847637182,0.45114095319357295,0.4882938899820957,0.48423342029713407,0.47219842454535055,0.4957575854293146,0.45018712895344515,286,210,101,101,125,119,272
E01033008,0.3953108799765143,0.4032674667680899,0.22676684946821243,0.2226577977956083,0.09169660236784738,0.11857429934633967,0.39473151735688994,484,466,341,353,454,408,484
E01033010,0.40046102766324454,0.41171158917402073,0.2274692611236889,0.22200926560475492,0.0245287630720481,0.05375832101458111,0.3993080772158327,481,429,340,356,485,483,482
E01033011,0.40658064065472266,0.4064377806919781,0.24911862279215757,0.24227767732918612,0.07498993342281801,0.08391726359233909,0.406059032108166,471,455,297,306,469,462,471
E01033013,0.4802061103848498,0.47842865785886646,0.4971022278422378,0.4873829733830354,0.47597562396643767,0.4884879284139212,0.4804439559602177,156,125,97,100,123,121,154
E01033015,0.4435952385280923,0.44306524774395173,0.28147999328927964,0.27375814065383475,0.02198351274208077,0.029661855199695775,0.4426726932903794,314,242,252,257,486,486,314
E01033016,0.40392086501044333,0.40815317940070517,0.2440068524003023,0.2391617541413001,0.07133424174379444,0.09254150915258774,0.40356167035861523,477,447,312,316,472,444,477
E01033021,0.4338980111481245,0.43038645976643986,0.3885193792766692,0.383316576065655,0.36270803001015883,0.3689495761470394,0.43410708640328927,367,304,151,151,174,165,363
E01033031,0.4660966332768373,0.4686338861621636,0.44480555316622516,0.4390567531794056,0.4056396452995229,0.42827122019800956,0.4662213776684245,205,150,127,128,155,144,200
E01033033,0.4224249099137088,0.4192685755691793,0.27594570849648337,0.2677047800722105,0.11016579998000742,0.11063040820295,0.4219243398463833,426,382,258,265,428,419,425
E01033034,0.40795969514590036,0.4083676057572399,0.24332810583388484,0.23671473941309926,0.014142651645625337,0.023354394960045877,0.40726818856520985,468,445,313,323,488,488,468
E01033035,0.5344801233717441,0.5340024295378295,0.6259668997742273,0.6153458867621207,0.6042946604199546,0.6262156448097413,0.5362769818993829,45,39,27,28,53,45,44
E01035040,0.5481321374187502,0.5721166671397309,0.3489950753439471,0.3558016265814028,0.2724885753744204,0.30737228557516083,0.5444854209395471,38,24,184,172,224,200,39
E01035041,0.4615044311879403,0.4627892085474269,0.2752834543301855,0.2741754836588512,0.16310592112813915,0.17486230222281218,0.4591920358387108,220,171,260,256,340,315,227
E01035042,0.4121808475967515,0.42401050973432186,0.2504224991556916,0.24972748566522873,0.17002452694691872,0.19763893149024536,0.410961835729451,459,353,293,290,327,287,460
E01035043,0.45154326796578115,0.4549331754555251,0.3177702091818451,0.3151997700926645,0.26802271768589003,0.2860545461178623,0.4497055096263393,269,195,209,209,231,212,273
E01035044,0.48472099411808767,0.5098126295213017,0.333856767953184,0.3337320112382069,0.2111597934846272,0.2539185423848551,0.482168769976102,137,59,198,196,278,239,147
E01035045,0.43946737928809665,0.4540117715201156,0.29232693725390685,0.28959198659399416,0.17601507042143383,0.20940349691354077,0.4378698395379938,336,198,233,231,320,272,339
E01035046,0.465989341183248,0.4656663681736589,0.2969646445460681,0.28886861896934446,0.03453496553857538,0.043660439524290995,0.4647918246820838,207,164,223,233,484,484,207
E01035047,0.44981872966055164,0.4504572042468661,0.45937728750650175,0.4545883282648065,0.440108343761489,0.45821287094498664,0.45045435992692556,279,218,122,122,137,134,270
E01035048,0.39963848746649394,0.391878837806439,0.2037656033069808,0.2019535880221846,0.1575646413557772,0.15386918616357037,0.3992964138630058,483,486,416,422,352,349,483
E01035049,0.3858358221068222,0.3808970279597128,0.15838209599122227,0.156090405587745,0.08123297692862019,0.07944810927403845,0.3856531524235999,488,488,483,485,465,468,488
E01035050,0.4278519123977928,0.41921635214622915,0.2892925945465214,0.2878132353379757,0.2775940367279349,0.27686299250901425,0.42778029986975413,404,384,236,236,220,219,400
E01035051,0.4171605910211291,0.4051732117140987,0.1985969648288528,0.19461675350682867,0.12809359315744318,0.12006165539536506,0.4162950894923194,446,459,434,439,402,406,448
E01035052,0.42909987718323905,0.4204372655252703,0.3296300438132311,0.32493657784815555,0.3173199852698827,0.3144542524973297,0.4286895783166618,397,375,203,203,198,198,395
E01035053,0.40424505570246666,0.3928105501581005,0.18768588427619476,0.1837293366219982,0.1320252213114761,0.1235868406339411,0.4042987916097723,476,485,451,463,396,401,475
E01035054,0.4518636076973696,0.4505304609527031,0.2867385849254626,0.2792249069792359,0.061138695595835624,0.06718072478540327,0.4509445930038143,266,217,241,248,479,479,265
