bid,score,rank,postcode,postcode_rank,postcode_Ptop20,top20_building
2.0,0.5030756770799939,1236,LS9 6AB,25.0,0.065,False
3.0,0.49071516748915256,1357,LS9 6AB,25.0,0.065,False
5.0,0.6114823170005487,144,LS9 6BJ,10.0,0.853,True
6.0,0.6064326340029474,169,LS9 6BJ,10.0,0.853,True
7.0,0.6427609525927812,54,LS9 6BJ,10.0,0.853,True
8.0,0.6066428067457802,167,LS9 6BJ,10.0,0.853,True
9.0,0.6527514471212659,42,LS9 6BJ,10.0,0.853,True
10.0,0.6229537491507819,98,LS9 6BJ,10.0,0.853,True
11.0,0.6357403248957074,70,LS9 6BG,54.0,0.012,True
12.0,0.6194928079346753,116,LS9 6BG,54.0,0.012,True
13.0,0.5519630383897915,644,LS9 6AZ,39.0,0.015,False
14.0,0.5392608772166689,806,LS9 6AZ,39.0,0.015,False
15.0,0.6145448864762413,131,LS9 6AJ,17.0,0.166,True
16.0,0.5616101958462715,526,LS9 6AJ,17.0,0.166,False
17.0,0.5331423746275751,885,LS9 6AJ,17.0,0.166,False
19.0,0.549181111212822,679,LS9 6AJ,17.0,0.166,False
21.0,0.5242253565336952,999,LS9 6AJ,17.0,0.166,False
23.0,0.5372742710440893,834,LS9 6AJ,17.0,0.166,False
27.0,0.5223680743141622,1027,LS9 6AJ,17.0,0.166,False
37.0,0.6228538347078543,100,LS9 6BH,5.0,0.98,True
38.0,0.6925240960482336,17,LS9 6BH,5.0,0.98,True
39.0,0.6201820770015506,111,LS9 6BH,5.0,0.98,True
40.0,0.6323442988095009,76,LS9 6BH,5.0,0.98,True
41.0,0.6173342956244383,123,LS9 6BJ,10.0,0.853,True
42.0,0.5859653363626975,303,LS9 6BJ,10.0,0.853,True
43.0,0.6321324265703168,77,LS9 6BH,5.0,0.98,True
44.0,0.613123778642999,139,LS9 6BJ,10.0,0.853,True
46.0,0.6371408394413949,64,LS9 6BJ,10.0,0.853,True
47.0,0.6427525476639327,55,LS9 6BJ,10.0,0.853,True
49.0,0.6332997501183575,75,LS9 6BJ,10.0,0.853,True
50.0,0.5914215235336506,261,LS9 6BQ,4.0,1.0,True
51.0,0.5560838022305814,591,LS9 6BQ,4.0,1.0,False
52.0,0.6056120784884358,172,LS9 6BQ,4.0,1.0,True
53.0,0.5500622724932029,669,LS9 6BG,54.0,0.012,False
55.0,0.5581330659787483,564,LS9 6BG,54.0,0.012,False
56.0,0.6104011261227835,148,LS9 6BQ,4.0,1.0,True
57.0,0.5405594603809863,789,LS9 6BG,54.0,0.012,False
58.0,0.5927712905395899,257,LS9 6BQ,4.0,1.0,True
59.0,0.569759535548839,450,LS9 6BG,54.0,0.012,False
60.0,0.5716793575542228,433,LS9 6BG,54.0,0.012,False
62.0,0.6140212963938666,134,LS9 6BG,54.0,0.012,True
63.0,0.6026919634740513,187,LS9 6BG,54.0,0.012,True
64.0,0.5047334172513005,1213,LS9 6BE,76.0,0.0,False
65.0,0.5371920632914795,836,LS9 6BE,76.0,0.0,False
66.0,0.6516550849609549,44,LS9 6BH,5.0,0.98,True
67.0,0.5303276597012498,924,LS9 6BE,76.0,0.0,False
68.0,0.646610274986495,46,LS9 6BB,,,True
70.0,0.642457186460699,56,LS9 6BH,5.0,0.98,True
72.0,0.5657114606644578,488,LS9 6BE,76.0,0.0,False
73.0,0.6366959458037584,65,LS9 6BH,5.0,0.98,True
74.0,0.5787884840843298,371,LS9 6BE,76.0,0.0,False
75.0,0.645607330133604,49,LS9 6BH,5.0,0.98,True
76.0,0.64620578733337,47,LS9 6BH,5.0,0.98,True
78.0,0.6277518387818626,83,LS9 6BH,5.0,0.98,True
79.0,0.7117087880517343,10,LS9 6BH,5.0,0.98,True
80.0,0.6258807154660456,88,LS9 6BH,5.0,0.98,True
81.0,0.6517461478141673,43,LS9 6BH,5.0,0.98,True
82.0,0.5911446573229588,262,LS9 6BH,5.0,0.98,True
83.0,0.6544822434792095,41,LS9 6BH,5.0,0.98,True
84.0,0.6224711169338342,102,LS9 6BH,5.0,0.98,True
85.0,0.705104893398526,13,LS9 6BH,5.0,0.98,True
86.0,0.6333693469351325,74,LS9 6BH,5.0,0.98,True
87.0,0.6189738796803383,118,LS9 6BH,5.0,0.98,True
88.0,0.6412565380420224,58,LS9 6BH,5.0,0.98,True
89.0,0.6269654013313926,84,LS9 6BJ,10.0,0.853,True
90.0,0.6239368214640459,95,LS9 6BH,5.0,0.98,True
92.0,0.6257817272807232,89,LS9 6BJ,10.0,0.853,True
94.0,0.6259531205656975,87,LS9 6BH,5.0,0.98,True
95.0,0.4851484203800494,1411,LS9 6BE,76.0,0.0,False
97.0,0.5436729424335466,750,LS9 6BD,16.0,0.224,False
99.0,0.6181158239166495,121,LS9 6BG,54.0,0.012,True
100.0,0.5338773292898571,877,LS9 6BD,16.0,0.224,False
101.0,0.4805636492847339,1459,LS9 6BE,76.0,0.0,False
103.0,0.5953210798350529,234,LS9 6BG,54.0,0.012,True
104.0,0.5989051879913136,210,LS9 6BQ,4.0,1.0,True
105.0,0.610440967509137,147,LS9 6BG,54.0,0.012,True
108.0,0.4685354527173769,1562,LS9 6BE,76.0,0.0,False
109.0,0.5767729468184216,387,LS9 6BG,54.0,0.012,False
110.0,0.4773828554945218,1489,LS9 6BE,76.0,0.0,False
112.0,0.5460607185282291,720,LS9 6BQ,4.0,1.0,False
113.0,0.46045564097083047,1616,LS9 6BE,76.0,0.0,False
115.0,0.5820284112908412,338,LS9 6BQ,4.0,1.0,True
116.0,0.5217260516357936,1036,LS9 6BE,76.0,0.0,False
117.0,0.5578369215517743,570,LS9 6BE,76.0,0.0,False
118.0,0.510476959427467,1146,LS9 6BG,54.0,0.012,False
119.0,0.6166228041151521,125,LS9 6BQ,4.0,1.0,True
120.0,0.5140882605970809,1111,LS9 6BE,76.0,0.0,False
122.0,0.5929737833050712,254,LS9 6BQ,4.0,1.0,True
123.0,0.5503271856181056,663,LS9 6BE,76.0,0.0,False
124.0,0.43458684608387865,1723,LS9 6BE,76.0,0.0,False
125.0,0.5668250041297779,473,LS9 6BG,54.0,0.012,False
126.0,0.6074063178845838,165,LS9 6BQ,4.0,1.0,True
127.0,0.512594117739235,1130,LS9 6AL,70.0,0.005,False
128.0,0.4901045601166238,1371,LS9 6AJ,17.0,0.166,False
129.0,0.48243731086987784,1439,LS9 6AN,74.0,0.0,False
130.0,0.6026901162529001,188,LS9 6AY,26.0,0.067,True
131.0,0.4973913525988454,1287,LS9 6AN,74.0,0.0,False
132.0,0.46133440823339267,1610,LS9 6AJ,17.0,0.166,False
133.0,0.5494625234530115,674,LS9 6AY,26.0,0.067,False
134.0,0.4530179126419822,1655,LS9 6AN,74.0,0.0,False
135.0,0.6191319817785341,117,LS9 6AY,26.0,0.067,True
136.0,0.5218007870569158,1033,LS9 6AJ,17.0,0.166,False
138.0,0.5986793058041339,212,LS9 6AY,26.0,0.067,True
139.0,0.5493601776858836,676,LS9 6AY,26.0,0.067,False
140.0,0.538909886553235,808,LS9 6AY,26.0,0.067,False
141.0,0.5692297965870043,454,LS9 6AZ,39.0,0.015,False
143.0,0.5856482727192873,306,LS9 6AY,26.0,0.067,True
145.0,0.5801046476468268,357,LS9 6AZ,39.0,0.015,True
146.0,0.6729854126670011,24,LS9 6AY,26.0,0.067,True
147.0,0.5348618520582504,866,LS9 6AY,26.0,0.067,False
148.0,0.5321013236369316,906,LS9 6AZ,39.0,0.015,False
149.0,0.520329753808897,1044,LS9 6AY,26.0,0.067,False
153.0,0.49028108597766207,1366,LS9 6AJ,17.0,0.166,False
155.0,0.5545043205354263,613,LS9 6AZ,39.0,0.015,False
157.0,0.5500736013284973,668,LS9 6AZ,39.0,0.015,False
158.0,0.6340168950370983,73,LS9 6AY,26.0,0.067,True
159.0,0.5240583203213068,1002,LS9 6AY,26.0,0.067,False
160.0,0.6357226221341961,71,LS9 6BG,54.0,0.012,True
161.0,0.5466231247695229,712,LS9 6AZ,39.0,0.015,False
162.0,0.5810821493071263,348,LS9 6AZ,39.0,0.015,True
163.0,0.6213926011704798,107,LS9 6BG,54.0,0.012,True
166.0,0.6432206789773607,52,LS9 6BG,54.0,0.012,True
168.0,0.5573872935013818,577,LS9 6AZ,39.0,0.015,False
169.0,0.6250788325586778,91,LS9 6BG,54.0,0.012,True
170.0,0.5550837839137953,604,LS9 6AZ,39.0,0.015,False
171.0,0.5977080289137136,219,LS9 6BG,54.0,0.012,True
172.0,0.6238923399018362,96,LS9 6AZ,39.0,0.015,True
173.0,0.5038095449637927,1229,LS9 6AZ,39.0,0.015,False
174.0,0.5793875659612235,365,LS9 6AZ,39.0,0.015,False
175.0,0.6007804270760202,202,LS9 6AZ,39.0,0.015,True
176.0,0.5296667436022221,930,LS9 6AZ,39.0,0.015,False
178.0,0.5327963265211255,892,LS9 6AZ,39.0,0.015,False
179.0,0.5477747277724458,693,LS9 6AY,26.0,0.067,False
181.0,0.527277922615373,961,LS9 6AZ,39.0,0.015,False
182.0,0.5477645811061882,694,LS9 6AY,26.0,0.067,False
184.0,0.5414353597169996,776,LS9 6AZ,39.0,0.015,False
185.0,0.5853070269833494,311,LS9 6AY,26.0,0.067,True
187.0,0.544602177899141,741,LS9 6AY,26.0,0.067,False
188.0,0.613103747924189,140,LS9 6BA,30.0,0.054,True
189.0,0.6549426665690008,40,LS9 6BA,30.0,0.054,True
190.0,0.575162742419055,402,LS9 6BA,30.0,0.054,False
192.0,0.585547840970796,308,LS9 6BA,30.0,0.054,True
193.0,0.5100529336441314,1154,LS9 6BA,30.0,0.054,False
195.0,0.5840958967657586,323,LS9 6BA,30.0,0.054,True
196.0,0.5041308970104207,1222,LS9 6BD,16.0,0.224,False
197.0,0.5407413044521117,787,LS9 6BD,16.0,0.224,False
198.0,0.5938683129332312,250,LS9 6BA,30.0,0.054,True
199.0,0.6098588058052117,153,LS9 6BA,30.0,0.054,True
202.0,0.5599499750612797,540,LS9 6BA,30.0,0.054,False
203.0,0.5184348526118653,1061,LS9 6BD,16.0,0.224,False
204.0,0.42732337450676333,1740,LS9 6BE,76.0,0.0,False
205.0,0.5345600475814414,871,LS9 6BD,16.0,0.224,False
206.0,0.5720647107704265,429,LS9 6BA,30.0,0.054,False
207.0,0.542476399980792,766,LS9 6BD,16.0,0.224,False
210.0,0.561764072410457,525,LS9 6BA,30.0,0.054,False
211.0,0.5319749130127821,908,LS9 6BD,16.0,0.224,False
212.0,0.5064791144849397,1200,LS9 6BD,16.0,0.224,False
213.0,0.5944841439386632,240,LS9 6BA,30.0,0.054,True
214.0,0.556435054948877,588,LS9 6BD,16.0,0.224,False
215.0,0.47460996459611826,1517,LS9 6BE,76.0,0.0,False
216.0,0.5935642599478242,251,LS9 6BA,30.0,0.054,True
217.0,0.4886041458446438,1388,LS9 6BD,16.0,0.224,False
218.0,0.5677492108186064,465,LS9 6BA,30.0,0.054,False
219.0,0.5071424040546246,1186,LS9 6BD,16.0,0.224,False
228.0,0.7723974300972349,1,LS9 6BA,30.0,0.054,True
231.0,0.6200301931816344,112,LS9 6BA,30.0,0.054,True
232.0,0.4152328544690142,1758,LS9 6AQ,79.0,0.0,False
234.0,0.4635024972430772,1595,LS9 6AQ,79.0,0.0,False
236.0,0.5088029636086273,1166,LS9 6AY,26.0,0.067,False
237.0,0.43001238265441666,1734,LS9 6AN,74.0,0.0,False
239.0,0.4703572143762179,1547,LS9 6AL,70.0,0.005,False
241.0,0.4651202654161497,1584,LS9 6AL,70.0,0.005,False
242.0,0.47899581019541926,1476,LS9 6AN,74.0,0.0,False
244.0,0.46666618205320864,1579,LS9 6AL,70.0,0.005,False
245.0,0.5501221183637648,666,LS9 6AY,26.0,0.067,False
246.0,0.45187014114236146,1663,LS9 6AN,74.0,0.0,False
247.0,0.5407599425596354,786,LS9 6AQ,79.0,0.0,False
248.0,0.48306363122152624,1432,LS9 6AL,70.0,0.005,False
249.0,0.6246322124786219,93,LS9 6AY,26.0,0.067,True
250.0,0.46716806472227124,1574,LS9 6AN,74.0,0.0,False
251.0,0.47853758715200145,1482,LS9 6AL,70.0,0.005,False
254.0,0.4701516321761208,1549,LS9 6AL,70.0,0.005,False
255.0,0.601041146005283,198,LS9 6AY,26.0,0.067,True
257.0,0.6266266255414336,85,LS9 6AY,26.0,0.067,True
258.0,0.47101454157432654,1543,LS9 6AN,74.0,0.0,False
259.0,0.5626306056452233,513,LS9 6AL,70.0,0.005,False
260.0,0.44786864297490503,1682,LS9 6AN,74.0,0.0,False
261.0,0.5798601635883145,360,LS9 6AY,26.0,0.067,False
264.0,0.5975329593663951,220,LS9 6AZ,39.0,0.015,True
265.0,0.6104990980564423,146,LS9 6BA,30.0,0.054,True
266.0,0.5172969501328466,1076,LS9 6BD,16.0,0.224,False
267.0,0.5431514782174083,756,LS9 6BD,16.0,0.224,False
268.0,0.6036109774639524,178,LS9 6AZ,39.0,0.015,True
269.0,0.6013471652989465,196,LS9 6BA,30.0,0.054,True
273.0,0.5215185884925337,1039,LS9 6BD,16.0,0.224,False
274.0,0.5144018393074256,1108,LS9 6BD,16.0,0.224,False
275.0,0.5373718779956691,833,LS9 6BD,16.0,0.224,False
278.0,0.5101890575358072,1149,LS9 6BD,16.0,0.224,False
279.0,0.5453428247217229,731,LS9 6BD,16.0,0.224,False
280.0,0.5070332118289502,1191,LS9 6BD,16.0,0.224,False
282.0,0.5212091589752195,1040,LS9 6BD,16.0,0.224,False
283.0,0.5256167196271471,983,LS9 6BD,16.0,0.224,False
284.0,0.48163873694185666,1449,LS9 6BE,76.0,0.0,False
285.0,0.5144623832131232,1107,LS9 6BD,16.0,0.224,False
287.0,0.5735318775485482,415,LS9 6BD,16.0,0.224,False
288.0,0.47518433896666856,1511,LS9 6BE,76.0,0.0,False
289.0,0.47680006629100335,1494,LS9 6BE,76.0,0.0,False
290.0,0.5793464864538845,366,LS9 6BD,16.0,0.224,False
291.0,0.4669313855489435,1577,LS9 6BE,76.0,0.0,False
292.0,0.5201552610678728,1045,LS9 6BD,16.0,0.224,False
293.0,0.5501815017788008,665,LS9 6BD,16.0,0.224,False
295.0,0.5315542933045667,914,LS9 6AZ,39.0,0.015,False
303.0,0.5941812918681408,244,LS9 6AY,26.0,0.067,True
305.0,0.5854904789786191,309,LS9 6AY,26.0,0.067,True
309.0,0.5568857848127383,582,LS9 6AZ,39.0,0.015,False
311.0,0.6103693917973512,149,LS9 6AY,26.0,0.067,True
314.0,0.5881031492838455,282,LS9 6BA,30.0,0.054,True
315.0,0.5672871067946867,469,LS9 6AZ,39.0,0.015,False
316.0,0.5875049467689522,290,LS9 6BA,30.0,0.054,True
318.0,0.602031903880057,192,LS9 6AY,26.0,0.067,True
319.0,0.5621899120373886,518,LS9 6BA,30.0,0.054,False
320.0,0.570276762837545,446,LS9 6BA,30.0,0.054,False
322.0,0.5438462836086914,747,LS9 6BA,30.0,0.054,False
323.0,0.4645616016800694,1586,LS9 6AN,74.0,0.0,False
324.0,0.6188714596415982,119,LS9 6AY,26.0,0.067,True
325.0,0.6222474003109907,104,LS9 6BA,30.0,0.054,True
326.0,0.5899883568521211,272,LS9 6BA,30.0,0.054,True
327.0,0.578750687569541,372,LS9 6AY,26.0,0.067,False
329.0,0.6032697089864465,180,LS9 6AZ,39.0,0.015,True
330.0,0.6198934710256585,114,LS9 6BA,30.0,0.054,True
331.0,0.5405978311863452,788,LS9 6BD,16.0,0.224,False
332.0,0.5624108367168044,516,LS9 6BA,30.0,0.054,False
345.0,0.5505517682191337,658,LS9 6AY,26.0,0.067,False
346.0,0.5657392190173939,486,LS9 6AY,26.0,0.067,False
348.0,0.5109809428256611,1141,LS9 6AY,26.0,0.067,False
350.0,0.5322731394927025,903,LS9 6AY,26.0,0.067,False
352.0,0.5927417699281499,258,LS9 6AY,26.0,0.067,True
354.0,0.604474772588524,175,LS9 6AZ,39.0,0.015,True
355.0,0.5366398117790196,844,LS9 6FE,,,False
359.0,0.4637887064663081,1591,LS9 6AX,,,False
361.0,0.5830722302892741,330,LS9 6AZ,39.0,0.015,True
362.0,0.5847614801285921,315,LS9 6BA,30.0,0.054,True
363.0,0.6361172019570932,68,LS9 6FE,,,True
364.0,0.7435778656188237,5,LS9 6FE,,,True
365.0,0.6089718772857143,158,LS9 6BA,30.0,0.054,True
366.0,0.5294212980014819,936,LS9 6AY,26.0,0.067,False
367.0,0.6407367485861535,60,LS9 6AZ,39.0,0.015,True
368.0,0.5985268233934009,213,LS9 6BA,30.0,0.054,True
369.0,0.6143842063089295,133,LS9 6BA,30.0,0.054,True
370.0,0.537103712598643,838,LS9 6AY,26.0,0.067,False
371.0,0.5828941093883603,332,LS9 6AZ,39.0,0.015,True
372.0,0.6212346690353935,109,LS9 6BA,30.0,0.054,True
375.0,0.5868809348764175,296,LS9 6AZ,39.0,0.015,True
377.0,0.4611842735704791,1611,LS9 6AN,74.0,0.0,False
378.0,0.6215435469987477,106,LS9 6AE,21.0,0.106,True
379.0,0.48792671087597117,1394,LS9 6AF,59.0,0.006,False
380.0,0.5952703008806056,235,LS9 6AE,21.0,0.106,True
381.0,0.47265642141872993,1532,LS9 6AF,59.0,0.006,False
382.0,0.48188908518202356,1445,LS9 6AF,59.0,0.006,False
384.0,0.48034497025636513,1461,LS9 6AF,59.0,0.006,False
385.0,0.4588164240504994,1624,LS9 6AF,59.0,0.006,False
386.0,0.5270452918279144,965,LS9 6AG,73.0,0.001,False
388.0,0.4554575767185236,1645,LS9 6AF,59.0,0.006,False
389.0,0.45783134016177546,1627,LS9 6AF,59.0,0.006,False
390.0,0.49311562495098527,1334,LS9 6AF,59.0,0.006,False
391.0,0.4917503421071532,1349,LS9 6AF,59.0,0.006,False
393.0,0.48391947784835143,1427,LS9 6AF,59.0,0.006,False
394.0,0.5336836183629579,880,LS9 6AG,73.0,0.001,False
395.0,0.4629954186428804,1600,LS9 6AF,59.0,0.006,False
396.0,0.4491037822872095,1675,LS9 6AG,73.0,0.001,False
397.0,0.4608457668824226,1612,LS9 6AF,59.0,0.006,False
398.0,0.4668641058505272,1578,LS9 6AF,59.0,0.006,False
399.0,0.46136825476847015,1609,LS9 6AG,73.0,0.001,False
400.0,0.5173978400422791,1073,LS9 6AF,59.0,0.006,False
401.0,0.5380288783168888,825,LS9 6AG,73.0,0.001,False
403.0,0.44265091239218907,1703,LS9 6AF,59.0,0.006,False
404.0,0.5043169603795846,1219,LS9 6AG,73.0,0.001,False
405.0,0.5396379962017123,799,LS9 6AG,73.0,0.001,False
406.0,0.4813635706086337,1452,LS9 6AF,59.0,0.006,False
407.0,0.47650896793310304,1498,LS9 6AG,73.0,0.001,False
421.0,0.47484603899652233,1513,LS9 6AN,74.0,0.0,False
426.0,0.463877515655825,1590,LS9 6AN,74.0,0.0,False
427.0,0.5876075559661291,288,LS9 6AA,12.0,0.664,True
429.0,0.4724458669600489,1534,LS9 6AN,74.0,0.0,False
430.0,0.5225640225431123,1025,LS9 6AN,74.0,0.0,False
432.0,0.5665867561831599,474,LS9 6AA,12.0,0.664,False
433.0,0.48202453044997157,1443,LS9 6AN,74.0,0.0,False
436.0,0.6047339436242158,174,LS9 6AY,26.0,0.067,True
437.0,0.4647701279872323,1585,LS9 6AN,74.0,0.0,False
439.0,0.6140148562228136,135,LS9 6AE,21.0,0.106,True
440.0,0.4632805594065476,1596,LS9 6AN,74.0,0.0,False
441.0,0.6090425271801245,157,LS9 6AE,21.0,0.106,True
443.0,0.4716254527652323,1539,LS9 6AN,74.0,0.0,False
444.0,0.5979353446491902,215,LS9 6AE,21.0,0.106,True
445.0,0.5882925141333899,280,LS9 6AE,21.0,0.106,True
446.0,0.4904345279805067,1362,LS9 6AN,74.0,0.0,False
447.0,0.6355864177696542,72,LS9 6AE,21.0,0.106,True
449.0,0.609429378640271,156,LS9 6AE,21.0,0.106,True
450.0,0.5557644514707512,596,LS9 6AE,21.0,0.106,False
451.0,0.6200291782161249,113,LS9 6AE,21.0,0.106,True
452.0,0.6077965038745591,163,LS8 3RQ,19.0,0.151,True
453.0,0.6180132487551312,122,LS9 6AE,21.0,0.106,True
454.0,0.5941349014092463,246,LS9 6AE,21.0,0.106,True
455.0,0.6120737777450729,141,LS9 6AE,21.0,0.106,True
456.0,0.6225319071708464,101,LS9 6AE,21.0,0.106,True
457.0,0.6073676976553697,166,LS9 6AE,21.0,0.106,True
458.0,0.4979699055176033,1284,LS9 6AB,25.0,0.065,False
460.0,0.6146275232108133,130,LS9 6AE,21.0,0.106,True
461.0,0.6139126244789117,137,LS9 6AE,21.0,0.106,True
462.0,0.5874204724321016,292,LS9 6AE,21.0,0.106,True
463.0,0.629059795431852,81,LS9 6AE,21.0,0.106,True
464.0,0.543885642078743,744,LS9 6AE,21.0,0.106,False
466.0,0.5695646872174117,451,LS9 6AE,21.0,0.106,False
467.0,0.4228918144903412,1746,LS9 6AB,25.0,0.065,False
468.0,0.5796308646464793,363,LS9 6AE,21.0,0.106,False
469.0,0.4529597884501852,1656,LS9 6AF,59.0,0.006,False
470.0,0.611963721070369,142,LS9 6AE,21.0,0.106,True
471.0,0.45345916202273817,1654,LS9 6AF,59.0,0.006,False
472.0,0.571371409493925,438,LS9 6AE,21.0,0.106,False
473.0,0.47094349727382756,1545,LS9 6AF,59.0,0.006,False
474.0,0.5813395515569098,344,LS9 6AE,21.0,0.106,True
475.0,0.44401038675962423,1696,LS9 6AF,59.0,0.006,False
476.0,0.5379970146002702,827,LS9 6AE,21.0,0.106,False
477.0,0.43928050838690824,1712,LS9 6AF,59.0,0.006,False
478.0,0.5721592790464636,428,LS9 6AE,21.0,0.106,False
479.0,0.4601853157013668,1617,LS9 6AF,59.0,0.006,False
480.0,0.6246456490695914,92,LS9 6AE,21.0,0.106,True
481.0,0.4900303872388048,1373,LS9 6AF,59.0,0.006,False
482.0,0.582546881908579,336,LS9 6AE,21.0,0.106,True
483.0,0.49124600297029286,1353,LS9 7BD,,,False
486.0,0.5458917745900259,724,LS9 7BA,67.0,0.003,False
487.0,0.501256999899032,1250,LS9 7BB,46.0,0.019,False
488.0,0.5156228671690045,1098,LS9 7BB,46.0,0.019,False
489.0,0.485630787275331,1408,LS9 7BB,46.0,0.019,False
491.0,0.5344697436060286,873,LS9 7BB,46.0,0.019,False
497.0,0.7605742100675793,2,LS9 7BB,46.0,0.019,True
501.0,0.4545011068981629,1649,LS9 6AN,74.0,0.0,False
502.0,0.7073293148952573,11,LS9 7BB,46.0,0.019,True
503.0,0.46829552917177886,1568,LS9 6AN,74.0,0.0,False
504.0,0.5810589245952611,349,LS9 6AY,26.0,0.067,True
505.0,0.45066848495854617,1668,LS9 6AN,74.0,0.0,False
506.0,0.592826334866744,256,LS9 6AX,,,True
507.0,0.5905765520094024,265,LS9 6AY,26.0,0.067,True
508.0,0.5660961632423294,477,LS9 6AY,26.0,0.067,False
510.0,0.5892058102146723,276,LS9 6AY,26.0,0.067,True
511.0,0.6025741183226709,189,LS9 6AY,26.0,0.067,True
512.0,0.5039180747692927,1225,LS8 5DG,48.0,0.015,False
513.0,0.4793689975362324,1472,LS8 5DH,66.0,0.007,False
514.0,0.47025622150440843,1548,LS8 5DG,48.0,0.015,False
516.0,0.4966679698886238,1300,LS8 5DH,66.0,0.007,False
517.0,0.5162322195634773,1090,LS8 3RG,9.0,0.99,False
518.0,0.5180521402151997,1065,LS8 5DH,66.0,0.007,False
519.0,0.4862363253446257,1405,LS8 3RG,9.0,0.99,False
520.0,0.49686408540266674,1296,LS8 3RG,9.0,0.99,False
525.0,0.5413754549586841,777,LS8 3RG,9.0,0.99,False
528.0,0.5597361004302143,547,LS8 3RQ,19.0,0.151,False
529.0,0.5645492372222188,497,LS8 3RQ,19.0,0.151,False
530.0,0.5547050719317922,609,LS8 3RQ,19.0,0.151,False
531.0,0.5397738813194358,796,LS8 3RQ,19.0,0.151,False
533.0,0.576516590575548,390,LS8 3RQ,19.0,0.151,False
534.0,0.45891363140018343,1623,LS9 6AB,25.0,0.065,False
536.0,0.5511236030341958,650,LS9 6AA,12.0,0.664,False
537.0,0.5479603967039687,691,LS9 6AA,12.0,0.664,False
540.0,0.5884893988331436,278,LS9 6AE,21.0,0.106,True
541.0,0.6562505787524845,38,LS9 6AE,21.0,0.106,True
543.0,0.5812669436990814,345,LS9 6AE,21.0,0.106,True
545.0,0.6208745699238376,110,LS9 6AE,21.0,0.106,True
546.0,0.5120910920856118,1133,LS9 7BA,67.0,0.003,False
547.0,0.506931879299993,1193,LS9 7BA,67.0,0.003,False
548.0,0.46946443205647415,1556,LS9 7BA,67.0,0.003,False
550.0,0.5683324950959805,459,LS9 7BA,67.0,0.003,False
552.0,0.5172009282105535,1077,LS9 7BB,46.0,0.019,False
554.0,0.495486206317932,1314,LS9 7BA,67.0,0.003,False
555.0,0.5737862570802948,413,LS9 7BA,67.0,0.003,False
557.0,0.44103242198690384,1708,LS9 7BB,46.0,0.019,False
559.0,0.5163315508095663,1089,LS9 7BB,46.0,0.019,False
560.0,0.4803263158586649,1462,LS9 7BB,46.0,0.019,False
562.0,0.5497292507167233,672,LS9 7BA,67.0,0.003,False
563.0,0.4951065175227478,1318,LS9 7BB,46.0,0.019,False
564.0,0.6625033862018529,33,LS9 7BB,46.0,0.019,True
567.0,0.6696883465943941,25,LS9 7BB,46.0,0.019,True
568.0,0.5196186398239996,1050,LS9 7BB,46.0,0.019,False
571.0,0.50473155723529,1214,LS9 7BA,67.0,0.003,False
572.0,0.48955491985057126,1379,LS9 7BB,46.0,0.019,False
574.0,0.5489333663726941,684,LS9 6AA,12.0,0.664,False
576.0,0.48133654439827633,1453,LS9 7BB,46.0,0.019,False
577.0,0.5413515022498273,779,LS9 6AA,12.0,0.664,False
583.0,0.5789812213767881,368,LS9 7AP,44.0,0.008,False
585.0,0.5386728185649001,813,LS9 7AP,44.0,0.008,False
586.0,0.535188264099764,862,LS9 7AP,44.0,0.008,False
587.0,0.5357799613813211,860,LS9 7AP,44.0,0.008,False
588.0,0.5428011294722855,763,LS9 7AT,2.0,0.936,False
589.0,0.5942716574591975,243,LS9 7BA,67.0,0.003,True
590.0,0.5590133212753714,552,LS9 7AT,2.0,0.936,False
592.0,0.5476577483041348,695,LS9 7AT,2.0,0.936,False
594.0,0.579639471104572,362,LS9 7AT,2.0,0.936,False
595.0,0.6242813125800892,94,LS9 7AT,2.0,0.936,True
596.0,0.6420587143937985,57,LS9 7AT,2.0,0.936,True
597.0,0.5861185280480662,301,LS9 7BB,46.0,0.019,True
598.0,0.5217829171623576,1034,LS9 7BB,46.0,0.019,False
599.0,0.5431329753828402,757,LS9 7BB,46.0,0.019,False
600.0,0.5142222669632912,1109,LS9 7BB,46.0,0.019,False
601.0,0.5472994338051816,701,LS9 7BB,46.0,0.019,False
602.0,0.5346150160688579,867,LS9 7AZ,36.0,0.032,False
603.0,0.5280554757885185,956,LS9 7BB,46.0,0.019,False
605.0,0.4965613596260009,1302,LS9 7BA,67.0,0.003,False
607.0,0.4689274235260672,1559,LS9 7BB,46.0,0.019,False
608.0,0.5769310182763743,386,LS9 7AZ,36.0,0.032,False
609.0,0.4999391364769268,1260,LS9 7BA,67.0,0.003,False
610.0,0.4896924747797776,1378,LS9 7BA,67.0,0.003,False
611.0,0.5278574925133616,958,LS9 7BB,46.0,0.019,False
613.0,0.49656690219105654,1301,LS9 7AY,55.0,0.017,False
616.0,0.4841585245406225,1422,LS9 7AY,55.0,0.017,False
617.0,0.6479340323382569,45,LS9 7AU,56.0,0.008,True
619.0,0.4798856928801837,1465,LS9 7AY,55.0,0.017,False
620.0,0.581355690792931,343,LS9 7AT,2.0,0.936,True
621.0,0.5096070464019467,1162,LS9 7AY,55.0,0.017,False
622.0,0.5588993855417452,556,LS9 7AT,2.0,0.936,False
623.0,0.5364795876159659,848,LS9 7AY,55.0,0.017,False
625.0,0.5386955256536177,810,LS9 7AY,55.0,0.017,False
626.0,0.5780885391771117,375,LS9 7AT,2.0,0.936,False
628.0,0.5627004165337763,511,LS9 7AP,44.0,0.008,False
629.0,0.5402331804840608,790,LS9 7AZ,36.0,0.032,False
630.0,0.5401684697848357,792,LS9 7AT,2.0,0.936,False
631.0,0.5215613920504484,1037,LS9 7AY,55.0,0.017,False
633.0,0.545815159613103,726,LS9 7AY,55.0,0.017,False
634.0,0.533103661428001,886,LS9 7AP,44.0,0.008,False
635.0,0.5362430954675854,850,LS9 7AZ,36.0,0.032,False
636.0,0.6570323313863905,36,LS9 7AT,2.0,0.936,True
638.0,0.5441882892674741,743,LS9 7AP,44.0,0.008,False
640.0,0.5597449576823893,546,LS9 7AZ,36.0,0.032,False
641.0,0.5835295808692382,327,LS9 7AP,44.0,0.008,True
642.0,0.5126625775016966,1128,LS9 7BZ,23.0,0.089,False
643.0,0.6028702561644451,186,LS9 7BZ,23.0,0.089,True
644.0,0.5038795357923671,1227,LS9 7BN,6.0,0.942,False
646.0,0.5280948112681115,955,LS9 7BZ,23.0,0.089,False
648.0,0.5775262431478916,381,LS9 7BZ,23.0,0.089,False
649.0,0.5019102579720995,1246,LS9 7BN,6.0,0.942,False
651.0,0.5039839469592401,1224,LS9 7BZ,23.0,0.089,False
652.0,0.5505414287983845,659,LS9 7BN,6.0,0.942,False
653.0,0.5180156254271568,1067,LS9 7BN,6.0,0.942,False
654.0,0.5620971835929233,521,LS9 7BZ,23.0,0.089,False
655.0,0.47244124812479404,1535,LS9 7BU,,,False
657.0,0.5716107511827586,436,LS9 7BZ,23.0,0.089,False
658.0,0.5129175888294185,1123,LS9 7BY,45.0,0.019,False
659.0,0.5521705432337428,641,LS9 7BZ,23.0,0.089,False
665.0,0.4913568717601473,1352,LS9 7BY,45.0,0.019,False
667.0,0.5358905026904097,859,LS9 7BY,45.0,0.019,False
668.0,0.5024484429940728,1242,LS9 7BW,49.0,0.0,False
670.0,0.5382037034487231,820,LS9 7BN,6.0,0.942,False
671.0,0.4593022793628731,1620,LS9 7BJ,3.0,1.0,False
672.0,0.5418634274193219,772,LS9 7BN,6.0,0.942,False
673.0,0.5854478643904837,310,LS8 5DG,48.0,0.015,True
674.0,0.49953932117468247,1266,LS8 5DG,48.0,0.015,False
678.0,0.49455989281917145,1323,LS8 5DG,48.0,0.015,False
679.0,0.4764794558839607,1499,LS8 5DG,48.0,0.015,False
680.0,0.49853211222460747,1275,LS8 5DG,48.0,0.015,False
681.0,0.44960204570946416,1670,LS8 5DG,48.0,0.015,False
682.0,0.4826995515012836,1436,LS8 5DG,48.0,0.015,False
683.0,0.45735668389436046,1631,LS8 5DG,48.0,0.015,False
684.0,0.49027930342716153,1367,LS8 5DG,48.0,0.015,False
685.0,0.5921058571378583,260,LS9 7AZ,36.0,0.032,True
687.0,0.46238521218820366,1603,LS8 5DG,48.0,0.015,False
688.0,0.5621102749239729,520,LS8 5DH,66.0,0.007,False
690.0,0.4615185806174045,1608,LS8 5DG,48.0,0.015,False
692.0,0.5180385041347626,1066,LS9 7BA,67.0,0.003,False
693.0,0.4973597410259599,1288,LS8 5DH,66.0,0.007,False
696.0,0.49350705344959456,1330,LS8 5DH,66.0,0.007,False
697.0,0.49201453904295,1344,LS9 7BA,67.0,0.003,False
698.0,0.4669834708422289,1576,LS8 5DG,48.0,0.015,False
699.0,0.49390174561312494,1327,LS8 5DH,66.0,0.007,False
701.0,0.49013395197003184,1370,LS8 5DG,48.0,0.015,False
702.0,0.5080758782759227,1174,LS8 5DH,66.0,0.007,False
703.0,0.4641374929647148,1587,LS8 5DG,48.0,0.015,False
704.0,0.5641134845074183,499,LS8 5DH,66.0,0.007,False
707.0,0.6884558203163577,18,LS9 7BJ,3.0,1.0,True
708.0,0.7040706318889985,14,LS9 7BJ,3.0,1.0,True
712.0,0.49036588800832037,1365,LS9 7BW,49.0,0.0,False
714.0,0.7070044158476062,12,LS9 7BJ,3.0,1.0,True
718.0,0.7036001102372402,15,LS9 7BJ,3.0,1.0,True
734.0,0.595942820164355,231,LS9 7AZ,36.0,0.032,True
736.0,0.4997596031604987,1261,LS9 7AY,55.0,0.017,False
737.0,0.5462078580658718,718,LS9 7AU,56.0,0.008,False
739.0,0.5249329137461175,991,LS9 7AY,55.0,0.017,False
740.0,0.5123905705427924,1132,LS9 7AZ,36.0,0.032,False
741.0,0.48277213404554636,1435,LS9 7AY,55.0,0.017,False
742.0,0.5224477786216307,1026,LS9 7AU,56.0,0.008,False
743.0,0.5792917856005066,367,LS9 7AZ,36.0,0.032,False
744.0,0.5540919204843495,620,LS9 7AY,55.0,0.017,False
745.0,0.5313730248171782,915,LS9 7AZ,36.0,0.032,False
747.0,0.5660777974240084,478,LS9 7AZ,36.0,0.032,False
748.0,0.5502027921389154,664,LS9 7AY,55.0,0.017,False
750.0,0.5240922504607999,1001,LS9 7AY,55.0,0.017,False
752.0,0.5020725629510278,1245,LS9 7AZ,36.0,0.032,False
753.0,0.5098051464738067,1158,LS9 7AY,55.0,0.017,False
754.0,0.7296164010696594,7,LS8 5DF,38.0,0.023,True
755.0,0.48706486869496834,1401,LS9 7BA,67.0,0.003,False
756.0,0.6637355820180396,32,LS9 7AZ,36.0,0.032,True
758.0,0.5567358179924087,585,LS9 7AZ,36.0,0.032,False
762.0,0.574564394943048,409,LS9 7AZ,36.0,0.032,False
763.0,0.4724774545931718,1533,LS9 7BA,67.0,0.003,False
764.0,0.5857552722745605,305,LS9 7AZ,36.0,0.032,True
766.0,0.4559028506473878,1642,LS8 5DQ,81.0,0.0,False
768.0,0.5096823634925293,1161,LS9 7BY,45.0,0.019,False
769.0,0.47820244272921053,1484,LS9 7BW,49.0,0.0,False
771.0,0.47704530920813404,1491,LS9 7BZ,23.0,0.089,False
772.0,0.560053116144788,538,LS9 7BZ,23.0,0.089,False
774.0,0.6212421169981591,108,LS9 7BN,6.0,0.942,True
776.0,0.5357360721251753,861,LS9 7BY,45.0,0.019,False
777.0,0.4903805255448563,1363,LS9 7BY,45.0,0.019,False
779.0,0.5322384003832121,904,LS9 7BZ,23.0,0.089,False
781.0,0.5092396935357836,1165,LS9 7BN,6.0,0.942,False
782.0,0.4794370943420907,1470,LS9 7BY,45.0,0.019,False
783.0,0.4860036415823459,1406,LS9 7BY,45.0,0.019,False
784.0,0.5669335370290103,470,LS9 7BZ,23.0,0.089,False
785.0,0.5159294891972592,1095,LS9 7BZ,23.0,0.089,False
786.0,0.5392779516083834,805,LS9 7BY,45.0,0.019,False
787.0,0.49377632635279645,1328,LS9 7BW,49.0,0.0,False
788.0,0.5599550989348786,539,LS9 7BN,6.0,0.942,False
789.0,0.5538870806060703,623,LS9 7BZ,23.0,0.089,False
790.0,0.563649783422796,501,LS9 7BN,6.0,0.942,False
791.0,0.5286489303822401,947,LS9 7BY,45.0,0.019,False
792.0,0.5282769021131626,952,LS9 7BZ,23.0,0.089,False
793.0,0.5693427911552802,453,LS9 7BZ,23.0,0.089,False
794.0,0.5377189821898392,828,LS9 7BY,45.0,0.019,False
795.0,0.5483986784051822,688,LS9 7BN,6.0,0.942,False
796.0,0.5621359780303155,519,LS9 7BN,6.0,0.942,False
797.0,0.554248035806749,619,LS9 7BJ,3.0,1.0,False
798.0,0.48416619822567253,1421,LS9 7BY,45.0,0.019,False
799.0,0.4983187538167308,1279,LS9 7BZ,23.0,0.089,False
800.0,0.47306372796628277,1528,LS9 7BY,45.0,0.019,False
801.0,0.5246127032810336,994,LS9 7AN,72.0,0.002,False
802.0,0.457659689355257,1629,LS9 7AN,72.0,0.002,False
803.0,0.5500318501323669,670,LS9 7AL,61.0,0.012,False
804.0,0.5299236780686577,929,LS9 7AL,61.0,0.012,False
805.0,0.44365789689173407,1697,LS9 7AN,72.0,0.002,False
806.0,0.4806544463842013,1458,LS9 7AU,56.0,0.008,False
807.0,0.48403446363567004,1426,LS9 7AN,72.0,0.002,False
808.0,0.5577198913797861,572,LS9 7AL,61.0,0.012,False
809.0,0.46976760908753357,1551,LS9 7AN,72.0,0.002,False
810.0,0.5149423731172416,1103,LS9 7AN,72.0,0.002,False
811.0,0.503719947241516,1230,LS9 7AU,56.0,0.008,False
812.0,0.4468679530661128,1686,LS9 7AN,72.0,0.002,False
813.0,0.5004800048308466,1255,LS9 7AN,72.0,0.002,False
815.0,0.48761364391470086,1395,LS9 7AN,72.0,0.002,False
816.0,0.4791395508492596,1474,LS9 7AN,72.0,0.002,False
818.0,0.49482352971155114,1321,LS9 7AN,72.0,0.002,False
819.0,0.48351195440539185,1429,LS9 7AU,56.0,0.008,False
820.0,0.5065666185812928,1195,LS9 7AN,72.0,0.002,False
821.0,0.488759768380141,1387,LS9 7AU,56.0,0.008,False
822.0,0.4681479548286883,1569,LS9 7AN,72.0,0.002,False
823.0,0.4680244212357937,1570,LS9 7AU,56.0,0.008,False
824.0,0.5173426750050738,1075,LS9 7AN,72.0,0.002,False
825.0,0.5235705782168097,1011,LS9 7AU,56.0,0.008,False
826.0,0.5240233590690597,1004,LS9 7AN,72.0,0.002,False
828.0,0.5261822642655731,975,LS9 7AU,56.0,0.008,False
829.0,0.5246462458637349,993,LS9 7AU,56.0,0.008,False
830.0,0.48244627502883886,1438,LS9 7AY,55.0,0.017,False
831.0,0.5204363065204075,1042,LS9 7AU,56.0,0.008,False
833.0,0.5225848503992192,1022,LS9 7AU,56.0,0.008,False
834.0,0.5126722613685323,1127,LS8 5DF,38.0,0.023,False
838.0,0.509783682854015,1159,LS8 5DE,,,False
840.0,0.5772970331689562,385,LS8 5DF,38.0,0.023,False
841.0,0.5567149912184235,586,LS8 5DF,38.0,0.023,False
842.0,0.5734751176644867,417,LS8 5DF,38.0,0.023,False
843.0,0.5753684003408888,399,LS8 5DF,38.0,0.023,False
844.0,0.5560341586193694,594,LS8 5DF,38.0,0.023,False
845.0,0.5631507576382874,507,LS8 5DF,38.0,0.023,False
846.0,0.5929651491566831,255,LS8 5DF,38.0,0.023,True
847.0,0.5613997380931183,529,LS8 5DF,38.0,0.023,False
848.0,0.5658591649739328,483,LS8 5DF,38.0,0.023,False
849.0,0.5678013996786372,464,LS8 5DF,38.0,0.023,False
850.0,0.6320662925532244,78,LS8 5DF,38.0,0.023,True
851.0,0.5531766732443966,628,LS8 5DF,38.0,0.023,False
852.0,0.537639647560886,829,LS8 5DE,,,False
853.0,0.40753647099152146,1766,LS8 5DQ,81.0,0.0,False
856.0,0.4521876795111933,1660,LS8 5DQ,81.0,0.0,False
857.0,0.4200262297333771,1750,LS8 5DQ,81.0,0.0,False
858.0,0.44732193685178245,1684,LS8 5DQ,81.0,0.0,False
859.0,0.43581455114260326,1721,LS8 5DQ,81.0,0.0,False
860.0,0.4322364259766932,1730,LS8 5DQ,81.0,0.0,False
861.0,0.469083755864907,1557,LS8 5DQ,81.0,0.0,False
863.0,0.45868851382435627,1625,LS8 5DQ,81.0,0.0,False
864.0,0.45079392696370346,1666,LS8 5DQ,81.0,0.0,False
865.0,0.4780137638863078,1485,LS8 5DQ,81.0,0.0,False
866.0,0.4536097375123974,1653,LS8 5DQ,81.0,0.0,False
867.0,0.5038691803367205,1228,LS8 5DD,51.0,0.016,False
869.0,0.5597909474279545,545,LS8 5DF,38.0,0.023,False
871.0,0.5015171577199524,1248,LS8 5DB,53.0,0.018,False
873.0,0.5288628625021219,944,LS8 5DD,51.0,0.016,False
874.0,0.5521422634882348,642,LS8 5DF,38.0,0.023,False
875.0,0.5325494415708713,898,LS8 5DB,53.0,0.018,False
876.0,0.5013545193148503,1249,LS8 5DB,53.0,0.018,False
877.0,0.49250514152718433,1340,LS8 5DD,51.0,0.016,False
879.0,0.5503932406628813,662,LS8 5DF,38.0,0.023,False
880.0,0.5065339532984906,1198,LS8 5DB,53.0,0.018,False
882.0,0.524180904700283,1000,LS8 5DD,51.0,0.016,False
883.0,0.5259786904099525,979,LS8 5DD,51.0,0.016,False
884.0,0.5529630771487889,630,LS8 5DF,38.0,0.023,False
885.0,0.5253020932818182,989,LS8 5DB,53.0,0.018,False
886.0,0.5340164825132907,875,LS8 5DB,53.0,0.018,False
887.0,0.517036532623389,1082,LS8 5DD,51.0,0.016,False
888.0,0.5459615390937369,722,LS8 5DD,51.0,0.016,False
889.0,0.5544829300839584,614,LS8 5DF,38.0,0.023,False
890.0,0.5289821147044984,943,LS8 5DB,53.0,0.018,False
891.0,0.5528412941763934,631,LS8 5DB,53.0,0.018,False
893.0,0.5256683636314665,981,LS8 5DD,51.0,0.016,False
894.0,0.5702798821930892,445,LS8 5DF,38.0,0.023,False
895.0,0.5116628148046918,1136,LS8 5DE,,,False
896.0,0.43769949412213893,1716,LS8 5DE,,,False
901.0,0.4948753042454749,1320,LS8 5DB,53.0,0.018,False
902.0,0.537242637728244,835,LS8 5DB,53.0,0.018,False
903.0,0.5264871978402634,973,LS8 5DD,51.0,0.016,False
904.0,0.5195041202813195,1052,LS8 5DD,51.0,0.016,False
905.0,0.5058066842324941,1204,LS8 5DB,53.0,0.018,False
906.0,0.5329942818513096,888,LS8 5DB,53.0,0.018,False
907.0,0.5190425729598593,1056,LS8 5DD,51.0,0.016,False
908.0,0.5165690147164661,1086,LS8 5DD,51.0,0.016,False
909.0,0.5549886703413467,606,LS8 5DF,38.0,0.023,False
911.0,0.5235448747337261,1012,LS8 5DB,53.0,0.018,False
913.0,0.5100978249073879,1153,LS8 5DD,51.0,0.016,False
914.0,0.5394227381158712,801,LS8 5DF,38.0,0.023,False
915.0,0.5359212800994542,857,LS8 5DB,53.0,0.018,False
917.0,0.4997560863050262,1262,LS8 5DB,53.0,0.018,False
919.0,0.5428130049194889,762,LS8 5DD,51.0,0.016,False
920.0,0.5308620159223296,921,LS8 5DF,38.0,0.023,False
921.0,0.5382829357863818,818,LS8 5DB,53.0,0.018,False
922.0,0.5436671761804509,751,LS8 5DB,53.0,0.018,False
924.0,0.530962472821966,919,LS8 5DD,51.0,0.016,False
925.0,0.5652752686198855,490,LS8 5DF,38.0,0.023,False
926.0,0.5137881503998268,1113,LS8 5DB,53.0,0.018,False
929.0,0.5409148202295677,783,LS8 5DD,51.0,0.016,False
931.0,0.5447631776040378,738,LS8 5DB,53.0,0.018,False
932.0,0.5334687127599084,881,LS8 5DB,53.0,0.018,False
933.0,0.47974589433322057,1468,LS9 7BY,45.0,0.019,False
934.0,0.5299662041368314,927,LS9 7BZ,23.0,0.089,False
935.0,0.4768840270941019,1493,LS9 7BY,45.0,0.019,False
937.0,0.5059601551859124,1203,LS9 7BW,49.0,0.0,False
938.0,0.5575338865998802,574,LS9 7BY,45.0,0.019,False
939.0,0.49082448270410195,1355,LS9 7BW,49.0,0.0,False
940.0,0.5338256406702871,878,LS9 7BY,45.0,0.019,False
941.0,0.4787249775917966,1480,LS9 7BW,49.0,0.0,False
942.0,0.5571002375532779,578,LS9 7BY,45.0,0.019,False
943.0,0.47877389798991077,1479,LS9 7BW,49.0,0.0,False
946.0,0.5579652126323948,566,LS9 7BY,45.0,0.019,False
948.0,0.5031332204916831,1235,LS9 7BW,49.0,0.0,False
950.0,0.5445966941656789,742,LS9 7BW,49.0,0.0,False
952.0,0.4726992946896264,1531,LS9 7BW,49.0,0.0,False
953.0,0.5337115720498068,879,LS9 7BP,47.0,0.015,False
955.0,0.543835651435374,748,LS9 7BP,47.0,0.015,False
956.0,0.5326288738073655,897,LS9 7BP,47.0,0.015,False
959.0,0.5086563325376032,1167,LS9 6AB,25.0,0.065,False
960.0,0.5607976407162389,534,LS9 6AJ,17.0,0.166,False
963.0,0.5539619594061915,621,LS9 6AJ,17.0,0.166,False
965.0,0.5675761104758279,466,LS9 6AJ,17.0,0.166,False
969.0,0.5837283256309855,325,LS9 6AJ,17.0,0.166,True
972.0,0.5293258188941603,937,LS9 6AJ,17.0,0.166,False
975.0,0.5604435544195853,537,LS9 6AJ,17.0,0.166,False
980.0,0.5094865684003733,1163,LS9 6AJ,17.0,0.166,False
987.0,0.5817595422360022,341,LS9 6AL,70.0,0.005,True
988.0,0.48730417802283943,1400,LS9 6AL,70.0,0.005,False
989.0,0.46846563660410157,1564,LS9 6AJ,17.0,0.166,False
991.0,0.565924085932697,481,LS9 6AL,70.0,0.005,False
992.0,0.5201352793921775,1046,LS9 6AJ,17.0,0.166,False
993.0,0.5147806242236579,1105,LS9 6AJ,17.0,0.166,False
994.0,0.5977769583963908,218,LS9 6AJ,17.0,0.166,True
996.0,0.5824599745102081,337,LS9 6AJ,17.0,0.166,True
997.0,0.4808041191175824,1457,LS9 6AJ,17.0,0.166,False
998.0,0.6100487614709802,151,LS9 6AJ,17.0,0.166,True
1000.0,0.5362089421985029,851,LS9 6AL,70.0,0.005,False
1001.0,0.4968380487566531,1297,LS9 6AJ,17.0,0.166,False
1002.0,0.5657988070722835,485,LS9 6AJ,17.0,0.166,False
1004.0,0.4931349613183425,1333,LS9 6AL,70.0,0.005,False
1008.0,0.47641813482162776,1500,LS9 6AJ,17.0,0.166,False
1011.0,0.4887607970176481,1386,LS9 6AJ,17.0,0.166,False
1014.0,0.5702250047500119,447,LS9 6AJ,17.0,0.166,False
1016.0,0.5554456588756476,599,LS9 6AJ,17.0,0.166,False
1019.0,0.49539684162584285,1315,LS9 6AB,25.0,0.065,False
1021.0,0.5325439124630615,899,LS9 6AB,25.0,0.065,False
1023.0,0.4607679581379291,1614,LS8 3RN,58.0,0.007,False
1025.0,0.49067256790828373,1359,LS9 6AB,25.0,0.065,False
1026.0,0.4683980667328926,1566,LS8 3RW,64.0,0.008,False
1027.0,0.4759606828380833,1502,LS8 3RN,58.0,0.007,False
1029.0,0.6380343873640961,61,LS8 3RW,64.0,0.008,True
1032.0,0.4833182477692742,1430,LS8 3RW,64.0,0.008,False
1033.0,0.4493404307569373,1671,LS8 3RN,58.0,0.007,False
1034.0,0.47427255605210994,1518,LS9 6AB,25.0,0.065,False
1035.0,0.5099246095659077,1156,LS8 3RW,64.0,0.008,False
1037.0,0.48845640295177917,1390,LS8 3RW,64.0,0.008,False
1043.0,0.47306702700187103,1527,LS8 3RW,64.0,0.008,False
1047.0,0.487460258726803,1398,LS8 3RW,64.0,0.008,False
1049.0,0.5110790121553226,1140,LS8 3RW,64.0,0.008,False
1056.0,0.5253134584824408,988,LS8 3RW,64.0,0.008,False
1060.0,0.5181059707643307,1063,LS8 3RW,64.0,0.008,False
1066.0,0.5327390366739215,893,LS8 3RW,64.0,0.008,False
1070.0,0.5236478637242737,1010,LS8 3RW,64.0,0.008,False
1072.0,0.49709309243008604,1292,LS8 3RW,64.0,0.008,False
1074.0,0.5386881111853494,811,LS8 3RW,64.0,0.008,False
1079.0,0.5627926129443013,510,LS9 6AJ,17.0,0.166,False
1080.0,0.4572086423900604,1633,LS8 3RN,58.0,0.007,False
1081.0,0.48214088993231163,1441,LS8 3RN,58.0,0.007,False
1083.0,0.5229750294869879,1016,LS8 3RN,58.0,0.007,False
1085.0,0.45950421709514955,1619,LS8 3RN,58.0,0.007,False
1087.0,0.45743402526875915,1630,LS8 3RN,58.0,0.007,False
1088.0,0.44241626095111514,1705,LS8 3RN,58.0,0.007,False
1089.0,0.4524528011718553,1659,LS8 3RN,58.0,0.007,False
1090.0,0.4810091001336787,1455,LS8 3RN,58.0,0.007,False
1091.0,0.4547854137810382,1648,LS8 3RW,64.0,0.008,False
1093.0,0.46704053107763954,1575,LS8 3RW,64.0,0.008,False
1094.0,0.4788018726545791,1478,LS8 3RN,58.0,0.007,False
1095.0,0.49069360981158816,1358,LS8 3RW,64.0,0.008,False
1096.0,0.5668897544301597,471,LS9 6AB,25.0,0.065,False
1097.0,0.43090820206757036,1732,LS8 3RN,58.0,0.007,False
1100.0,0.4747387177436794,1514,LS8 3RW,64.0,0.008,False
1103.0,0.4641361820154083,1588,LS8 3RW,64.0,0.008,False
1104.0,0.4183473925157924,1754,LS8 3RN,58.0,0.007,False
1105.0,0.4714504763385363,1540,LS9 6AB,25.0,0.065,False
1107.0,0.5038891682463196,1226,LS8 3RN,58.0,0.007,False
1108.0,0.4521604003168932,1661,LS8 3RW,64.0,0.008,False
1110.0,0.5961777987488581,230,LS8 3PD,27.0,0.049,True
1112.0,0.4651582284736523,1583,LS8 3PD,27.0,0.049,False
1115.0,0.49847262253764985,1276,LS8 3PD,27.0,0.049,False
1116.0,0.40417588482377753,1773,LS8 3PD,27.0,0.049,False
1118.0,0.504989612217196,1212,LS8 3PD,27.0,0.049,False
1119.0,0.49401727372768767,1325,LS8 3PD,27.0,0.049,False
1125.0,0.45140695749151144,1664,LS8 3PD,27.0,0.049,False
1130.0,0.4779990302340155,1486,LS8 3PD,27.0,0.049,False
1134.0,0.47718686164678425,1490,LS8 3PD,27.0,0.049,False
1137.0,0.4822499052824294,1440,LS9 6AB,25.0,0.065,False
1138.0,0.4589716941727856,1622,LS8 3RL,80.0,0.0,False
1140.0,0.49642958281408944,1304,LS9 6AG,73.0,0.001,False
1141.0,0.46773014203822855,1572,LS9 6AB,25.0,0.065,False
1142.0,0.4792677638463806,1473,LS9 6AB,25.0,0.065,False
1143.0,0.44512863804194036,1692,LS9 6AQ,79.0,0.0,False
1145.0,0.5656145938223537,489,LS8 3RN,58.0,0.007,False
1146.0,0.4733498274155906,1524,LS9 6AB,25.0,0.065,False
1147.0,0.44651566910252205,1689,LS9 6AQ,79.0,0.0,False
1150.0,0.4655322559567522,1582,LS9 6AB,25.0,0.065,False
1152.0,0.5452439962433888,734,LS9 6AQ,79.0,0.0,False
1154.0,0.47746447723264274,1488,LS9 6AB,25.0,0.065,False
1156.0,0.5382404828114112,819,LS9 6AQ,79.0,0.0,False
1157.0,0.481430270700073,1451,LS9 6AB,25.0,0.065,False
1159.0,0.4854829772599155,1409,LS9 6AB,25.0,0.065,False
1165.0,0.5000710986306153,1259,LS9 6AL,70.0,0.005,False
1166.0,0.4700956234089455,1550,LS9 6AL,70.0,0.005,False
1167.0,0.5681692524372984,461,LS9 6AL,70.0,0.005,False
1171.0,0.6767756689188638,23,LS8 3PE,1.0,1.0,True
1172.0,0.47884429476353174,1477,LS8 3PE,1.0,1.0,False
1174.0,0.5982424876896303,214,LS8 3PE,1.0,1.0,True
1176.0,0.4757091333026976,1505,LS8 3PE,1.0,1.0,False
1179.0,0.4539087277130581,1651,LS9 6AQ,79.0,0.0,False
1180.0,0.44207325192026425,1706,LS9 6AF,59.0,0.006,False
1183.0,0.5345758758395782,870,LS9 6AG,73.0,0.001,False
1184.0,0.4374230648757313,1719,LS9 6AQ,79.0,0.0,False
1185.0,0.474705568378486,1516,LS9 6AG,73.0,0.001,False
1186.0,0.5438026747292036,749,LS9 6AG,73.0,0.001,False
1187.0,0.4427175185858686,1701,LS9 6AQ,79.0,0.0,False
1189.0,0.4779462716882855,1487,LS9 6AG,73.0,0.001,False
1194.0,0.4384669254383723,1715,LS9 6AF,59.0,0.006,False
1195.0,0.5399061552381956,793,LS9 6AG,73.0,0.001,False
1197.0,0.48116635432589533,1454,LS9 6AG,73.0,0.001,False
1198.0,0.5070716841227741,1190,LS9 6AG,73.0,0.001,False
1199.0,0.45265291739063657,1658,LS9 6AF,59.0,0.006,False
1200.0,0.4795300514575743,1469,LS9 6AG,73.0,0.001,False
1201.0,0.5545651760896184,612,LS9 6AG,73.0,0.001,False
1202.0,0.4470190161097538,1685,LS9 6AQ,79.0,0.0,False
1203.0,0.4374906880904572,1718,LS9 6AF,59.0,0.006,False
1204.0,0.47521293452152064,1510,LS9 6AG,73.0,0.001,False
1205.0,0.54083393929106,785,LS9 6AQ,79.0,0.0,False
1206.0,0.46065523965298477,1615,LS9 6AQ,79.0,0.0,False
1208.0,0.42803675972923444,1739,LS8 3QL,77.0,0.0,False
1209.0,0.5003109718555029,1257,LS8 3QS,75.0,0.001,False
1211.0,0.5310770032048803,918,LS8 3QS,75.0,0.001,False
1212.0,0.4033199809545117,1775,LS8 3QT,78.0,0.0,False
1213.0,0.49013951175216425,1369,LS8 3QT,78.0,0.0,False
1214.0,0.49690623354355345,1294,LS8 3QS,75.0,0.001,False
1215.0,0.571672861141444,435,LS8 3QT,78.0,0.0,False
1216.0,0.4187569010677571,1753,LS8 3QT,78.0,0.0,False
1217.0,0.5365438871294108,846,LS8 3QT,78.0,0.0,False
1219.0,0.45767490482545153,1628,LS8 3QT,78.0,0.0,False
1222.0,0.4589896327760385,1621,LS8 3QT,78.0,0.0,False
1224.0,0.4033555080441328,1774,LS8 3QT,78.0,0.0,False
1225.0,0.4762309187318849,1501,LS8 3QT,78.0,0.0,False
1226.0,0.4014451010725501,1776,LS8 3QT,78.0,0.0,False
1228.0,0.4800367207166074,1464,LS8 3QT,78.0,0.0,False
1233.0,0.4863958194594033,1403,LS8 3QT,78.0,0.0,False
1234.0,0.46318404990726303,1597,LS8 3QT,78.0,0.0,False
1235.0,0.4798681392177794,1466,LS8 3QT,78.0,0.0,False
1236.0,0.4554168893887958,1646,LS8 3QT,78.0,0.0,False
1239.0,0.5225664122940039,1023,LS8 3PE,1.0,1.0,False
1240.0,0.5747587113699755,406,LS8 3PE,1.0,1.0,False
1242.0,0.5810277882600668,350,LS8 3RQ,19.0,0.151,True
1244.0,0.563228110693112,506,LS8 3RQ,19.0,0.151,False
1246.0,0.570103844394253,448,LS8 3RQ,19.0,0.151,False
1247.0,0.48258627480562877,1437,LS8 3RH,34.0,0.03,False
1248.0,0.5527460172908172,633,LS8 3RQ,19.0,0.151,False
1249.0,0.47368487182087915,1523,LS8 3RH,34.0,0.03,False
1250.0,0.5722340495124651,427,LS8 3RQ,19.0,0.151,False
1253.0,0.46904245524749755,1558,LS8 3RH,34.0,0.03,False
1254.0,0.49052613549767166,1361,LS8 3RH,34.0,0.03,False
1255.0,0.461664407912019,1607,LS8 3RH,34.0,0.03,False
1256.0,0.5026324632606456,1239,LS8 3RH,34.0,0.03,False
1257.0,0.4747207962333718,1515,LS8 3RH,34.0,0.03,False
1258.0,0.46303294939846357,1598,LS8 3RH,34.0,0.03,False
1259.0,0.4551864310485809,1647,LS8 3RH,34.0,0.03,False
1260.0,0.4770400117440873,1492,LS8 3RH,34.0,0.03,False
1261.0,0.4331537982391625,1728,LS8 3RH,34.0,0.03,False
1262.0,0.49246916481336617,1341,LS8 3RH,34.0,0.03,False
1263.0,0.46595046220610736,1581,LS8 3RH,34.0,0.03,False
1264.0,0.5045902347662736,1217,LS8 3RH,34.0,0.03,False
1265.0,0.45367726327392544,1652,LS8 3RJ,37.0,0.022,False
1266.0,0.4152494473661741,1757,LS8 3RH,34.0,0.03,False
1268.0,0.4513336193777013,1665,LS8 3RJ,37.0,0.022,False
1269.0,0.6082880634828927,159,LS9 6AF,59.0,0.006,True
1270.0,0.46882696419225484,1560,LS9 6AG,73.0,0.001,False
1271.0,0.5570703371423877,580,LS8 3RJ,37.0,0.022,False
1272.0,0.4967828322795546,1298,LS9 6AG,73.0,0.001,False
1273.0,0.4695134252533558,1555,LS9 6AB,25.0,0.065,False
1274.0,0.4045501332565904,1771,LS8 3RL,80.0,0.0,False
1275.0,0.5580646434966084,565,LS8 3RJ,37.0,0.022,False
1276.0,0.4566511609719801,1638,LS8 3RH,34.0,0.03,False
1278.0,0.4572727212709003,1632,LS8 3RJ,37.0,0.022,False
1279.0,0.46837047851448005,1567,LS8 3RH,34.0,0.03,False
1280.0,0.38417452718250134,1783,LS8 3RL,80.0,0.0,False
1281.0,0.4625626084239013,1602,LS8 3RH,34.0,0.03,False
1282.0,0.5046947411774718,1216,LS8 3RJ,37.0,0.022,False
1291.0,0.44297793626897525,1700,LS8 3RJ,37.0,0.022,False
1292.0,0.48751480707369,1396,LS8 3RH,34.0,0.03,False
1293.0,0.4331984409779838,1727,LS8 3RL,80.0,0.0,False
1296.0,0.49608284741045394,1307,LS8 3RH,34.0,0.03,False
1297.0,0.41883302056411154,1752,LS8 3RL,80.0,0.0,False
1298.0,0.4411786764133865,1707,LS8 3RL,80.0,0.0,False
1299.0,0.5166349968680527,1085,LS8 3RJ,37.0,0.022,False
1300.0,0.43765656148911386,1717,LS8 3RL,80.0,0.0,False
1301.0,0.45414127709260294,1650,LS8 3RJ,37.0,0.022,False
1302.0,0.4058253242451193,1767,LS8 3RL,80.0,0.0,False
1303.0,0.4567597978433658,1635,LS8 3RH,34.0,0.03,False
1304.0,0.4932826271935862,1332,LS8 3RJ,37.0,0.022,False
1305.0,0.4640998650170827,1589,LS8 3RL,80.0,0.0,False
1306.0,0.4959039405458306,1308,LS8 3QS,75.0,0.001,False
1308.0,0.45689679980792497,1634,LS8 3QT,78.0,0.0,False
1310.0,0.3904393669160636,1780,LS8 3QT,78.0,0.0,False
1311.0,0.5485071094089697,687,LS8 3PE,1.0,1.0,False
1313.0,0.7370759435786945,6,LS8 3PE,1.0,1.0,True
1319.0,0.3816168906181632,1784,LS8 3QT,78.0,0.0,False
1320.0,0.39423437247914184,1779,LS8 3QT,78.0,0.0,False
1324.0,0.5820200600104655,340,LS8 3QT,78.0,0.0,True
1325.0,0.46301105887298144,1599,LS8 3QT,78.0,0.0,False
1328.0,0.525622500541532,982,LS8 3PE,1.0,1.0,False
1334.0,0.46973706073859306,1553,LS8 3PE,1.0,1.0,False
1335.0,0.5370212088905156,840,LS8 3PE,1.0,1.0,False
1336.0,0.5396541298671874,798,LS8 3PE,1.0,1.0,False
1338.0,0.5009427551364452,1253,LS8 3PE,1.0,1.0,False
1339.0,0.5471695443775593,702,LS8 3PE,1.0,1.0,False
1341.0,0.5295932835295635,932,LS8 3PE,1.0,1.0,False
1342.0,0.5713034358251956,439,LS8 3PE,1.0,1.0,False
1343.0,0.5419967315198965,770,LS8 3PD,27.0,0.049,False
1344.0,0.5368667648345748,841,LS8 3PD,27.0,0.049,False
1345.0,0.3645137168538133,1785,LS8 3QT,78.0,0.0,False
1347.0,0.570586007817762,443,LS8 3PE,1.0,1.0,False
1349.0,0.5098418343287849,1157,LS8 3QS,75.0,0.001,False
1350.0,0.4941059762104147,1324,LS8 3QS,75.0,0.001,False
1351.0,0.4299729614408143,1735,LS8 3QT,78.0,0.0,False
1352.0,0.53392486454913,876,LS8 3QT,78.0,0.0,False
1355.0,0.46371626031697577,1593,LS8 3QS,75.0,0.001,False
1356.0,0.48409749499993987,1424,LS8 3QT,78.0,0.0,False
1357.0,0.45667783239494836,1637,LS8 3QL,77.0,0.0,False
1358.0,0.4328197979031695,1729,LS8 3QS,75.0,0.001,False
1359.0,0.41347788904563126,1759,LS8 3QT,78.0,0.0,False
1361.0,0.4985959101615952,1274,LS8 3QS,75.0,0.001,False
1362.0,0.4260937117784432,1742,LS8 3QL,77.0,0.0,False
1365.0,0.4802920769201325,1463,LS8 3QT,78.0,0.0,False
1367.0,0.40511529152181813,1770,LS8 3QT,78.0,0.0,False
1368.0,0.4829020349604538,1433,LS8 3QL,77.0,0.0,False
1369.0,0.4559025342219191,1643,LS8 3QS,75.0,0.001,False
1370.0,0.5904362280617994,268,LS8 3QT,78.0,0.0,True
1371.0,0.5134997110090614,1118,LS8 3QS,75.0,0.001,False
1373.0,0.44769857220674236,1683,LS8 3QL,77.0,0.0,False
1374.0,0.47587842729575797,1504,LS8 3QS,75.0,0.001,False
1375.0,0.4986179895502728,1272,LS8 3QS,75.0,0.001,False
1378.0,0.45195777071962456,1662,LS8 3QL,77.0,0.0,False
1379.0,0.5618553380720916,524,LS8 3QN,13.0,0.922,False
1380.0,0.5473725111708041,697,LS8 3QN,13.0,0.922,False
1381.0,0.4937329859114583,1329,LS8 3QL,77.0,0.0,False
1382.0,0.5434828377033709,753,LS8 3QN,13.0,0.922,False
1383.0,0.561245873766401,532,LS8 3QN,13.0,0.922,False
1384.0,0.5808563161108242,351,LS8 3QN,13.0,0.922,True
1385.0,0.4983408741601177,1278,LS8 3QN,13.0,0.922,False
1386.0,0.41033201589529805,1764,LS8 3QL,77.0,0.0,False
1387.0,0.4684953914057679,1563,LS8 3QL,77.0,0.0,False
1388.0,0.5454561738911297,729,LS8 3QW,18.0,0.192,False
1389.0,0.5469147290530081,705,LS8 3QW,18.0,0.192,False
1390.0,0.46802319333244147,1571,LS8 3QL,77.0,0.0,False
1391.0,0.5941798548890082,245,LS8 3QW,18.0,0.192,True
1392.0,0.5299470471477715,928,LS8 3QW,18.0,0.192,False
1393.0,0.5473008441997562,700,LS8 3QW,18.0,0.192,False
1394.0,0.5490535837990513,682,LS8 3QW,18.0,0.192,False
1396.0,0.4426948385107421,1702,LS8 3QL,77.0,0.0,False
1397.0,0.4842649020591596,1418,LS8 3QS,75.0,0.001,False
1398.0,0.4198987809575163,1751,LS8 3QL,77.0,0.0,False
1399.0,0.4740312037458046,1521,LS8 3QS,75.0,0.001,False
1400.0,0.5586550844677893,558,LS8 3QW,18.0,0.192,False
1401.0,0.4687749095334658,1561,LS8 3QL,77.0,0.0,False
1402.0,0.5544011564995098,615,LS8 3QW,18.0,0.192,False
1404.0,0.46843365724144714,1565,LS8 3QS,75.0,0.001,False
1405.0,0.43145804754920175,1731,LS8 3QL,77.0,0.0,False
1406.0,0.532962468283035,890,LS8 3QS,75.0,0.001,False
1410.0,0.45841055038898826,1626,LS8 3QS,75.0,0.001,False
1412.0,0.5120530615854937,1134,LS8 3QS,75.0,0.001,False
1414.0,0.49513085091414377,1317,LS8 3QS,75.0,0.001,False
1415.0,0.562599753435233,514,LS8 3QP,20.0,0.109,False
1416.0,0.48669145006889847,1402,LS8 3QS,75.0,0.001,False
1417.0,0.4334907098762501,1725,LS8 3QS,75.0,0.001,False
1419.0,0.4398837703195581,1710,LS8 3QL,77.0,0.0,False
1421.0,0.44478229784700357,1694,LS8 3QS,75.0,0.001,False
1423.0,0.4268856056014507,1741,LS8 3QL,77.0,0.0,False
1424.0,0.4980688151383165,1282,LS8 3QS,75.0,0.001,False
1425.0,0.4121205745858165,1762,LS8 3QT,78.0,0.0,False
1426.0,0.502342974099809,1244,LS8 3QS,75.0,0.001,False
1427.0,0.404266325354399,1772,LS8 3QT,78.0,0.0,False
1431.0,0.5101048532508567,1152,LS8 3QS,75.0,0.001,False
1432.0,0.5363465750989078,849,LS8 3QS,75.0,0.001,False
1433.0,0.44995542644047504,1669,LS8 3QL,77.0,0.0,False
1436.0,0.46216655933953626,1605,LS8 3QL,77.0,0.0,False
1437.0,0.507984140019976,1176,LS8 3QS,75.0,0.001,False
1438.0,0.6577376363691547,34,LS8 3QS,75.0,0.001,True
1439.0,0.3973519348284408,1778,LS8 3QT,78.0,0.0,False
1440.0,0.4105986179441358,1763,LS8 3QL,77.0,0.0,False
1441.0,0.5024864270004579,1241,LS8 3QS,75.0,0.001,False
1443.0,0.5229423251141014,1017,LS8 3RG,9.0,0.99,False
1444.0,0.5094594048339678,1164,LS8 3RH,34.0,0.03,False
1445.0,0.5585775439416882,561,LS8 3RQ,19.0,0.151,False
1446.0,0.563606827460786,502,LS8 3RQ,19.0,0.151,False
1448.0,0.5082260638811709,1173,LS8 3RJ,37.0,0.022,False
1450.0,0.584411486744755,318,LS8 3RQ,19.0,0.151,True
1451.0,0.47301748342456895,1529,LS8 3RJ,37.0,0.022,False
1452.0,0.5459555914268722,723,LS8 3RQ,19.0,0.151,False
1453.0,0.487460532795279,1397,LS8 3RH,34.0,0.03,False
1454.0,0.42085264175350623,1749,LS8 3RL,80.0,0.0,False
1456.0,0.5086421561365211,1168,LS8 3RJ,37.0,0.022,False
1457.0,0.5519824120220684,643,LS8 3RQ,19.0,0.151,False
1458.0,0.5753670276543377,400,LS8 3RQ,19.0,0.151,False
1459.0,0.4338570092616661,1724,LS8 3RJ,37.0,0.022,False
1461.0,0.48451060560866754,1414,LS8 3RH,34.0,0.03,False
1462.0,0.40926556598319525,1765,LS8 3RL,80.0,0.0,False
1463.0,0.5245391655102527,996,LS8 3RJ,37.0,0.022,False
1467.0,0.4485370709660579,1677,LS8 3RJ,37.0,0.022,False
1468.0,0.5032921310274201,1234,LS8 3RH,34.0,0.03,False
1469.0,0.6149865493898046,128,LS8 3RQ,19.0,0.151,True
1470.0,0.4054958824297908,1768,LS8 3RL,80.0,0.0,False
1471.0,0.4491757782184599,1674,LS8 3RJ,37.0,0.022,False
1472.0,0.46976359935206013,1552,LS8 3RH,34.0,0.03,False
1474.0,0.5727706382578233,423,LS8 3RQ,19.0,0.151,False
1476.0,0.5149420806508295,1104,LS8 3QU,63.0,0.012,False
1478.0,0.5265200107559724,972,LS8 3QU,63.0,0.012,False
1480.0,0.5128537932266557,1125,LS8 3QU,63.0,0.012,False
1481.0,0.44261476830071217,1704,LS8 3QL,77.0,0.0,False
1482.0,0.4969330420746847,1293,LS8 3QU,63.0,0.012,False
1484.0,0.546690397011945,710,LS8 3QU,63.0,0.012,False
1486.0,0.5219497762816944,1031,LS8 3QU,63.0,0.012,False
1487.0,0.4301534581692941,1733,LS8 3QL,77.0,0.0,False
1489.0,0.5071088435427731,1187,LS8 3QU,63.0,0.012,False
1490.0,0.4252722298674557,1743,LS8 3QL,77.0,0.0,False
1491.0,0.45594964191084153,1641,LS8 3QL,77.0,0.0,False
1492.0,0.5170703233149154,1080,LS8 3QU,63.0,0.012,False
1493.0,0.49000141506360734,1375,LS8 3QU,63.0,0.012,False
1494.0,0.4527435260025219,1657,LS8 3QL,77.0,0.0,False
1496.0,0.5374259121315001,832,LS8 3QU,63.0,0.012,False
1497.0,0.4893026182907335,1381,LS8 3QU,63.0,0.012,False
1498.0,0.4123273146356222,1761,LS8 3QL,77.0,0.0,False
1499.0,0.5758783868430667,397,LS8 3QX,8.0,0.986,False
1501.0,0.4874452366236701,1399,LS8 3QS,75.0,0.001,False
1502.0,0.44625723859741084,1691,LS8 3QL,77.0,0.0,False
1503.0,0.4754570468867512,1507,LS8 3QS,75.0,0.001,False
1504.0,0.490012056358973,1374,LS8 3QS,75.0,0.001,False
1506.0,0.47114609895212123,1541,LS8 3QS,75.0,0.001,False
1510.0,0.48929418931483126,1382,LS8 3QS,75.0,0.001,False
1511.0,0.6670790563636397,30,LS8 3QX,8.0,0.986,True
1513.0,0.48208931490690565,1442,LS8 3QS,75.0,0.001,False
1514.0,0.4992016360109433,1269,LS8 3QL,77.0,0.0,False
1515.0,0.4915571261166187,1351,LS8 3QS,75.0,0.001,False
1516.0,0.5065480733973511,1197,LS8 3RA,24.0,0.07,False
1518.0,0.5273023496328901,960,LS8 3QU,63.0,0.012,False
1520.0,0.5173918065291487,1074,LS8 3QU,63.0,0.012,False
1521.0,0.4251141618299083,1745,LS8 3QL,77.0,0.0,False
1522.0,0.5219708316174809,1030,LS8 3QU,63.0,0.012,False
1523.0,0.4333014824582217,1726,LS8 3QL,77.0,0.0,False
1524.0,0.5085431580717787,1171,LS8 3QU,63.0,0.012,False
1525.0,0.42191322265919096,1747,LS8 3QL,77.0,0.0,False
1526.0,0.5367349639306862,843,LS8 3QU,63.0,0.012,False
1527.0,0.42945131349276816,1737,LS8 3QL,77.0,0.0,False
1528.0,0.5161929158118919,1091,LS8 3QU,63.0,0.012,False
1529.0,0.4493256903771504,1672,LS8 3QL,77.0,0.0,False
1530.0,0.5272396083369641,962,LS8 3QU,63.0,0.012,False
1531.0,0.38976383702013806,1782,LS8 3QL,77.0,0.0,False
1532.0,0.551168446928462,648,LS8 3QJ,50.0,0.008,False
1533.0,0.5220968560263315,1028,LS8 3QJ,50.0,0.008,False
1534.0,0.5422906248661176,768,LS8 3QJ,50.0,0.008,False
1535.0,0.5320616128171118,907,LS8 3QJ,50.0,0.008,False
1536.0,0.5376301675602976,830,LS8 3QJ,50.0,0.008,False
1537.0,0.6074123425243567,164,LS8 3QN,13.0,0.922,True
1538.0,0.5329579781600509,891,LS8 3QJ,50.0,0.008,False
1539.0,0.5042248458498378,1221,LS8 3QJ,50.0,0.008,False
1542.0,0.6229885442108896,97,LS8 3QN,13.0,0.922,True
1543.0,0.5411340690268625,780,LS8 3QJ,50.0,0.008,False
1544.0,0.5926577273232709,259,LS8 3QN,13.0,0.922,True
1545.0,0.5359207618768839,858,LS8 3QJ,50.0,0.008,False
1546.0,0.5424717474336542,767,LS8 3QN,13.0,0.922,False
1547.0,0.5167184161566076,1084,LS8 3QJ,50.0,0.008,False
1548.0,0.5628416378784298,508,LS8 3QN,13.0,0.922,False
1549.0,0.5350623549312646,864,LS8 3QJ,50.0,0.008,False
1550.0,0.5728063416749367,422,LS8 3QN,13.0,0.922,False
1551.0,0.5777367554613657,378,LS8 3QJ,50.0,0.008,False
1552.0,0.5579588392128702,567,LS8 3QN,13.0,0.922,False
1553.0,0.5505935747713944,657,LS8 3QN,13.0,0.922,False
1555.0,0.5501036269473799,667,LS8 3QN,13.0,0.922,False
1556.0,0.5507510628235002,654,LS8 3QN,13.0,0.922,False
1558.0,0.6309148416167806,80,LS8 3QN,13.0,0.922,True
1559.0,0.5742274102142396,411,LS8 3QN,13.0,0.922,False
1560.0,0.5723164834568806,426,LS8 3QN,13.0,0.922,False
1561.0,0.5970697477136472,224,LS8 3QN,13.0,0.922,True
1562.0,0.5107571764823979,1143,LS8 3RW,64.0,0.008,False
1564.0,0.4889519206183777,1383,LS8 3RW,64.0,0.008,False
1565.0,0.4924464534041205,1342,LS8 5DH,66.0,0.007,False
1567.0,0.5042631324102839,1220,LS8 5DH,66.0,0.007,False
1569.0,0.5261936889143389,974,LS8 5DH,66.0,0.007,False
1572.0,0.5820236756358531,339,LS8 3RG,9.0,0.99,True
1577.0,0.5025792401256746,1240,LS8 3RG,9.0,0.99,False
1578.0,0.6229249153214471,99,LS8 3RG,9.0,0.99,True
1581.0,0.5598405274501017,542,LS8 3RQ,19.0,0.151,False
1583.0,0.5624350840674924,515,LS8 3RQ,19.0,0.151,False
1584.0,0.5592038625233572,550,LS8 3RQ,19.0,0.151,False
1585.0,0.6000599900546971,207,LS8 3RQ,19.0,0.151,True
1586.0,0.5380363844638083,824,LS8 3RQ,19.0,0.151,False
1587.0,0.5522973355948293,639,LS8 3RQ,19.0,0.151,False
1588.0,0.563492611171268,505,LS8 3RQ,19.0,0.151,False
1589.0,0.5065227644600863,1199,LS8 3RQ,19.0,0.151,False
1590.0,0.5386793485401759,812,LS8 3RQ,19.0,0.151,False
1591.0,0.5413529874630764,778,LS8 3RQ,19.0,0.151,False
1592.0,0.5568268359684695,583,LS8 3RQ,19.0,0.151,False
1594.0,0.5434620794311718,754,LS8 3RQ,19.0,0.151,False
1595.0,0.5461813186013842,719,LS8 3RQ,19.0,0.151,False
1596.0,0.5428258119000297,761,LS8 3RQ,19.0,0.151,False
1598.0,0.5505290413061682,660,LS8 3RQ,19.0,0.151,False
1599.0,0.5196112385619243,1051,LS8 3QW,18.0,0.192,False
1600.0,0.5494039674419975,675,LS8 3QW,18.0,0.192,False
1602.0,0.5514432729396384,647,LS8 3QW,18.0,0.192,False
1603.0,0.5749524079797875,404,LS8 3QW,18.0,0.192,False
1604.0,0.5430132946015866,759,LS8 3QW,18.0,0.192,False
1605.0,0.5360684866841784,853,LS8 3QW,18.0,0.192,False
1606.0,0.6018585584794126,195,LS8 3QP,20.0,0.109,True
1607.0,0.5151510463269585,1101,LS8 3QW,18.0,0.192,False
1610.0,0.5522343151726627,640,LS8 3QW,18.0,0.192,False
1611.0,0.5474383202429354,696,LS8 3QW,18.0,0.192,False
1612.0,0.5829292429484316,331,LS8 3QN,13.0,0.922,True
1614.0,0.5197539642978966,1048,LS8 3QW,18.0,0.192,False
1615.0,0.5974759157017254,221,LS8 3QW,18.0,0.192,True
1616.0,0.541639701241761,774,LS8 3QN,13.0,0.922,False
1617.0,0.5967821256877184,227,LS8 3QP,20.0,0.109,True
1618.0,0.5417713830654277,773,LS8 3QW,18.0,0.192,False
1620.0,0.5467758501694964,708,LS8 3QN,13.0,0.922,False
1621.0,0.5266799613820677,970,LS8 3QW,18.0,0.192,False
1622.0,0.5361392128518319,852,LS8 3QW,18.0,0.192,False
1623.0,0.5467166169611051,709,LS8 3QP,20.0,0.109,False
1625.0,0.5327060305937329,896,LS8 3QW,18.0,0.192,False
1626.0,0.5359227888844434,856,LS8 3QW,18.0,0.192,False
1627.0,0.5738122955942596,412,LS8 3QP,20.0,0.109,False
1628.0,0.5726764280298464,424,LS8 3QN,13.0,0.922,False
1629.0,0.544978257160206,736,LS8 3QW,18.0,0.192,False
1630.0,0.538502527384787,816,LS8 3QW,18.0,0.192,False
1632.0,0.7250708077411874,8,LS8 3RG,9.0,0.99,True
1635.0,0.5158370880720805,1096,LS8 3RJ,37.0,0.022,False
1637.0,0.41575440902472477,1756,LS8 3RL,80.0,0.0,False
1638.0,0.515360627024554,1100,LS8 3RJ,37.0,0.022,False
1639.0,0.44811765815630616,1681,LS8 3RL,80.0,0.0,False
1641.0,0.40544189446039186,1769,LS8 3RL,80.0,0.0,False
1642.0,0.5248937583054745,992,LS8 3RJ,37.0,0.022,False
1645.0,0.46210264791359046,1606,LS8 3RN,58.0,0.007,False
1646.0,0.4818373165002394,1446,LS8 3RL,80.0,0.0,False
1647.0,0.48582669838554654,1407,LS8 3RN,58.0,0.007,False
1649.0,0.4284796575707041,1738,LS8 3RN,58.0,0.007,False
1650.0,0.5296066115633616,931,LS8 3RL,80.0,0.0,False
1652.0,0.45075878757566806,1667,LS8 3RN,58.0,0.007,False
1653.0,0.43891322175142744,1714,LS8 3RN,58.0,0.007,False
1654.0,0.4466941304650595,1688,LS8 3RN,58.0,0.007,False
1657.0,0.5268721521555279,967,LS8 3QJ,50.0,0.008,False
1659.0,0.544853718895076,737,LS8 3QJ,50.0,0.008,False
1661.0,0.5552348114402581,603,LS8 3QJ,50.0,0.008,False
1662.0,0.5176442959218496,1071,LS8 3QJ,50.0,0.008,False
1663.0,0.6018951400048129,194,LS8 3QR,14.0,0.917,True
1664.0,0.5974277559644323,223,LS8 3QR,14.0,0.917,True
1665.0,0.5749269863540238,405,LS8 3QR,14.0,0.917,False
1666.0,0.6319056254736327,79,LS8 3QR,14.0,0.917,True
1667.0,0.5859646140121931,304,LS8 3QR,14.0,0.917,True
1668.0,0.5546194408886171,611,LS8 3QR,14.0,0.917,False
1670.0,0.5598226309516321,544,LS8 3QR,14.0,0.917,False
1671.0,0.6377440531383544,62,LS8 3QR,14.0,0.917,True
1673.0,0.588355055947247,279,LS8 3QR,14.0,0.917,True
1675.0,0.588066833365029,284,LS8 3QR,14.0,0.917,True
1676.0,0.58314713672063,329,LS8 3QR,14.0,0.917,True
1678.0,0.608051413145274,161,LS8 3QR,14.0,0.917,True
1680.0,0.5526538889997457,635,LS8 3QX,8.0,0.986,False
1681.0,0.5563775289752472,589,LS8 3QX,8.0,0.986,False
1682.0,0.5077048775742423,1183,LS8 3QX,8.0,0.986,False
1683.0,0.528430841283665,950,LS8 3QX,8.0,0.986,False
1684.0,0.5293037499538628,938,LS8 3QX,8.0,0.986,False
1685.0,0.5570181072974453,581,LS8 3QX,8.0,0.986,False
1686.0,0.5560804002163353,592,LS8 3QX,8.0,0.986,False
1688.0,0.48995246880157833,1377,LS8 3QX,8.0,0.986,False
1689.0,0.5553465416843806,601,LS8 3QX,8.0,0.986,False
1690.0,0.5059804989416928,1202,LS8 3QX,8.0,0.986,False
1691.0,0.5099411112760227,1155,LS8 3QX,8.0,0.986,False
1693.0,0.5178780926022544,1069,LS8 3QX,8.0,0.986,False
1694.0,0.529064271214599,941,LS8 3QX,8.0,0.986,False
1695.0,0.5470767680168309,703,LS8 3QX,8.0,0.986,False
1697.0,0.48192061922598955,1444,LS8 3QP,20.0,0.109,False
1698.0,0.5170576833419142,1081,LS8 3QP,20.0,0.109,False
1699.0,0.5070992385441171,1188,LS8 3QP,20.0,0.109,False
1701.0,0.577986852827956,376,LS8 3QP,20.0,0.109,False
1702.0,0.570867141751761,440,LS8 3QP,20.0,0.109,False
1705.0,0.5613498623134734,531,LS8 3QP,20.0,0.109,False
1706.0,0.5804156276436965,354,LS8 3QP,20.0,0.109,True
1707.0,0.6022566787813984,191,LS8 3QR,14.0,0.917,True
1708.0,0.6442620086346401,51,LS8 3QR,14.0,0.917,True
1711.0,0.5628379391959846,509,LS8 3QP,20.0,0.109,False
1712.0,0.5069840524353562,1192,LS8 3QR,14.0,0.917,False
1714.0,0.49815021285956174,1281,LS8 3QR,14.0,0.917,False
1715.0,0.581180366784151,346,LS8 3QR,14.0,0.917,True
1716.0,0.5703566112073575,444,LS8 3QR,14.0,0.917,False
1717.0,0.6003351891993113,205,LS8 3QR,14.0,0.917,True
1718.0,0.5733017925572509,418,LS8 3QR,14.0,0.917,False
1719.0,0.5842500690457209,321,LS8 3QR,14.0,0.917,True
1720.0,0.5763034339980171,391,LS8 3QR,14.0,0.917,False
1722.0,0.5724992396582992,425,LS8 3QR,14.0,0.917,False
1724.0,0.5880206992892465,285,LS8 3QR,14.0,0.917,True
1725.0,0.5595846964955349,548,LS8 3QR,14.0,0.917,False
1726.0,0.6004840875776178,203,LS8 3QR,14.0,0.917,True
1727.0,0.6357976777594418,69,LS8 3QR,14.0,0.917,True
1728.0,0.5053480733361528,1208,LS8 3QR,14.0,0.917,False
1730.0,0.5595736389850989,549,LS8 3QN,13.0,0.922,False
1732.0,0.5613991938528266,530,LS8 3QN,13.0,0.922,False
1733.0,0.5804200261900644,353,LS8 3QN,13.0,0.922,True
1735.0,0.5826585922818147,333,LS8 3QN,13.0,0.922,True
1737.0,0.586164717950544,300,LS8 3QN,13.0,0.922,True
1739.0,0.5635144970349754,504,LS8 3QN,13.0,0.922,False
1740.0,0.5720133585746328,431,LS8 3QN,13.0,0.922,False
1742.0,0.5842850978485821,320,LS8 3QH,52.0,0.009,True
1743.0,0.6031380732858983,183,LS8 3QN,13.0,0.922,True
1744.0,0.60792426848532,162,LS8 3QN,13.0,0.922,True
1747.0,0.5949010747041921,239,LS8 3QN,13.0,0.922,True
1749.0,0.608157499538835,160,LS8 3QN,13.0,0.922,True
1750.0,0.5649232190674072,494,LS8 3QN,13.0,0.922,False
1751.0,0.6099810041520984,152,LS8 3QN,13.0,0.922,True
1752.0,0.5794361508239841,364,LS8 3QN,13.0,0.922,False
1754.0,0.5776940951069987,379,LS8 3QN,13.0,0.922,False
1756.0,0.574959985554376,403,LS8 3QW,18.0,0.192,False
1757.0,0.5658038286370699,484,LS8 3QN,13.0,0.922,False
1758.0,0.6054907924043227,173,LS8 3QW,18.0,0.192,True
1759.0,0.5760567960499758,395,LS8 3QN,13.0,0.922,False
1760.0,0.5397481737043672,797,LS8 3QW,18.0,0.192,False
1762.0,0.5775245997656809,382,LS8 3RA,24.0,0.07,False
1763.0,0.6145166298883105,132,LS8 3QX,8.0,0.986,True
1764.0,0.4991607172294725,1270,LS8 3RA,24.0,0.07,False
1765.0,0.5381181153625927,823,LS8 3QX,8.0,0.986,False
1766.0,0.5220550646548414,1029,LS8 3RA,24.0,0.07,False
1768.0,0.5663227482479148,475,LS8 3QX,8.0,0.986,False
1769.0,0.5530370834644058,629,LS8 3RA,24.0,0.07,False
1770.0,0.5366042624235753,845,LS8 3QX,8.0,0.986,False
1771.0,0.5283420396150598,951,LS8 3RA,24.0,0.07,False
1773.0,0.5468641663873153,706,LS8 3RA,24.0,0.07,False
1774.0,0.6259982612206116,86,LS8 3QX,8.0,0.986,True
1775.0,0.5292755508546916,939,LS8 3RA,24.0,0.07,False
1777.0,0.5801013480922954,358,LS8 3RA,24.0,0.07,False
1779.0,0.5125163655105326,1131,LS8 3QX,8.0,0.986,False
1780.0,0.5324958333706958,900,LS8 3RA,24.0,0.07,False
1782.0,0.5479824335849306,690,LS8 3RA,24.0,0.07,False
1783.0,0.5620902826866455,522,LS8 3QX,8.0,0.986,False
1784.0,0.6025120400842987,190,LS8 3QX,8.0,0.986,True
1785.0,0.5836285308035369,326,LS8 3RA,24.0,0.07,True
1787.0,0.6219276585423399,105,LS8 3QX,8.0,0.986,True
1788.0,0.518660653012265,1058,LS8 3RA,24.0,0.07,False
1789.0,0.6139782643537424,136,LS8 3QX,8.0,0.986,True
1790.0,0.5446470714906825,740,LS8 3RA,24.0,0.07,False
1791.0,0.6008776713749262,201,LS8 3QX,8.0,0.986,True
1792.0,0.5282157864377973,953,LS8 3RA,24.0,0.07,False
1800.0,0.4177794014100852,1755,LS8 3QL,77.0,0.0,False
1805.0,0.42515102448778397,1744,LS8 3QL,77.0,0.0,False
1808.0,0.4805326134872222,1460,LS8 3QL,77.0,0.0,False
1814.0,0.39028085070809587,1781,LS8 3QL,77.0,0.0,False
1815.0,0.492505214302222,1339,LS8 5DG,48.0,0.015,False
1816.0,0.473701494159385,1522,LS8 5DG,48.0,0.015,False
1817.0,0.4483041336332325,1680,LS8 5DG,48.0,0.015,False
1818.0,0.4740742168836582,1520,LS8 5DG,48.0,0.015,False
1819.0,0.46952228120025996,1554,LS8 5DG,48.0,0.015,False
1821.0,0.48099020745462673,1456,LS8 5DG,48.0,0.015,False
1822.0,0.48892297359499204,1384,LS8 5DH,66.0,0.007,False
1823.0,0.5085712591394407,1170,LS8 5DG,48.0,0.015,False
1824.0,0.5230142574945821,1015,LS8 5DH,66.0,0.007,False
1825.0,0.5045705712790907,1218,LS8 5DG,48.0,0.015,False
1826.0,0.5033213702285542,1233,LS8 5DG,48.0,0.015,False
1827.0,0.5079366664121632,1180,LS8 5DH,66.0,0.007,False
1828.0,0.5051734425815236,1210,LS8 5DG,48.0,0.015,False
1829.0,0.5227921330737493,1018,LS8 5DH,66.0,0.007,False
1830.0,0.5371554185399596,837,LS8 5DG,48.0,0.015,False
1833.0,0.513325718140533,1120,LS8 3QJ,50.0,0.008,False
1834.0,0.5036291117073136,1231,LS8 3QJ,50.0,0.008,False
1835.0,0.5409590647023228,782,LS8 3QJ,50.0,0.008,False
1836.0,0.5649364181948554,493,LS8 3QJ,50.0,0.008,False
1837.0,0.5217711350272651,1035,LS8 3QJ,50.0,0.008,False
1838.0,0.5225967391132067,1021,LS8 3QJ,50.0,0.008,False
1840.0,0.5315857986552301,912,LS8 3QJ,50.0,0.008,False
1841.0,0.4395150249490252,1711,LS8 3QH,52.0,0.009,False
1842.0,0.5080712140149621,1175,LS8 3QJ,50.0,0.008,False
1843.0,0.5652525702788775,491,LS8 3QJ,50.0,0.008,False
1844.0,0.44488492615122277,1693,LS8 3QH,52.0,0.009,False
1846.0,0.4435823174465824,1698,LS8 3QH,52.0,0.009,False
1847.0,0.544733587357012,739,LS8 3RA,24.0,0.07,False
1855.0,0.4785659926330399,1481,LS8 3RA,24.0,0.07,False
1863.0,0.4389720047317222,1713,LS8 3QL,77.0,0.0,False
1867.0,0.42106141652037626,1748,LS8 3QL,77.0,0.0,False
1873.0,0.4637468532621597,1592,LS8 3QL,77.0,0.0,False
1882.0,0.5179845926034137,1068,LS8 3QH,52.0,0.009,False
1883.0,0.44316017328223056,1699,LS8 3QH,52.0,0.009,False
1885.0,0.4964289330097273,1305,LS8 3QH,52.0,0.009,False
1886.0,0.4885119967663054,1389,LS8 3QH,52.0,0.009,False
1887.0,0.4794113952786126,1471,LS8 3QH,52.0,0.009,False
1888.0,0.6105230657743598,145,LS8 3RA,24.0,0.07,True
1889.0,0.49017746503414084,1368,LS8 3QH,52.0,0.009,False
1890.0,0.668728892515243,26,LS8 3RA,24.0,0.07,True
1891.0,0.5706561702925146,442,LS8 3QH,52.0,0.009,False
1894.0,0.5577532855969582,571,LS8 3RA,24.0,0.07,False
1896.0,0.6678528724454684,29,LS8 3RA,24.0,0.07,True
1897.0,0.5414723113970774,775,LS8 3QX,8.0,0.986,False
1900.0,0.45581678457652586,1644,LS8 3QH,52.0,0.009,False
1901.0,0.5951461788053711,236,LS8 3QR,14.0,0.917,True
1902.0,0.5456966245420211,727,LS8 3QP,20.0,0.109,False
1903.0,0.6409781751337327,59,LS8 3QR,14.0,0.917,True
1904.0,0.5579329417052206,568,LS8 3QW,18.0,0.192,False
1905.0,0.5583204442990977,562,LS8 3QX,8.0,0.986,False
1906.0,0.49006831237957027,1372,LS8 3QP,20.0,0.109,False
1907.0,0.5267819491231589,969,LS8 3QP,20.0,0.109,False
1909.0,0.5699275537441589,449,LS8 3QW,18.0,0.192,False
1910.0,0.5065617724625064,1196,LS8 3QP,20.0,0.109,False
1911.0,0.5171707339606447,1079,LS8 3QX,8.0,0.986,False
1912.0,0.5318439352967333,910,LS8 3QP,20.0,0.109,False
1913.0,0.6172033094458056,124,LS8 3QR,14.0,0.917,True
1914.0,0.5079563255315961,1178,LS8 3QP,20.0,0.109,False
1915.0,0.5651328537013379,492,LS8 3QR,14.0,0.917,False
1916.0,0.49783590839359904,1285,LS8 3QP,20.0,0.109,False
1918.0,0.5716738849296907,434,LS8 3QX,8.0,0.986,False
1919.0,0.6011758623758577,197,LS8 3QR,14.0,0.917,True
1921.0,0.5236955238852425,1009,LS8 3QP,20.0,0.109,False
1922.0,0.5065761088995544,1194,LS8 3QP,20.0,0.109,False
1923.0,0.5950751586055185,238,LS8 3QR,14.0,0.917,True
1924.0,0.5682454696934336,460,LS8 3QW,18.0,0.192,False
1925.0,0.5758392917691437,398,LS8 3QR,14.0,0.917,False
1927.0,0.5218332961160349,1032,LS8 3QP,20.0,0.109,False
1929.0,0.5368635047609864,842,LS8 3QW,18.0,0.192,False
1930.0,0.5171977502350691,1078,LS8 3QX,8.0,0.986,False
1931.0,0.5024171395687704,1243,LS8 3QP,20.0,0.109,False
1934.0,0.5535488650309295,626,LS8 3DA,,,False
1935.0,0.554250340003799,618,LS8 3QH,52.0,0.009,False
1936.0,0.6558415046942445,39,LS8 3QH,52.0,0.009,True
1937.0,0.5532761407830447,627,LS8 3QX,8.0,0.986,False
1939.0,0.5775140146812279,383,LS8 3QX,8.0,0.986,False
1942.0,0.6681949076381397,27,LS8 3QR,14.0,0.917,True
1943.0,0.5574800051398272,576,LS8 3QX,8.0,0.986,False
1944.0,0.5849889946456247,313,LS8 3QR,14.0,0.917,True
1945.0,0.5301853740409618,925,LS8 3QP,20.0,0.109,False
1946.0,0.4995862250929457,1265,LS8 3QR,14.0,0.917,False
1948.0,0.5963522645799076,229,LS8 3QX,8.0,0.986,True
1949.0,0.5773369471936993,384,LS8 3QR,14.0,0.917,False
1950.0,0.4927118050110605,1337,LS8 3QP,20.0,0.109,False
1951.0,0.656862219082638,37,LS8 3QR,14.0,0.917,True
1952.0,0.5852499076239552,312,LS8 3QX,8.0,0.986,True
1954.0,0.5311845780046343,916,LS8 3QR,14.0,0.917,False
1955.0,0.5001912678953441,1258,LS8 3QP,20.0,0.109,False
1957.0,0.683236842587396,20,LS8 3QR,14.0,0.917,True
1958.0,0.5050939068217605,1211,LS8 3QP,20.0,0.109,False
1962.0,0.5759528993951037,396,LS8 3QW,18.0,0.192,False
1963.0,0.516459680533605,1088,LS8 3QP,20.0,0.109,False
1965.0,0.5877048615936009,287,LS8 3QW,18.0,0.192,True
1966.0,0.5292361902916703,940,LS8 3QW,18.0,0.192,False
1967.0,0.5159819915183771,1093,LS8 3QP,20.0,0.109,False
1968.0,0.48178064477932636,1447,LS8 3QP,20.0,0.109,False
1969.0,0.6154400794721646,127,LS8 3QW,18.0,0.192,True
1970.0,0.5003267139177794,1256,LS8 3QP,20.0,0.109,False
1971.0,0.5381663875036078,821,LS8 3QW,18.0,0.192,False
1972.0,0.5490560854580094,681,LS8 3QW,18.0,0.192,False
1973.0,0.5282066862151331,954,LS8 3QP,20.0,0.109,False
1976.0,0.5860589883899627,302,LS8 3QW,18.0,0.192,True
1977.0,0.5493158131459246,677,LS8 3QW,18.0,0.192,False
1978.0,0.540846587870721,784,LS8 3QP,20.0,0.109,False
1979.0,0.5459780075066815,721,LS8 3QW,18.0,0.192,False
1981.0,0.552502061532508,636,LS8 3QW,18.0,0.192,False
1982.0,0.5344955380973597,872,LS8 3QP,20.0,0.109,False
1985.0,0.5175074372814227,1072,LS8 3QW,18.0,0.192,False
1987.0,0.5189534303153428,1057,LS8 3QP,20.0,0.109,False
1988.0,0.545837977965465,725,LS8 3QW,18.0,0.192,False
1989.0,0.5767341872063543,388,LS8 3QW,18.0,0.192,False
1991.0,0.5598375189610414,543,LS8 3QW,18.0,0.192,False
1992.0,0.5974718038267801,222,LS8 3QW,18.0,0.192,True
1993.0,0.5463437946455971,716,LS8 3QP,20.0,0.109,False
2019.0,0.4954984260338905,1312,LS8 5JF,60.0,0.008,False
2020.0,0.4816259155347822,1450,LS8 5JF,60.0,0.008,False
2021.0,0.49826503880699385,1280,LS8 5JF,60.0,0.008,False
2022.0,0.48801642803980555,1393,LS8 5JF,60.0,0.008,False
2023.0,0.4996922200724663,1264,LS8 5JF,60.0,0.008,False
2024.0,0.5381190365912334,822,LS8 5JF,60.0,0.008,False
2025.0,0.46630673722660565,1580,LS8 5JF,60.0,0.008,False
2026.0,0.4841280873857815,1423,LS8 5JF,60.0,0.008,False
2051.0,0.5153737619540423,1099,LS8 5JE,29.0,0.059,False
2052.0,0.5465837987540453,713,LS8 5JA,28.0,0.057,False
2054.0,0.6132206473732493,138,LS8 5HZ,65.0,0.013,True
2056.0,0.5238041947487735,1007,LS8 5JE,29.0,0.059,False
2058.0,0.553908803764017,622,LS8 5JA,28.0,0.057,False
2059.0,0.4996930490569693,1263,LS8 5HZ,65.0,0.013,False
2060.0,0.4709593022479863,1544,LS8 5JA,28.0,0.057,False
2061.0,0.6197496090019179,115,LS8 5HZ,65.0,0.013,True
2063.0,0.5761872706676602,392,LS8 5JE,29.0,0.059,False
2064.0,0.5010708836730344,1251,LS8 5JE,29.0,0.059,False
2065.0,0.5814113220185724,342,LS8 5JA,28.0,0.057,True
2066.0,0.525567179563196,984,LS8 5JA,28.0,0.057,False
2067.0,0.5895989037774784,275,LS8 5HZ,65.0,0.013,True
2069.0,0.5635900298768608,503,LS8 5JE,29.0,0.059,False
2070.0,0.45595375205103444,1640,LS8 5JE,29.0,0.059,False
2071.0,0.5681391975077354,462,LS8 5JA,28.0,0.057,False
2074.0,0.4444215711000848,1695,LS8 5JF,60.0,0.008,False
2075.0,0.5657223914840959,487,LS8 5JE,29.0,0.059,False
2077.0,0.5589378330396413,555,LS8 5JA,28.0,0.057,False
2078.0,0.51356364992034,1116,LS8 5HZ,65.0,0.013,False
2079.0,0.49904855451983055,1271,LS8 5JA,28.0,0.057,False
2080.0,0.5856167905489021,307,LS8 5HZ,65.0,0.013,True
2088.0,0.7539673073746156,3,LS8 5BE,,,True
2091.0,0.5684954154966162,457,LS8 5JF,60.0,0.008,False
2093.0,0.4915810506110406,1350,LS8 5JF,60.0,0.008,False
2094.0,0.4562371629946287,1639,LS8 5JF,60.0,0.008,False
2095.0,0.4952747613428866,1316,LS8 5JF,60.0,0.008,False
2096.0,0.4842802262369847,1417,LS8 5JF,60.0,0.008,False
2097.0,0.48496516584440835,1413,LS8 5JF,60.0,0.008,False
2098.0,0.4930185716746505,1336,LS8 5JF,60.0,0.008,False
2099.0,0.5225653827418759,1024,LS8 5JF,60.0,0.008,False
2100.0,0.5040026615208099,1223,LS8 5JF,60.0,0.008,False
2101.0,0.5259854895969612,978,LS8 5HZ,65.0,0.013,False
2102.0,0.5578433644474118,569,LS8 5JF,60.0,0.008,False
2104.0,0.5747511412808735,407,LS8 5JE,29.0,0.059,False
2107.0,0.5101361973869296,1150,LS8 5JA,28.0,0.057,False
2108.0,0.6361744619186568,66,LS8 5HZ,65.0,0.013,True
2109.0,0.5626746583173466,512,LS8 5JF,60.0,0.008,False
2111.0,0.5380030023406808,826,LS8 5JE,29.0,0.059,False
2112.0,0.618551941429786,120,LS8 5HY,40.0,0.018,True
2116.0,0.5560761829975192,593,LS8 5HZ,65.0,0.013,False
2117.0,0.5389285475460087,807,LS8 5HY,40.0,0.018,False
2118.0,0.5558541845282687,595,LS8 5HX,33.0,0.031,False
2121.0,0.5538249252070515,624,LS8 5JE,29.0,0.059,False
2123.0,0.4930518891821928,1335,LS8 5JE,29.0,0.059,False
2124.0,0.5678497134838213,463,LS8 5JA,28.0,0.057,False
2126.0,0.5097239929337505,1160,LS8 5HZ,65.0,0.013,False
2130.0,0.494580026501184,1322,LS8 5JA,28.0,0.057,False
2133.0,0.557632562286825,573,LS8 5HY,40.0,0.018,False
2135.0,0.5072258890980055,1185,LS8 5JF,60.0,0.008,False
2136.0,0.5886781548136459,277,LS8 5HX,33.0,0.031,True
2150.0,0.5527911763425287,632,LS8 5HZ,65.0,0.013,False
2151.0,0.5330989797669762,887,LS8 5HY,40.0,0.018,False
2152.0,0.6031353666827567,184,LS8 5HY,40.0,0.018,True
2154.0,0.5834396567669557,328,LS8 5HX,33.0,0.031,True
2155.0,0.6030882480466789,185,LS8 5HY,40.0,0.018,True
2158.0,0.5126114045709945,1129,LS8 5HZ,65.0,0.013,False
2159.0,0.5846610637996908,316,LS8 5HY,40.0,0.018,True
2160.0,0.5164686216094929,1087,LS8 5HY,40.0,0.018,False
2161.0,0.5905647750142279,266,LS8 5HX,33.0,0.031,True
2163.0,0.5899984099910514,271,LS8 5HY,40.0,0.018,True
2164.0,0.5260078781241097,977,LS8 5HY,40.0,0.018,False
2165.0,0.57309912337703,419,LS8 5HX,33.0,0.031,False
2166.0,0.5843104213131505,319,LS8 5HY,40.0,0.018,True
2167.0,0.5061262970208389,1201,LS8 5HY,40.0,0.018,False
2168.0,0.526843330364043,968,LS8 5HZ,65.0,0.013,False
2169.0,0.6031584107189469,182,LS8 5HY,40.0,0.018,True
2170.0,0.518635139472331,1059,LS8 5HY,40.0,0.018,False
2171.0,0.5933647860913527,252,LS8 5HX,33.0,0.031,True
2175.0,0.6040518205028357,177,LS8 5HX,33.0,0.031,True
2176.0,0.5730023177722452,421,LS8 5HY,40.0,0.018,False
2177.0,0.4993715490457126,1267,LS8 5HY,40.0,0.018,False
2178.0,0.5808307618957586,352,LS8 5HX,33.0,0.031,True
2179.0,0.5070833014308253,1189,LS8 5HZ,65.0,0.013,False
2182.0,0.48405841665261273,1425,LS8 5HY,40.0,0.018,False
2183.0,0.622327594587468,103,LS8 5HY,40.0,0.018,True
2184.0,0.5268734683767378,966,LS8 5HY,40.0,0.018,False
2185.0,0.7491511553439845,4,LS8 5HX,33.0,0.031,True
2186.0,0.5237863061302968,1008,LS8 5HZ,65.0,0.013,False
2187.0,0.5992814095550351,209,LS8 5HY,40.0,0.018,True
2188.0,0.5131590929593982,1121,LS8 5HY,40.0,0.018,False
2189.0,0.6057924700965757,171,LS8 5HX,33.0,0.031,True
2190.0,0.49667142172520723,1299,LS8 5HZ,65.0,0.013,False
2191.0,0.5232833239927829,1013,LS8 5HY,40.0,0.018,False
2192.0,0.6043406719678142,176,LS8 5HX,33.0,0.031,True
2193.0,0.5103562225986831,1147,LS8 5HZ,65.0,0.013,False
2196.0,0.5967396417373181,228,LS8 5HY,40.0,0.018,True
2198.0,0.5210650694098734,1041,LS8 5HZ,65.0,0.013,False
2199.0,0.5826566988860457,334,LS8 5HY,40.0,0.018,True
2200.0,0.5083797801347469,1172,LS8 5HY,40.0,0.018,False
2201.0,0.514102659604004,1110,LS8 5HY,40.0,0.018,False
2202.0,0.6097386094502293,154,LS8 5HY,40.0,0.018,True
2203.0,0.5798834073362356,359,LS8 5HX,33.0,0.031,False
2204.0,0.5345796560545495,869,LS8 5HZ,65.0,0.013,False
2206.0,0.6031803820879579,181,LS8 5HY,40.0,0.018,True
2208.0,0.4985978938021808,1273,LS8 5JA,28.0,0.057,False
2211.0,0.397411263129831,1777,LS8 5JF,60.0,0.008,False
2212.0,0.5464405719073158,715,LS8 5JE,29.0,0.059,False
2214.0,0.5511357458885107,649,LS8 5JA,28.0,0.057,False
2217.0,0.5286743938941856,945,LS8 5HZ,65.0,0.013,False
2218.0,0.5586105265368966,560,LS8 5HY,40.0,0.018,False
2219.0,0.6459448905948069,48,LS8 5JF,60.0,0.008,True
2220.0,0.49267859471836184,1338,LS8 5HY,40.0,0.018,False
2222.0,0.6115283772464755,143,LS8 5HX,33.0,0.031,True
2224.0,0.4608048266617025,1613,LS8 5JF,60.0,0.008,False
2225.0,0.5647900975192849,496,LS8 5JE,29.0,0.059,False
2226.0,0.5239760963887139,1005,LS8 5JE,29.0,0.059,False
2227.0,0.548854594655358,685,LS8 5JA,28.0,0.057,False
2230.0,0.518095704421247,1064,LS8 5HY,40.0,0.018,False
2233.0,0.6969952695667493,16,LS8 5HP,,,True
2234.0,0.682500439235482,21,LS8 5HP,,,True
2246.0,0.5706565966791206,441,LS8 5HT,43.0,0.016,False
2249.0,0.5192890667317037,1053,LS8 5HT,43.0,0.016,False
2250.0,0.5411104535042712,781,LS8 5HT,43.0,0.016,False
2251.0,0.5683716431564315,458,LS8 5HT,43.0,0.016,False
2252.0,0.5277970315903963,959,LS8 5HT,43.0,0.016,False
2253.0,0.5280400438151793,957,LS8 5HT,43.0,0.016,False
2254.0,0.5468413739378806,707,LS8 5HT,43.0,0.016,False
2255.0,0.5524484841329194,637,LS8 5HT,43.0,0.016,False
2256.0,0.538810471123962,809,LS8 5HT,43.0,0.016,False
2257.0,0.643151345700123,53,LS8 5HX,33.0,0.031,True
2258.0,0.606050153257272,170,LS8 5HT,43.0,0.016,True
2259.0,0.6778185136141821,22,LS8 5HT,43.0,0.016,True
2260.0,0.5566687692280019,587,LS8 5HT,43.0,0.016,False
2261.0,0.6033747302867911,179,LS8 5HT,43.0,0.016,True
2262.0,0.5954687516306219,233,LS8 5HT,43.0,0.016,True
2263.0,0.6164507768978386,126,LS8 5HT,43.0,0.016,True
2264.0,0.5787941944009334,370,LS8 5HT,43.0,0.016,False
2266.0,0.5849566972343996,314,LS8 5HT,43.0,0.016,True
2268.0,0.5169643597794114,1083,LS8 5HX,33.0,0.031,False
2270.0,0.534910324244674,865,LS8 5HX,33.0,0.031,False
2271.0,0.5509089388743167,653,LS8 5HX,33.0,0.031,False
2272.0,0.5329846374586753,889,LS8 5HX,33.0,0.031,False
2273.0,0.527106173585024,963,LS8 5HX,33.0,0.031,False
2274.0,0.545307920456628,732,LS8 5HX,33.0,0.031,False
2275.0,0.5301010714221464,926,LS8 5HX,33.0,0.031,False
2276.0,0.5295265754175421,935,LS8 5HX,33.0,0.031,False
2277.0,0.5462992378803392,717,LS8 5HX,33.0,0.031,False
2278.0,0.534050968991783,874,LS8 5HX,33.0,0.031,False
2279.0,0.4969049257915612,1295,LS8 5HX,33.0,0.031,False
2280.0,0.5537168099226997,625,LS9 7AQ,32.0,0.026,False
2281.0,0.5010252388790573,1252,LS9 7AL,61.0,0.012,False
2282.0,0.539380519771214,802,LS9 7AQ,32.0,0.026,False
2283.0,0.47668230328246103,1495,LS9 7AW,42.0,0.008,False
2284.0,0.5159785728598701,1094,LS9 7AL,61.0,0.012,False
2285.0,0.5178173282492019,1070,LS9 7AQ,32.0,0.026,False
2286.0,0.4765270598773859,1497,LS9 7AL,61.0,0.012,False
2288.0,0.4918930147331158,1346,LS9 7AW,42.0,0.008,False
2289.0,0.48172225629191967,1448,LS9 7AW,42.0,0.008,False
2290.0,0.47979525399298045,1467,LS9 7AL,61.0,0.012,False
2291.0,0.4727585303394046,1530,LS9 7AL,61.0,0.012,False
2292.0,0.5316353649951586,911,LS9 7AW,42.0,0.008,False
2293.0,0.49231835711030936,1343,LS9 7AW,42.0,0.008,False
2294.0,0.49936947266674697,1268,LS9 7AL,61.0,0.012,False
2296.0,0.5133281727935232,1119,LS9 7AW,42.0,0.008,False
2297.0,0.4741847123163615,1519,LS9 7AL,61.0,0.012,False
2298.0,0.5419214449476274,771,LS9 7AL,61.0,0.012,False
2299.0,0.42966428428664827,1736,LS8 5BZ,71.0,0.003,False
2301.0,0.4918760936785008,1347,LS9 7AW,42.0,0.008,False
2302.0,0.5868689017623674,297,LS9 7AL,61.0,0.012,True
2303.0,0.5113308122465343,1139,LS8 5DA,69.0,0.005,False
2304.0,0.524467168974579,997,LS9 7AW,42.0,0.008,False
2305.0,0.5077545610047628,1181,LS9 7AL,61.0,0.012,False
2306.0,0.5456043918953135,728,LS9 7AL,61.0,0.012,False
2307.0,0.4833155286391045,1431,LS9 7AL,61.0,0.012,False
2308.0,0.5866568560392641,298,LS9 7AW,42.0,0.008,True
2311.0,0.44075085792906565,1709,LS9 7AN,72.0,0.002,False
2312.0,0.4958269201358897,1309,LS8 5DA,69.0,0.005,False
2313.0,0.5113483811006797,1138,LS9 7AL,61.0,0.012,False
2314.0,0.48624717502090786,1404,LS9 7AL,61.0,0.012,False
2315.0,0.47316589889968363,1525,LS8 5DJ,,,False
2316.0,0.4782108123189912,1483,LS9 7AN,72.0,0.002,False
2317.0,0.5257876755090232,980,LS8 5BZ,71.0,0.003,False
2319.0,0.5620839078511257,523,LS9 7AL,61.0,0.012,False
2320.0,0.4899692956943227,1376,LS8 5BZ,71.0,0.003,False
2321.0,0.4468323950051859,1687,LS8 5DA,69.0,0.005,False
2322.0,0.4852000318873216,1410,LS9 7AN,72.0,0.002,False
2323.0,0.5615459238468303,528,LS9 7AL,61.0,0.012,False
2324.0,0.4919020672331722,1345,LS8 5BZ,71.0,0.003,False
2325.0,0.4673880391796968,1573,LS8 5DA,69.0,0.005,False
2327.0,0.4372613553003172,1720,LS9 7AN,72.0,0.002,False
2328.0,0.5135647770089983,1115,LS8 5DJ,,,False
2329.0,0.48439371269086406,1415,LS8 5BZ,71.0,0.003,False
2330.0,0.48430879316073117,1416,LS8 5DA,69.0,0.005,False
2332.0,0.5490337260269482,683,LS9 7AN,72.0,0.002,False
2333.0,0.4601503072272514,1618,LS8 5BZ,71.0,0.003,False
2335.0,0.5383568598050545,817,LS8 5DA,69.0,0.005,False
2336.0,0.5498302163029977,671,LS8 5DA,69.0,0.005,False
2337.0,0.5737419414911618,414,LS8 5DA,69.0,0.005,False
2338.0,0.5896325609923043,274,LS8 5DB,53.0,0.018,True
2339.0,0.5874388201813293,291,LS8 5DD,51.0,0.016,True
2340.0,0.6574304765117173,35,LS8 5DD,51.0,0.016,True
2342.0,0.4731465093061319,1526,LS8 5BZ,71.0,0.003,False
2346.0,0.48496908248239645,1412,LS8 5BZ,71.0,0.003,False
2347.0,0.49570875449735047,1310,LS8 5DA,69.0,0.005,False
2348.0,0.4972405198913767,1289,LS8 5DA,69.0,0.005,False
2349.0,0.5105939947486656,1144,LS8 5DB,53.0,0.018,False
2350.0,0.5309506252232312,920,LS8 5DB,53.0,0.018,False
2351.0,0.5197536433627845,1049,LS8 5DD,51.0,0.016,False
2352.0,0.5546378959565299,610,LS8 5DD,51.0,0.016,False
2353.0,0.5542979801754476,617,LS8 5DF,38.0,0.023,False
2355.0,0.5118155636249535,1135,LS8 5DA,69.0,0.005,False
2358.0,0.5185624101818248,1060,LS8 5DB,53.0,0.018,False
2359.0,0.4907292150471202,1356,LS8 5DD,51.0,0.016,False
2361.0,0.5473564047562104,698,LS8 5DF,38.0,0.023,False
2362.0,0.4971372793535803,1291,LS8 5BZ,71.0,0.003,False
2363.0,0.5149816135677301,1102,LS8 5DA,69.0,0.005,False
2364.0,0.48843977499191304,1391,LS8 5DA,69.0,0.005,False
2365.0,0.5286249810809591,948,LS8 5DB,53.0,0.018,False
2366.0,0.5079490583939272,1179,LS8 5DB,53.0,0.018,False
2367.0,0.5184188116682248,1062,LS8 5DD,51.0,0.016,False
2368.0,0.4965118909107228,1303,LS8 5DD,51.0,0.016,False
2369.0,0.5319505504744849,909,LS8 5DF,38.0,0.023,False
2370.0,0.49549842258757254,1313,LS8 5BZ,71.0,0.003,False
2371.0,0.48816190966908357,1392,LS8 5DA,69.0,0.005,False
2372.0,0.48885551631686114,1385,LS8 5DA,69.0,0.005,False
2373.0,0.5422900523307501,769,LS8 5DB,53.0,0.018,False
2374.0,0.508608474329634,1169,LS8 5DB,53.0,0.018,False
2376.0,0.52460146010805,995,LS8 5DD,51.0,0.016,False
2377.0,0.44831708899317324,1679,LS8 5BZ,71.0,0.003,False
2378.0,0.49187388704635393,1348,LS8 5BZ,71.0,0.003,False
2379.0,0.4487542820511482,1676,LS8 5BZ,71.0,0.003,False
2380.0,0.49036622108513694,1364,LS8 5BZ,71.0,0.003,False
2381.0,0.48373913872243385,1428,LS8 5BZ,71.0,0.003,False
2382.0,0.4976361298426176,1286,LS8 5BZ,71.0,0.003,False
2383.0,0.4492934467949487,1673,LS8 5BZ,71.0,0.003,False
2384.0,0.5051942482644312,1209,LS8 5BZ,71.0,0.003,False
2385.0,0.4636062381185437,1594,LS8 5BZ,71.0,0.003,False
2386.0,0.4934815093796669,1331,LS8 5BZ,71.0,0.003,False
2387.0,0.4130604965661868,1760,LS8 5BZ,71.0,0.003,False
2388.0,0.4909820048553473,1354,LS8 5DA,69.0,0.005,False
2391.0,0.46224609785399695,1604,LS8 5DA,69.0,0.005,False
2393.0,0.43556964618355243,1722,LS8 5DA,69.0,0.005,False
2394.0,0.4718789058905679,1538,LS8 5DA,69.0,0.005,False
2395.0,0.49553076131169355,1311,LS8 5DA,69.0,0.005,False
2396.0,0.5161387143020346,1092,LS8 5DA,69.0,0.005,False
2398.0,0.4983807362063635,1277,LS8 5DA,69.0,0.005,False
2399.0,0.5227810134943816,1019,LS8 5DA,69.0,0.005,False
2401.0,0.5128573421303833,1124,LS8 5DA,69.0,0.005,False
2402.0,0.5145104333049065,1106,LS8 5DA,69.0,0.005,False
2403.0,0.5240426018411172,1003,LS8 5DA,69.0,0.005,False
2404.0,0.5315698891943534,913,LS8 5DA,69.0,0.005,False
2405.0,0.48422899937252695,1420,LS8 5DA,69.0,0.005,False
2406.0,0.5192765283724686,1054,LS8 5DA,69.0,0.005,False
2407.0,0.5350814905910937,863,LS8 5DA,69.0,0.005,False
2408.0,0.47905389841035273,1475,LS8 5DA,69.0,0.005,False
2409.0,0.4629266789731534,1601,LS9 7AP,44.0,0.008,False
2410.0,0.5716949768088326,432,LS9 7AF,11.0,0.956,False
2412.0,0.5599062901719286,541,LS9 7AG,15.0,0.718,False
2413.0,0.5969174991612523,225,LS9 7AF,11.0,0.956,True
2414.0,0.5473083795584853,699,LS9 7AG,15.0,0.718,False
2415.0,0.6002719658892417,206,LS9 7AG,15.0,0.718,True
2416.0,0.594029975739038,248,LS9 7AF,11.0,0.956,True
2417.0,0.5659829177237425,480,LS9 7AG,15.0,0.718,False
2418.0,0.5398885859372362,794,LS9 7AG,15.0,0.718,False
2421.0,0.5359656280114269,855,LS9 7AG,15.0,0.718,False
2422.0,0.5552580036781558,602,LS9 7AQ,32.0,0.026,False
2424.0,0.5523021098434612,638,LS9 7AG,15.0,0.718,False
2426.0,0.5130220271292503,1122,LS9 7AQ,32.0,0.026,False
2427.0,0.5254877421442853,986,LS9 7AG,15.0,0.718,False
2428.0,0.5658688380500527,482,LS9 7AG,15.0,0.718,False
2429.0,0.5608831806709234,533,LS9 7AG,15.0,0.718,False
2430.0,0.5507059820642215,655,LS9 7AQ,32.0,0.026,False
2431.0,0.5574811322094767,575,LS9 7AG,15.0,0.718,False
2432.0,0.5504192235373102,661,LS9 7AG,15.0,0.718,False
2433.0,0.5310798754683272,917,LS9 7AQ,32.0,0.026,False
2435.0,0.6843862519478998,19,LS9 7AW,42.0,0.008,True
2436.0,0.5266001863835514,971,LS9 7AG,15.0,0.718,False
2437.0,0.49393346203709837,1326,LS9 7AQ,32.0,0.026,False
2439.0,0.5431289362380332,758,LS9 7AQ,32.0,0.026,False
2440.0,0.5015592044831549,1247,LS8 5BY,31.0,0.038,False
2441.0,0.5735230602426091,416,LS8 5BX,35.0,0.021,False
2442.0,0.5074526058538298,1184,LS8 5BX,35.0,0.021,False
2443.0,0.5570970439580787,579,LS8 5BY,31.0,0.038,False
2444.0,0.5426047712999652,764,LS8 5BY,31.0,0.038,False
2445.0,0.5899998551670024,270,LS8 5BX,35.0,0.021,True
2446.0,0.5428707596613396,760,LS8 5BX,35.0,0.021,False
2447.0,0.5783642217366193,373,LS8 5BY,31.0,0.038,False
2449.0,0.5518856819329891,646,LS8 5BX,35.0,0.021,False
2450.0,0.6455210118788763,50,LS8 5BX,35.0,0.021,True
2451.0,0.5956721231776876,232,LS8 5BY,31.0,0.038,True
2452.0,0.5239632036556413,1006,LS8 5BY,31.0,0.038,False
2453.0,0.564298659511391,498,LS8 5BX,35.0,0.021,False
2455.0,0.5810923702649828,347,LS8 5BY,31.0,0.038,True
2456.0,0.5260123017503189,976,LS8 5BY,31.0,0.038,False
2458.0,0.5402126085436627,791,LS8 5BX,35.0,0.021,False
2459.0,0.5801821155403604,356,LS8 5BY,31.0,0.038,True
2460.0,0.5480636480779001,689,LS8 5BY,31.0,0.038,False
2463.0,0.5875596409781563,289,LS8 5BY,31.0,0.038,True
2465.0,0.5788388126479783,369,LS8 5BX,35.0,0.021,False
2466.0,0.5102282530502281,1148,LS8 5BX,35.0,0.021,False
2467.0,0.6008838270211418,200,LS8 5BY,31.0,0.038,True
2469.0,0.720253895637983,9,LS8 5BX,35.0,0.021,True
2470.0,0.5511222676784585,651,LS8 5BX,35.0,0.021,False
2471.0,0.5004998537975263,1254,LS8 5BZ,71.0,0.003,False
2472.0,0.6286985692613922,82,LS8 5BU,57.0,0.008,True
2473.0,0.5104853354310507,1145,LS8 5BU,57.0,0.008,False
2474.0,0.5673319015820586,468,LS8 5BT,22.0,0.105,False
2475.0,0.5156918012084405,1097,LS8 5BT,22.0,0.105,False
2477.0,0.5107801083436924,1142,LS8 5BU,57.0,0.008,False
2479.0,0.5802165523451364,355,LS8 5BU,57.0,0.008,True
2480.0,0.5370474338536531,839,LS8 5BT,22.0,0.105,False
2481.0,0.44628727261266,1690,LS8 5BT,22.0,0.105,False
2482.0,0.5837697305512849,324,LS8 5BU,57.0,0.008,True
2483.0,0.5639661573647328,500,LS8 5BT,22.0,0.105,False
2484.0,0.4710925490045509,1542,LS8 5BT,22.0,0.105,False
2486.0,0.5905214578018055,267,LS8 5BU,57.0,0.008,True
2487.0,0.5861682057603812,299,LS8 5BT,22.0,0.105,True
2488.0,0.5028416291065513,1238,LS8 5BT,22.0,0.105,False
2489.0,0.535993717673548,854,LS8 5BU,57.0,0.008,False
2490.0,0.5844591395248788,317,LS8 5BU,57.0,0.008,True
2491.0,0.5254808765863002,987,LS8 5BT,22.0,0.105,False
2492.0,0.4484781181122692,1678,LS8 5BT,22.0,0.105,False
2493.0,0.532424473433176,901,LS8 5BU,57.0,0.008,False
2495.0,0.5662309378022027,476,LS8 5BT,22.0,0.105,False
2496.0,0.4765932120483768,1496,LS8 5BT,22.0,0.105,False
2497.0,0.5872461230164285,294,LS8 5BU,57.0,0.008,True
2498.0,0.5077495950458264,1182,LS8 5BU,57.0,0.008,False
2500.0,0.4755128790253252,1506,LS8 5BT,22.0,0.105,False
2501.0,0.5660479567525247,479,LS8 5BS,68.0,0.01,False
2504.0,0.6003668149818785,204,LS8 5BT,22.0,0.105,True
2505.0,0.5550309148912141,605,LS8 5BS,68.0,0.01,False
2508.0,0.549130778571877,680,LS8 5BR,41.0,0.02,False
2509.0,0.5797505187926909,361,LS8 5BP,7.0,0.994,False
2510.0,0.4753132072046744,1509,LS8 5BS,68.0,0.01,False
2511.0,0.6375015246982259,63,LS8 5BR,41.0,0.02,True
2514.0,0.554720631200174,608,LS8 5BS,68.0,0.01,False
2515.0,0.49799503668007145,1283,LS8 5BS,68.0,0.01,False
2516.0,0.5492330940661245,678,LS8 5BR,41.0,0.02,False
2518.0,0.5331621086010276,884,LS8 5BP,7.0,0.994,False
2519.0,0.5454523917382101,730,LS8 5BS,68.0,0.01,False
2521.0,0.505407842655293,1207,LS8 5BS,68.0,0.01,False
2523.0,0.6678785113921757,28,LS8 5BR,41.0,0.02,True
2525.0,0.5562335439861785,590,LS8 5BR,41.0,0.02,False
2526.0,0.5943404974465595,241,LS8 5BP,7.0,0.994,True
2527.0,0.47047809734345086,1546,LS8 5BS,68.0,0.01,False
2529.0,0.5506953279693825,656,LS8 5BS,68.0,0.01,False
2530.0,0.5590421626450124,551,LS8 5BR,41.0,0.02,False
2532.0,0.6662580343615027,31,LS8 5BR,41.0,0.02,True
2533.0,0.5553644104726536,600,LS8 5BS,68.0,0.01,False
2535.0,0.5464679382146358,714,LS8 5BS,68.0,0.01,False
2536.0,0.5543687902982577,616,LS8 5BS,68.0,0.01,False
2540.0,0.5470474766290832,704,LS9 7BP,47.0,0.015,False
2543.0,0.504711485287391,1215,LS9 7BP,47.0,0.015,False
2544.0,0.539498680863369,800,LS9 7BP,47.0,0.015,False
2545.0,0.4894566790567273,1380,LS9 7BW,49.0,0.0,False
2546.0,0.5586107243847591,559,LS9 7BY,45.0,0.019,False
2547.0,0.5079775646029042,1177,LS9 7BW,49.0,0.0,False
2548.0,0.5648671965220449,495,LS9 7BP,47.0,0.015,False
2551.0,0.6095980658679448,155,LS9 7AF,11.0,0.956,True
2552.0,0.5987878620005465,211,LS9 7AF,11.0,0.956,True
2555.0,0.5873407540656019,293,LS9 7AF,11.0,0.956,True
2557.0,0.5841875605202084,322,LS9 7AG,15.0,0.718,True
2558.0,0.5760835524776373,393,LS9 7AG,15.0,0.718,False
2559.0,0.5452431989025959,735,LS8 5HT,43.0,0.016,False
2560.0,0.5433446755268904,755,LS8 5BY,31.0,0.038,False
2562.0,0.5898165224077176,273,LS8 5BX,35.0,0.021,True
2563.0,0.5557469494996818,597,LS8 5BX,35.0,0.021,False
2564.0,0.5939784616300527,249,LS8 5BY,31.0,0.038,True
2565.0,0.5385517054784396,815,LS8 5BY,31.0,0.038,False
2566.0,0.5942731497737246,242,LS8 5BX,35.0,0.021,True
2567.0,0.5496213672888658,673,LS8 5HT,43.0,0.016,False
2568.0,0.5675715152975167,467,LS8 5BY,31.0,0.038,False
2570.0,0.5978263206636696,216,LS8 5BX,35.0,0.021,True
2571.0,0.5510732269925678,652,LS8 5HT,43.0,0.016,False
2573.0,0.5452508356573568,733,LS8 5BY,31.0,0.038,False
2574.0,0.5668464087471623,472,LS8 5BX,35.0,0.021,False
2575.0,0.5270477921738126,964,LS8 5HT,43.0,0.016,False
2576.0,0.5760610238295405,394,LS8 5BY,31.0,0.038,False
2577.0,0.5435686806322244,752,LS8 5BY,31.0,0.038,False
2580.0,0.5783065849223268,374,LS8 5BY,31.0,0.038,False
2582.0,0.5978089588115283,217,LS8 5BX,35.0,0.021,True
2583.0,0.522672835809111,1020,LS8 5BX,35.0,0.021,False
2586.0,0.5776836760824466,380,LS8 5BX,35.0,0.021,False
2588.0,0.5548546660527309,607,LS8 5BY,31.0,0.038,False
2589.0,0.5215399629347062,1038,LS8 5BY,31.0,0.038,False
2592.0,0.5582475003745337,563,LS8 5BY,31.0,0.038,False
2594.0,0.5607838500494053,535,LS8 5BU,57.0,0.008,False
2597.0,0.5587515142286208,557,LS8 5BT,22.0,0.105,False
2598.0,0.5766339314610012,389,LS8 5BU,57.0,0.008,False
2599.0,0.5290337244269578,942,LS8 5BU,57.0,0.008,False
2601.0,0.5327087750519478,895,LS8 5BT,22.0,0.105,False
2602.0,0.5307507213025481,922,LS8 5BX,35.0,0.021,False
2603.0,0.5286573362758944,946,LS8 5BU,57.0,0.008,False
2604.0,0.4759289968995468,1503,LS8 5BT,22.0,0.105,False
2605.0,0.5526975619409064,634,LS8 5BT,22.0,0.105,False
2606.0,0.5967969930983744,226,LS8 5BU,57.0,0.008,True
2608.0,0.513737403446403,1114,LS8 5BT,22.0,0.105,False
2609.0,0.5327306656357318,894,LS8 5BT,22.0,0.105,False
2610.0,0.5323620426220438,902,LS8 5BX,35.0,0.021,False
2611.0,0.5882597215159142,281,LS8 5BU,57.0,0.008,True
2612.0,0.5304157674981528,923,LS8 5BU,57.0,0.008,False
2613.0,0.5686980512993316,456,LS8 5BT,22.0,0.105,False
2614.0,0.4949853328686903,1319,LS8 5BT,22.0,0.105,False
2615.0,0.5054323458578707,1206,LS8 5BX,35.0,0.021,False
2616.0,0.5615562818565828,527,LS8 5BU,57.0,0.008,False
2617.0,0.5139278601079234,1112,LS8 5BU,57.0,0.008,False
2618.0,0.5720548568038482,430,LS8 5BT,22.0,0.105,False
2619.0,0.4905449533807783,1360,LS8 5BT,22.0,0.105,False
2620.0,0.5900095289233955,269,LS8 5BU,57.0,0.008,True
2622.0,0.5295661726036036,933,LS8 5BT,22.0,0.105,False
2624.0,0.5911268778549983,263,LS8 5BU,57.0,0.008,True
2625.0,0.5114562541904746,1137,LS8 5BU,57.0,0.008,False
2626.0,0.5478643309507513,692,LS8 5BT,22.0,0.105,False
2627.0,0.5426030728613116,765,LS8 5BS,68.0,0.01,False
2628.0,0.5590033527544204,553,LS8 5BR,41.0,0.02,False
2629.0,0.532209515092031,905,LS8 5BS,68.0,0.01,False
2630.0,0.47223249708379633,1536,LS8 5BS,68.0,0.01,False
2631.0,0.6361432745007243,67,LS8 5BR,41.0,0.02,True
2632.0,0.529531873333989,934,LS8 5BP,7.0,0.994,False
2633.0,0.5055346235700838,1205,LS8 5BS,68.0,0.01,False
2634.0,0.4567359701648536,1636,LS8 5BS,68.0,0.01,False
2635.0,0.5940364890492177,247,LS8 5BR,41.0,0.02,True
2636.0,0.5199235566751472,1047,LS8 5BR,41.0,0.02,False
2637.0,0.5730457721494548,420,LS8 5BP,7.0,0.994,False
2639.0,0.510114251242207,1151,LS8 5BS,68.0,0.01,False
2640.0,0.5393804358541413,803,LS8 5BR,41.0,0.02,False
2641.0,0.571385298389528,437,LS8 5BP,7.0,0.994,False
2642.0,0.5825698212970573,335,LS8 5BS,68.0,0.01,True
2643.0,0.4960866185158366,1306,LS8 5BS,68.0,0.01,False
2644.0,0.5933003631399641,253,LS8 5BR,41.0,0.02,True
2645.0,0.5333631670263467,882,LS8 5BR,41.0,0.02,False
2646.0,0.5519528576618961,645,LS8 5BP,7.0,0.994,False
2648.0,0.497181266563555,1290,LS8 5BS,68.0,0.01,False
2649.0,0.5568003121756633,584,LS8 5BR,41.0,0.02,False
2651.0,0.5951125918040495,237,LS8 5BP,7.0,0.994,True
2652.0,0.5869701631542871,295,LS8 5BS,68.0,0.01,True
2655.0,0.54665516797929,711,LS8 5BR,41.0,0.02,False
2656.0,0.5880943949947857,283,LS8 5BP,7.0,0.994,True
2658.0,0.5746906809174914,408,LS9 7AF,11.0,0.956,False
2660.0,0.5252606320701942,990,LS8 5BU,57.0,0.008,False
2661.0,0.5689884771567839,455,LS8 5BX,35.0,0.021,False
2662.0,0.5621920184633715,517,LS8 5BT,22.0,0.105,False
2663.0,0.5365293318534444,847,LS8 5HX,33.0,0.031,False
2667.0,0.5753392109192892,401,LS8 5BU,57.0,0.008,False
2668.0,0.5232031247608375,1014,LS8 5HT,43.0,0.016,False
2669.0,0.5589857284992965,554,LS8 5BY,31.0,0.038,False
2670.0,0.5386540339733055,814,LS8 5BY,31.0,0.038,False
2672.0,0.5877313720556965,286,LS8 5BX,35.0,0.021,True
2673.0,0.5203451977604111,1043,LS8 5BT,22.0,0.105,False
2674.0,0.5331749559277701,883,LS8 5HX,33.0,0.031,False
2675.0,0.6146764058208413,129,LS8 5HT,43.0,0.016,True
2676.0,0.519051208860136,1055,LS8 5BX,35.0,0.021,False
2677.0,0.6064587985893031,168,LS8 5BU,57.0,0.008,True
2678.0,0.5398738414995856,795,LS8 5HT,43.0,0.016,False
2679.0,0.5742797037142138,410,LS8 5BY,31.0,0.038,False
2680.0,0.5254983768622647,985,LS8 5BU,57.0,0.008,False
2681.0,0.5374863930806444,831,LS8 5BY,31.0,0.038,False
2682.0,0.5438755144670179,746,LS8 5BT,22.0,0.105,False
2683.0,0.6019738268832345,193,LS8 5BX,35.0,0.021,True
2685.0,0.5135284432499022,1117,LS8 5BX,35.0,0.021,False
2686.0,0.6251069443283351,90,LS8 5BU,57.0,0.008,True
2687.0,0.5438811499969471,745,LS8 5BY,31.0,0.038,False
2688.0,0.5035123167075278,1232,LS8 5BU,57.0,0.008,False
2689.0,0.5242815767756448,998,LS8 5BY,31.0,0.038,False
2690.0,0.5486787661993033,686,LS8 5BT,22.0,0.105,False
2691.0,0.6103322913408067,150,LS8 5BX,35.0,0.021,True
2692.0,0.5392972938563092,804,LS8 5BR,41.0,0.02,False
2693.0,0.6010064717862311,199,LS8 5BR,41.0,0.02,True
2694.0,0.47541809337511554,1508,LS8 5HS,62.0,0.004,False
2697.0,0.5028667337450488,1237,LS8 5BY,31.0,0.038,False
2704.0,0.5995255824306368,208,LS8 5HT,43.0,0.016,True
2705.0,0.5694327291231221,452,LS8 5HT,43.0,0.016,False
2708.0,0.5284325554212577,949,LS8 5BY,31.0,0.038,False
2711.0,0.5345798247537004,868,LS8 5HX,33.0,0.031,False
2712.0,0.5908651952063209,264,LS8 5HT,43.0,0.016,True
2713.0,0.5128033946413277,1126,LS8 5BU,57.0,0.008,False
2714.0,0.5606695488204846,536,LS8 5HT,43.0,0.016,False
2716.0,0.4722040759195592,1537,LS8 5BS,68.0,0.01,False
2718.0,0.4842539180920039,1419,LS8 5BS,68.0,0.01,False
2721.0,0.555510384146042,598,LS8 5BS,68.0,0.01,False
2723.0,0.48281375575286234,1434,LS8 5BT,22.0,0.105,False
2725.0,0.47491860419159354,1512,LS9 7BY,45.0,0.019,False
2726.0,0.5778444790479732,377,LS9 7BZ,23.0,0.089,False
