postcode,C1_energy_intensity,C2_carbon_abatement,C3_fuel_poverty,C4_income_deprivation,C5_cost_effectiveness,C6_stock_homogeneity,C7_form_factor,C8_pv_area_dw
LS8 3PD,169.47089147568119,0.8343276968765395,23.39181286549708,0.735,0.28579347670724764,54.83870967741935,2.47739644086286,22.587370913567828
LS8 3PE,196.3207921879161,1.2781810668766307,23.39181286549708,0.735,0.33150914984979307,81.25,2.47739644086286,25.07939292209993
LS8 3QH,165.65060199749095,1.1365400610045846,23.39181286549708,0.735,0.34454592514915094,68.18181818181817,1.7826643835757086,22.52466672135002
LS8 3QJ,175.68971593488362,1.5671279544123917,25.870646766169152,0.751,0.30378057001418324,89.28571428571429,1.3621989024189658,16.988321689638262
LS8 3QL,172.1538796873636,1.5694914512011269,23.39181286549708,0.735,0.34018181149672816,50.0,1.319926971508987,18.33318959560337
LS8 3QN,153.16742151235545,1.63930834073309,25.870646766169152,0.751,0.31576588272877515,93.75,1.2839762254029523,23.074099678796077
LS8 3QP,171.6923723676676,1.7479922789759248,23.39181286549708,0.735,0.3472639029515597,85.71428571428571,1.3614924419899634,23.233936279453253
LS8 3QR,161.9824834964767,1.3987856465456543,23.39181286549708,0.735,0.30178050695401415,96.55172413793105,1.4122408391413188,22.83250036391309
LS8 3QS,192.57428025387657,1.444847626646017,23.39181286549708,0.735,0.2936218147588619,84.78260869565217,1.3606575691877272,10.395932560083828
LS8 3QT,193.76565741627152,1.5207706568430472,23.39181286549708,0.735,0.3864794972565245,46.66666666666666,1.49190241676053,13.847251465368586
LS8 3QU,188.4634592698274,1.7555091011085575,23.39181286549708,0.735,0.35473228284633074,90.47619047619048,1.261551494796593,12.448398227279608
LS8 3QW,158.78425080521808,1.5839481123877979,25.870646766169152,0.751,0.29697005193398773,89.47368421052632,1.3532854841517232,22.98821885516423
LS8 3QX,153.99421798714678,1.813589491003818,23.39181286549708,0.735,0.3626837682758257,88.09523809523809,1.3643993343827543,25.125786901075045
LS8 3RA,157.8776526304396,1.7322359054748702,23.39181286549708,0.735,0.3459324531609728,62.5,1.5441547311138,25.125786901075045
LS8 3RG,178.96359434459524,0.9860395048217583,25.870646766169152,0.751,0.39836467743548465,80.0,2.435390030500462,22.035586219252085
LS8 3RH,184.00142050047336,1.5333020284492607,25.870646766169152,0.751,0.33795609052754777,55.88235294117647,1.5761033815986198,24.158978213335104
LS8 3RJ,193.73362144473074,1.3739262378373265,25.870646766169152,0.751,0.2947804615016697,72.0,1.4803742952922516,23.54353816191449
LS8 3RL,177.84622914572915,1.5347810921258078,25.870646766169152,0.751,0.3004116439385869,50.0,1.53416330055361,12.522348933612983
LS8 3RN,174.65676004355117,1.4146311461853405,25.870646766169152,0.751,0.2922251765980998,46.15384615384615,1.4710606047763868,23.302795249587216
LS8 3RQ,158.4712056541147,1.5819711482930514,25.870646766169152,0.751,0.3127425375530221,92.3076923076923,1.3042908153191874,22.083439607806596
LS8 3RW,195.6742530840909,1.499888733092632,25.870646766169152,0.751,0.3064759668171484,77.77777777777779,1.2816718820671724,19.3085890511132
LS8 5BP,204.22267197058895,1.7489603049673172,29.26490984743412,0.78,0.3590602983567948,70.58823529411765,1.3841546702931522,24.680158759460365
LS8 5BR,206.83245686233974,1.6729877881176254,29.26490984743412,0.78,0.32679666225788,83.33333333333334,1.3314725959859777,12.141812005689758
LS8 5BS,219.65833223330466,1.4162104745599597,29.26490984743412,0.78,0.34149162528374877,60.0,1.504523328615094,11.100559452569929
LS8 5BT,186.56068742286269,1.4879933118172053,29.21511627906977,0.706,0.30402916328954094,75.0,1.4400521114555624,23.270399015174263
LS8 5BU,190.84110220784905,1.4223391396003355,29.21511627906977,0.706,0.30251782779529995,87.5,1.400673197333746,12.332485221571876
LS8 5BX,192.77384955517067,1.5506251429703128,29.21511627906977,0.706,0.28925047826363404,89.74358974358975,1.3440559892082404,16.965508918413352
LS8 5BY,180.54993862819697,1.448923471187623,29.21511627906977,0.706,0.29703670926999337,87.8048780487805,1.3562400513083253,19.66787100106801
LS8 5BZ,185.79238466894543,1.3268384415270738,29.21511627906977,0.706,0.3047093010098208,53.57142857142857,1.3624179524351627,17.259699677593083
LS8 5DA,179.11542104866132,1.4913166769861432,29.21511627906977,0.706,0.2968387473765119,71.7948717948718,1.271824107766219,14.118410996753298
LS8 5DB,191.1793813579433,1.6043449962176493,29.21511627906977,0.706,0.31706510584479825,77.41935483870968,1.337256373321314,17.462456052032824
LS8 5DD,181.86528341618555,1.667863301100683,29.21511627906977,0.706,0.32349785220352884,80.76923076923077,1.2649172642099726,16.401208455218228
LS8 5DF,178.5519324036573,1.6252247433378588,29.21511627906977,0.706,0.3435901721864554,89.65517241379311,1.261551494796593,15.648774517075658
LS8 5DG,183.70548050333696,1.5011769353691446,25.870646766169152,0.751,0.3065313802498985,65.625,1.3873196726206083,22.68893520909145
LS8 5DH,165.34062470867806,1.7322227684166067,25.870646766169152,0.751,0.37311809991827377,88.23529411764706,1.2747232666028658,8.591348976560578
LS8 5DQ,188.87719984934984,1.3905181781053206,23.39181286549708,0.735,0.2747862964994578,68.75,1.314139189593296,12.771937431537005
LS8 5HS,171.02244593763203,0.5685891987822107,29.21511627906977,0.706,0.2434704178598582,53.84615384615385,2.47739644086286,11.23773919505324
LS8 5HT,187.50433015388415,1.482640181511543,29.21511627906977,0.706,0.31343359816555283,89.74358974358975,1.3627697546663562,13.361606339277971
LS8 5HX,192.37702135910277,1.592961179594229,29.21511627906977,0.706,0.30421368676665284,90.2439024390244,1.3197695096765514,16.927224041881274
LS8 5HY,189.15402327811128,1.6318422085174062,29.21511627906977,0.706,0.30957618779137613,83.33333333333334,1.269978218429293,17.444666932529444
LS8 5HZ,192.72267276009188,1.4786284376380747,29.21511627906977,0.706,0.3097671463525219,86.66666666666667,1.3759992679894095,7.118495973334167
LS8 5JA,199.33057366723878,1.5434037090605457,29.21511627906977,0.706,0.33339412977045746,77.77777777777779,1.4007869892965856,21.75945354981258
LS8 5JE,197.77303947862484,1.4107514075497478,29.21511627906977,0.706,0.26692519647477436,81.81818181818183,1.361845219558142,21.972010037898464
LS8 5JF,171.69427064102484,1.4112223117794267,29.21511627906977,0.706,0.3447295060381735,44.73684210526316,1.3666521018453914,21.336703694570534
LS9 6AA,194.11975847117634,1.0411997945847378,29.26490984743412,0.78,0.4580295389203868,80.0,2.1083992944412424,18.890430010898484
LS9 6AB,169.91346411078865,1.7201473553907458,25.870646766169152,0.751,0.39667906122505575,44.0,1.3828741800133597,25.125786901075045
LS9 6AE,194.2516824566381,1.5071521760120148,29.26490984743412,0.78,0.36372077200008707,85.71428571428571,1.4047316910244003,18.76692487990608
LS9 6AF,165.43620649099304,1.7624428150094218,25.870646766169152,0.751,0.33941953238292355,53.125,1.3260577608652726,21.930878713072023
LS9 6AG,164.11165100451623,1.5497527596416594,25.870646766169152,0.751,0.34095213622457693,84.0,1.261551494796593,9.758413012791436
LS9 6AJ,186.29371868984057,1.6173873546245912,25.870646766169152,0.751,0.32509953182573825,84.61538461538461,1.428003103327869,23.46699870873299
LS9 6AL,195.05833134154713,1.7009817170518753,25.870646766169152,0.751,0.3497890898809524,80.76923076923077,1.3761982264927928,9.68394241043308
LS9 6AN,197.44966281274768,1.8059538593134672,25.870646766169152,0.751,0.3595576344089484,74.07407407407408,1.4496180416937765,7.118495973334167
LS9 6AQ,179.06295144906466,1.5470626596765849,25.870646766169152,0.751,0.2626545327705956,72.22222222222221,1.4474787004678942,7.118495973334167
LS9 6AY,203.8634659534939,1.6622986872348013,29.26490984743412,0.78,0.3844677829674299,82.14285714285714,1.3813974165019027,17.969305830533667
LS9 6AZ,209.8307710442998,1.4556982712077768,29.26490984743412,0.78,0.32959967248245337,82.05128205128204,1.3379716506562702,15.7371362836178
LS9 6BA,194.1722978345251,1.5810311245951547,29.26490984743412,0.78,0.33724015786205774,87.17948717948718,1.3745730768586453,16.725363059387234
LS9 6BD,191.65669966723797,1.6939097182708378,29.26490984743412,0.78,0.37900459442822915,48.57142857142857,1.5088593084337865,23.74181427243448
LS9 6BE,189.6621969046779,1.4523120541480172,29.26490984743412,0.78,0.37171308531048675,42.85714285714285,1.4337419949124115,7.212718094091086
LS9 6BG,207.09952018063504,1.4865509032682118,29.26490984743412,0.78,0.2960161740332231,88.0,1.356543997599824,7.118495973334167
LS9 6BH,189.85221754792943,1.8649184947282127,29.26490984743412,0.78,0.4031933610608705,96.29629629629628,1.4709743830339403,17.0711880714711
LS9 6BJ,195.25490119457208,1.756276249356404,29.26490984743412,0.78,0.39394530245167647,93.33333333333331,1.5146284825550425,17.48288339349402
LS9 6BQ,221.09904501858284,1.5944279485882689,29.26490984743412,0.78,0.30949979760929563,78.57142857142857,1.3334526346344395,25.125786901075045
LS9 7AF,185.82079692095488,1.588185691804488,29.26490984743412,0.78,0.3486790847091326,83.33333333333334,1.396803639201983,22.68768726496171
LS9 7AG,192.35098950994077,1.5268150998209675,29.26490984743412,0.78,0.3210694892606999,68.42105263157895,1.882677806944928,22.662516924828022
LS9 7AL,206.94536286331407,1.495008839533328,29.21511627906977,0.706,0.34130141050800245,76.19047619047619,1.4686415123197982,15.47826668455838
LS9 7AN,182.26608506825272,1.492364430807175,29.21511627906977,0.706,0.27804022299994136,60.86956521739131,1.2989152745512584,15.47826668455838
LS9 7AP,233.00778654871417,0.7285766278124588,29.26490984743412,0.78,0.27243742564001006,46.66666666666666,2.2434718458025165,16.86232371957307
LS9 7AQ,159.374687866183,1.6914060008683214,29.21511627906977,0.706,0.316385742544266,77.77777777777779,1.497978852016156,20.66894996440928
LS9 7AT,297.98486813134366,1.9599183280585122,29.26490984743412,0.78,0.4379087898899207,50.0,2.47739644086286,17.52563638726928
LS9 7AU,198.7684420123767,1.6014786290590857,29.21511627906977,0.706,0.3046528591819312,70.58823529411765,1.3352500607119135,18.344484267463656
LS9 7AW,193.65747021794044,1.7324557159503091,29.21511627906977,0.706,0.3476700887765414,60.0,1.261551494796593,20.68316895987477
LS9 7AY,190.50981985759802,1.6615534646365928,29.21511627906977,0.706,0.34282703808822335,75.0,1.3044129224877072,17.21038291223541
LS9 7AZ,221.37080673594346,1.7225825531913526,29.26490984743412,0.78,0.37591910499124315,76.19047619047619,1.261551494796593,16.400818276677583
LS9 7BA,233.9595743488377,1.5959255863470632,29.26490984743412,0.78,0.3661609768065468,52.38095238095239,1.5632699750086871,9.543469914647122
LS9 7BB,221.83988464050756,1.6012985365026655,29.26490984743412,0.78,0.3813959615039282,46.42857142857143,1.87487709797001,15.854538606057488
LS9 7BJ,160.9203331666693,0.4169567772374489,29.26490984743412,0.78,0.2780063422142145,45.45454545454545,2.47739644086286,25.125786901075045
LS9 7BN,204.16075435165362,1.9644027763429404,29.26490984743412,0.78,0.390021248886975,42.85714285714285,1.4255012308010984,25.058267934526285
LS9 7BP,216.78492834341594,1.3933310237713483,29.26490984743412,0.78,0.29489604135851777,75.0,1.4256217115205287,16.44577230277268
LS9 7BW,226.97305988665266,2.132359368941028,29.26490984743412,0.78,0.43652176378275936,46.15384615384615,1.3408876599010249,7.118495973334167
LS9 7BY,246.8750284847576,1.9153907774478216,29.26490984743412,0.78,0.36526871464947736,46.42857142857143,1.434458606779137,15.74996837491588
LS9 7BZ,229.3596276554128,1.7515954863045216,29.26490984743412,0.78,0.34938377019702155,64.0,1.484783737113312,21.217833925431293
