postcode,objective,equal
LS8 3PD,0.034,0.007
LS8 3PE,1.0,0.092
LS8 3QH,0.009,0.0
LS8 3QJ,0.01,0.008
LS8 3QL,0.0,0.005
LS8 3QN,0.902,0.024
LS8 3QP,0.098,0.015
LS8 3QR,0.906,0.011
LS8 3QS,0.002,0.006
LS8 3QT,0.0,0.005
LS8 3QU,0.011,0.019
LS8 3QW,0.207,0.016
LS8 3QX,0.988,0.028
LS8 3RA,0.072,0.013
LS8 3RG,0.993,0.07
LS8 3RH,0.025,0.007
LS8 3RJ,0.016,0.005
LS8 3RL,0.0,0.003
LS8 3RN,0.007,0.004
LS8 3RQ,0.183,0.02
LS8 3RW,0.011,0.01
LS8 5BP,0.995,0.962
LS8 5BR,0.021,0.195
LS8 5BS,0.007,0.06
LS8 5BT,0.099,0.022
LS8 5BU,0.012,0.019
LS8 5BX,0.032,0.022
LS8 5BY,0.03,0.009
LS8 5BZ,0.005,0.01
LS8 5DA,0.004,0.009
LS8 5DB,0.017,0.026
LS8 5DD,0.007,0.015
LS8 5DF,0.027,0.024
LS8 5DG,0.012,0.009
LS8 5DH,0.009,0.012
LS8 5DQ,0.0,0.007
LS8 5HS,0.004,0.007
LS8 5HT,0.014,0.013
LS8 5HX,0.033,0.019
LS8 5HY,0.017,0.02
LS8 5HZ,0.005,0.01
LS8 5JA,0.04,0.026
LS8 5JE,0.046,0.031
LS8 5JF,0.019,0.019
LS9 6AA,0.596,0.96
LS9 6AB,0.078,0.029
LS9 6AE,0.105,0.729
LS9 6AF,0.012,0.009
LS9 6AG,0.003,0.01
LS9 6AJ,0.18,0.026
LS9 6AL,0.002,0.017
LS9 6AN,0.0,0.017
LS9 6AQ,0.0,0.005
LS9 6AY,0.071,0.637
LS9 6AZ,0.023,0.233
LS9 6BA,0.054,0.61
LS9 6BD,0.26,0.697
LS9 6BE,0.001,0.035
LS9 6BG,0.008,0.163
LS9 6BH,0.979,0.99
LS9 6BJ,0.86,0.966
LS9 6BQ,1.0,0.988
LS9 7AF,0.966,0.935
LS9 7AG,0.743,0.889
LS9 7AL,0.014,0.022
LS9 7AN,0.005,0.014
LS9 7AP,0.006,0.299
LS9 7AQ,0.027,0.022
LS9 7AT,0.922,0.999
LS9 7AU,0.008,0.016
LS9 7AW,0.021,0.026
LS9 7AY,0.015,0.019
LS9 7AZ,0.03,0.319
LS9 7BA,0.002,0.087
LS9 7BB,0.018,0.209
LS9 7BJ,1.0,1.0
LS9 7BN,0.944,0.933
LS9 7BP,0.007,0.136
LS9 7BW,0.001,0.219
LS9 7BY,0.017,0.251
LS9 7BZ,0.093,0.57
