msoa21cd,msoa21nm,n_lsoa,mean_Ptop20,lsoa_Ptop20_gt50,hh_spaces,epc_dw,epc_le2024,epc_uprn_xy,epc_in_lidar,pct_flat,postcodes_live,pc_gas,pc_elec,pc_both,gas_meters,elec_meters,footprints,fp_in_lidar,fp_area_m2,area_km2,lidar_km2,pct_area_lidar,pct_epc_lidar,pct_fp_lidar,epc_cov_pct,pc_both_pct
E02002330,Leeds 001,5,0.01,0,3033,1890,1890,1827,0,0.067,171,154,154,153,3043,3092,2396,0,349558.729,3.461,0.0,0.0,0.0,0.0,62.315,89.474
E02002331,Leeds 002,4,0.0,0,3077,2485,2485,2467,0,0.266,296,158,156,142,2951,3216,2211,0,752660.54,21.888,0.0,0.0,0.0,0.0,80.76,47.973
E02002332,Leeds 003,4,0.002,0,2881,1959,1959,1889,0,0.187,121,101,103,101,2768,2885,1392,0,240805.787,2.811,0.0,0.0,0.0,0.0,67.997,83.471
E02002333,Leeds 004,5,0.001,0,3727,2579,2579,2566,0,0.242,278,167,184,164,3411,3696,1620,0,379758.501,9.003,0.0,0.0,0.0,0.0,69.198,58.993
E02002334,Leeds 005,5,0.002,0,3336,2287,2287,2265,0,0.118,272,192,204,191,3247,3299,2582,0,478010.978,25.167,0.0,0.0,0.0,0.0,68.555,70.221
E02002335,Leeds 006,5,0.042,0,3138,2065,2065,2050,0,0.08,265,172,189,168,2820,3015,3514,0,645341.813,51.615,0.0,0.0,0.0,0.0,65.806,63.396
E02002336,Leeds 007,4,0.074,0,2897,2137,2137,2124,0,0.078,295,172,187,169,2715,2920,3039,0,731161.562,28.99,0.0,0.0,0.0,0.0,73.766,57.288
E02002337,Leeds 008,4,0.108,0,3242,2203,2203,2182,0,0.208,217,161,176,158,2836,3100,2061,0,379366.094,14.945,0.0,0.0,0.0,0.0,67.952,72.811
E02002338,Leeds 009,4,0.0,0,3088,2236,2236,2175,0,0.202,192,161,158,155,3052,3053,1538,0,326536.297,2.151,0.0,0.0,0.0,0.0,72.409,80.729
E02002339,Leeds 010,4,0.0,0,2632,1950,1950,1948,0,0.321,146,102,96,93,2509,2611,994,0,201753.586,1.397,0.0,0.0,0.0,0.0,74.088,63.699
E02002340,Leeds 011,4,0.001,0,2743,1915,1915,1903,0,0.206,138,113,117,110,2546,2743,1383,0,241465.679,2.204,0.0,0.0,0.0,0.0,69.814,79.71
E02002341,Leeds 012,5,0.008,0,2992,1950,1950,1940,0,0.216,242,185,189,184,2885,2987,2266,0,439426.921,13.636,0.0,0.0,0.0,0.0,65.174,76.033
E02002342,Leeds 013,4,0.016,0,2730,1891,1891,1888,0,0.172,119,107,108,107,2716,2783,1551,0,235404.453,2.864,0.0,0.0,0.0,0.0,69.267,89.916
E02002343,Leeds 014,4,0.002,0,2523,1669,1669,1661,0,0.084,162,130,131,129,2450,2459,1334,0,242398.504,2.868,0.0,0.0,0.0,0.0,66.151,79.63
E02002344,Leeds 015,5,0.003,0,3458,2464,2464,2463,0,0.387,207,156,165,154,3089,3531,1765,0,281667.031,1.684,0.0,0.0,0.0,0.0,71.255,74.396
E02002345,Leeds 016,4,0.009,0,2520,1795,1795,1793,0,0.194,195,155,160,154,2551,2549,1914,0,326488.176,5.113,0.0,0.0,0.0,0.0,71.23,78.974
E02002346,Leeds 017,4,0.002,0,2792,1978,1978,1961,0,0.266,120,108,110,108,2698,2787,1254,0,183831.551,1.389,0.0,0.0,0.0,0.0,70.845,90.0
E02002347,Leeds 018,4,0.143,1,2753,2138,2138,2135,0,0.353,146,125,132,123,2424,2680,1260,0,203632.827,1.909,0.0,0.0,0.0,0.0,77.661,84.247
E02002348,Leeds 019,4,0.052,0,2863,2369,2369,2363,0,0.28,183,138,141,137,2917,3068,1577,0,255749.315,2.39,0.0,0.0,0.0,0.0,82.745,74.863
E02002349,Leeds 020,4,0.0,0,2599,2055,2055,2007,0,0.473,151,114,123,113,2267,2639,1358,0,244278.444,4.606,0.0,0.0,0.0,0.0,79.069,74.834
E02002350,Leeds 021,4,0.009,0,2529,1587,1587,1579,0,0.165,165,114,121,112,2398,2494,1654,0,330339.863,3.958,0.0,0.0,0.0,0.0,62.752,67.879
E02002351,Leeds 022,4,0.006,0,2353,1434,1434,1426,0,0.02,202,127,132,123,2177,2255,2101,0,366466.116,16.858,0.0,0.0,0.0,0.0,60.943,60.891
E02002352,Leeds 023,5,0.052,0,3221,2306,2306,2286,0,0.394,187,159,167,156,3018,3205,1786,0,284653.235,1.631,0.0,0.0,0.0,0.0,71.593,83.422
E02002353,Leeds 024,4,0.197,1,2318,1516,1516,1508,0,0.144,117,106,109,106,2205,2292,1289,0,218693.97,1.247,0.0,0.0,0.0,0.0,65.401,90.598
E02002354,Leeds 025,5,0.192,1,3319,2462,2462,2453,0,0.337,159,131,144,131,2949,3462,1749,0,274053.277,2.051,0.0,0.0,0.0,0.0,74.179,82.39
E02002356,Leeds 027,5,0.008,0,3821,2805,2805,2790,0,0.165,276,195,197,188,3590,3740,2237,0,415765.9,5.785,0.0,0.0,0.0,0.0,73.41,68.116
E02002357,Leeds 028,5,0.002,0,3744,2688,2688,2678,0,0.29,182,146,151,144,3367,3704,1612,0,254207.437,1.795,0.0,0.0,0.0,0.0,71.795,79.121
E02002358,Leeds 029,5,0.002,0,3631,2576,2576,2574,0,0.134,226,164,164,161,3566,3736,1684,0,385313.642,3.032,0.0,0.0,0.0,0.0,70.945,71.239
E02002359,Leeds 030,4,0.002,0,2881,1924,1924,1914,0,0.068,259,163,172,161,2806,2911,2649,0,502050.859,45.337,0.0,0.0,0.0,0.0,66.782,62.162
E02002360,Leeds 031,4,0.0,0,3067,2232,2232,2222,0,0.246,146,120,129,118,2695,2959,1288,0,206753.485,1.502,0.0,0.0,0.0,0.0,72.775,80.822
E02002361,Leeds 032,4,0.007,0,2480,1754,1754,1715,0,0.342,121,102,106,100,2257,2469,1234,0,218370.837,2.016,0.0,0.0,0.0,0.0,70.726,82.645
E02002362,Leeds 033,5,0.213,1,3593,2751,2751,2742,0,0.338,153,131,137,129,3312,3706,1600,0,245275.612,2.534,0.0,0.0,0.0,0.0,76.566,84.314
E02002363,Leeds 034,4,0.001,0,3395,2629,2629,2574,0,0.368,181,154,157,152,3316,3471,1170,0,244147.244,1.415,0.0,0.0,0.0,0.0,77.437,83.978
E02002364,Leeds 035,4,0.972,4,2782,2282,2282,2262,0,0.352,128,102,109,101,2384,2746,1080,0,206462.468,1.529,0.0,0.0,0.0,0.0,82.027,78.906
E02002366,Leeds 037,5,0.4,2,2961,2111,2111,2098,0,0.282,141,121,127,120,2714,2935,1660,0,259704.226,2.311,0.0,0.0,0.0,0.0,71.293,85.106
E02002367,Leeds 038,4,0.282,1,2689,2181,2181,2152,0,0.277,127,106,109,105,2572,2895,1067,0,197753.094,1.806,0.0,0.0,0.0,0.0,81.108,82.677
E02002368,Leeds 039,5,0.002,0,3716,2536,2536,2520,0,0.162,215,163,168,160,3573,3644,2079,0,369536.434,7.962,0.0,0.0,0.0,0.0,68.245,74.419
E02002369,Leeds 040,5,0.577,3,3231,2951,2951,2936,0,0.246,175,148,154,146,3139,3476,1718,0,215439.642,1.669,0.0,0.0,0.0,0.0,91.334,83.429
E02002370,Leeds 041,4,0.197,1,3076,2427,2427,2414,0,0.194,164,142,147,141,2666,3148,960,0,166560.893,1.948,0.0,0.0,0.0,0.0,78.901,85.976
E02002371,Leeds 042,5,0.401,2,4383,3491,3491,3414,0,0.421,185,151,157,148,3844,4429,1135,0,304383.955,1.747,0.0,0.0,0.0,0.0,79.649,80.0
E02002373,Leeds 044,5,0.41,2,2938,2780,2780,2659,0,0.399,142,105,110,103,2505,2762,701,0,192434.945,0.845,0.0,0.0,0.0,0.0,94.622,72.535
E02002374,Leeds 045,4,0.007,0,3132,2662,2662,2634,0,0.406,172,130,136,125,2737,3182,1025,0,205909.04,1.69,0.0,0.0,0.0,0.0,84.994,72.674
E02002375,Leeds 046,4,0.649,3,2621,2001,2001,2000,0,0.234,126,103,105,102,2546,2616,1148,0,160334.89,2.492,0.0,0.0,0.0,0.0,76.345,80.952
E02002376,Leeds 047,4,0.95,4,2591,2031,2031,2003,0,0.179,107,100,103,99,2458,2579,1236,0,168245.352,1.147,0.0,0.0,0.0,0.0,78.387,92.523
E02002377,Leeds 048,4,1.0,4,2431,2367,2367,2290,0,0.324,131,104,109,102,2309,2579,311,0,126560.166,0.494,0.0,0.0,0.0,0.0,97.367,77.863
E02002379,Leeds 050,4,0.532,2,2356,1973,1973,1910,0,0.172,142,114,118,113,2369,2503,1088,0,150533.933,1.208,0.0,0.0,0.0,0.0,83.744,79.577
E02002380,Leeds 051,4,0.002,0,2527,1667,1667,1663,0,0.149,143,127,128,127,2427,2510,1105,0,162622.942,1.351,0.0,0.0,0.0,0.0,65.968,88.811
E02002381,Leeds 052,4,0.0,0,3015,2214,2214,2204,0,0.267,171,126,134,125,2756,2949,1128,0,219457.265,2.046,0.0,0.0,0.0,0.0,73.433,73.099
E02002382,Leeds 053,4,1.0,4,2405,2365,2365,2339,0,0.094,104,89,90,89,2384,2424,230,0,137080.01,0.486,0.0,0.0,0.0,0.0,98.337,85.577
E02002383,Leeds 054,5,0.971,5,2510,2419,2419,2366,0,0.244,113,103,106,103,2357,2455,283,0,99188.247,0.345,0.0,0.0,0.0,0.0,96.375,91.15
E02002384,Leeds 055,6,0.122,1,4517,5148,5148,5044,0,0.754,292,111,153,103,2373,4631,783,0,355110.723,1.92,0.0,0.0,0.0,0.0,113.969,35.274
E02002385,Leeds 056,5,0.335,1,3699,3328,3328,3296,0,0.246,179,135,140,131,3247,3653,607,0,235839.522,1.341,0.0,0.0,0.0,0.0,89.97,73.184
E02002386,Leeds 057,6,0.001,0,4247,2692,2692,2675,0,0.129,254,205,205,203,4132,4183,2502,0,426821.889,6.942,0.0,0.0,0.0,0.0,63.386,79.921
E02002387,Leeds 058,4,0.251,1,2719,2207,2207,2193,0,0.291,187,135,139,130,2402,2775,813,0,204068.714,1.198,0.0,0.0,0.0,0.0,81.17,69.519
E02002388,Leeds 059,5,0.193,1,3482,2658,2658,2639,0,0.214,176,151,153,148,3244,3396,1347,0,215129.638,1.95,0.0,0.0,0.0,0.0,76.335,84.091
E02002389,Leeds 060,4,0.496,2,2983,2394,2394,2393,0,0.354,123,98,112,98,2406,2919,1227,0,169132.35,2.066,0.0,0.0,0.0,0.0,80.255,79.675
E02002390,Leeds 061,4,0.092,0,3079,2344,2344,2337,0,0.236,172,147,150,145,3140,3304,1673,0,263706.997,1.77,0.0,0.0,0.0,0.0,76.129,84.302
E02002391,Leeds 062,5,0.002,0,3629,2503,2503,2495,0,0.177,247,183,183,179,3516,3578,1495,0,442192.962,2.11,0.0,0.0,0.0,0.0,68.972,72.47
E02002392,Leeds 063,4,0.084,0,2771,3166,3166,3011,0,0.827,204,77,82,70,1829,2575,410,0,374119.845,1.337,0.0,0.0,0.0,0.0,114.255,34.314
E02002393,Leeds 064,5,0.613,3,4017,3760,3760,3731,0,0.65,200,93,132,88,1933,3981,452,0,298835.938,1.367,0.0,0.0,0.0,0.0,93.602,44.0
E02002394,Leeds 065,4,0.75,3,3228,2843,2843,2832,0,0.307,143,102,117,101,2548,3146,497,0,219940.027,1.077,0.0,0.0,0.0,0.0,88.073,70.629
E02002395,Leeds 066,4,0.251,1,2767,1982,1982,1959,0,0.126,144,112,119,112,2569,2737,1649,0,287246.637,2.866,0.0,0.0,0.0,0.0,71.63,77.778
E02002396,Leeds 067,6,0.171,1,4093,3254,3254,3198,0,0.328,241,177,194,172,3272,3952,1452,0,312450.629,2.063,0.0,0.0,0.0,0.0,79.502,71.369
E02002397,Leeds 068,5,0.2,1,3423,2380,2380,2374,0,0.283,175,140,153,138,2884,3369,1502,0,237512.518,1.975,0.0,0.0,0.0,0.0,69.53,78.857
E02002398,Leeds 069,5,0.008,0,3309,2011,2011,1997,0,0.154,199,164,169,163,3156,3282,2159,0,365890.12,7.91,0.066,0.834,0.0,0.0,60.774,81.91
E02002399,Leeds 070,4,0.786,3,2637,1937,1937,1901,0,0.062,149,105,103,102,2663,2693,1316,0,589952.348,3.832,0.0,0.0,0.0,0.0,73.455,68.456
E02002400,Leeds 071,5,0.591,3,4253,3503,3503,3455,0,0.384,391,157,179,147,2995,3973,875,0,449115.065,2.632,0.0,0.0,0.0,0.0,82.365,37.596
E02002401,Leeds 072,4,0.829,3,2619,2108,2108,2083,0,0.216,128,116,119,115,2777,2876,1334,0,325590.584,3.932,0.0,0.0,0.0,0.0,80.489,89.844
E02002402,Leeds 073,4,0.001,0,2497,1640,1640,1634,0,0.077,176,142,140,138,2628,2636,1729,0,326966.851,4.187,0.0,0.0,0.0,0.0,65.679,78.409
E02002403,Leeds 074,4,0.002,0,2791,1799,1799,1789,0,0.196,160,119,119,114,2639,2722,1541,0,308057.561,2.527,0.0,0.0,0.0,0.0,64.457,71.25
E02002404,Leeds 075,6,0.333,2,5256,5146,5146,5075,0,0.625,252,120,177,117,2602,5254,719,0,316982.529,1.823,0.0,0.0,0.0,0.0,97.907,46.429
E02002405,Leeds 076,5,0.008,0,3789,2748,2748,2715,0,0.137,225,184,188,180,3778,3854,2285,0,361074.377,4.749,0.0,0.0,0.0,0.0,72.526,80.0
E02002406,Leeds 077,5,0.003,0,3014,1731,1731,1705,0,0.036,149,133,134,133,3027,3029,1949,0,295876.408,2.618,0.0,0.0,0.0,0.0,57.432,89.262
E02002407,Leeds 078,4,0.438,1,2858,2552,2552,2537,0,0.293,157,113,122,113,2736,3107,954,0,183146.956,1.298,0.0,0.0,0.0,0.0,89.293,71.975
E02002408,Leeds 079,5,0.0,0,3436,2453,2453,2433,0,0.242,267,171,184,162,3227,3429,1359,0,283888.046,2.582,0.0,0.0,0.0,0.0,71.391,60.674
E02002409,Leeds 080,4,0.008,0,2689,1891,1891,1887,0,0.199,157,116,119,115,2678,2741,1528,0,224464.275,4.835,0.0,0.0,0.0,0.0,70.324,73.248
E02002410,Leeds 081,4,0.0,0,3158,2357,2357,2351,0,0.331,180,120,124,113,2764,3245,1201,0,333632.989,1.956,0.0,0.0,0.0,0.0,74.636,62.778
E02002411,Leeds 082,6,0.531,3,4304,5589,5589,5510,0,0.63,267,130,171,125,2798,5633,686,0,354006.722,1.945,0.0,0.0,0.0,0.0,129.856,46.816
E02002412,Leeds 083,4,0.003,0,3253,2372,2372,2365,0,0.181,214,151,155,143,2996,3303,1749,0,433991.178,4.995,0.0,0.0,0.0,0.0,72.917,66.822
E02002414,Leeds 085,4,0.75,3,2813,2567,2567,2522,0,0.454,222,111,112,105,2438,2653,446,0,213027.136,1.354,0.0,0.0,0.0,0.0,91.255,47.297
E02002415,Leeds 086,4,1.0,4,2720,2790,2790,2699,0,0.292,139,114,113,112,2263,2515,341,0,170780.77,0.708,0.0,0.0,0.0,0.0,102.574,80.576
E02002416,Leeds 087,4,0.001,0,3019,1960,1960,1953,3,0.052,203,129,129,125,3015,3003,2208,6,409946.25,15.49,0.658,4.249,0.153,0.272,64.922,61.576
E02002417,Leeds 088,4,0.002,0,3141,2640,2640,2626,0,0.072,221,158,163,153,3469,3553,2348,0,378954.231,25.053,0.0,0.0,0.0,0.0,84.05,69.231
E02002418,Leeds 089,5,0.008,0,3071,1957,1957,1952,0,0.103,157,135,137,134,2945,3079,1666,0,237111.993,2.4,0.0,0.0,0.0,0.0,63.725,85.35
E02002419,Leeds 090,5,0.364,2,3580,2657,2657,2649,0,0.328,193,126,131,121,3153,3614,1371,0,482680.929,2.876,0.0,0.0,0.0,0.0,74.218,62.694
E02002420,Leeds 091,5,0.677,4,3321,2393,2393,2353,0,0.081,179,143,136,136,3274,3276,1491,0,434095.577,2.013,0.0,0.0,0.0,0.0,72.057,75.978
E02002421,Leeds 092,4,0.639,3,2647,2087,2087,2079,0,0.275,130,103,109,102,2568,2648,951,0,159455.727,1.404,0.0,0.0,0.0,0.0,78.844,78.462
E02002422,Leeds 093,4,0.001,0,2819,1864,1864,1861,0,0.078,189,148,143,143,2763,2719,1589,0,360959.278,2.916,0.0,0.0,0.0,0.0,66.123,75.661
E02002423,Leeds 094,4,0.251,1,2456,1728,1728,1727,0,0.183,126,117,120,117,2387,2533,1117,0,163996.286,1.474,0.0,0.0,0.0,0.0,70.358,92.857
E02002424,Leeds 095,5,0.001,0,3294,2057,2057,2053,0,0.13,187,142,138,138,3194,3197,1834,0,434860.91,4.186,0.0,0.0,0.0,0.0,62.447,73.797
E02002425,Leeds 096,5,0.002,0,3843,2612,2612,2597,0,0.1,228,185,184,179,3922,3984,2645,0,431230.53,6.046,0.0,0.0,0.0,0.0,67.968,78.509
E02002426,Leeds 097,5,0.001,0,3334,2252,2252,2241,482,0.13,199,166,171,165,3273,3274,1997,517,318195.88,3.658,1.157,31.624,21.403,25.889,67.546,82.915
E02002427,Leeds 098,5,0.2,1,3030,1916,1916,1912,0,0.169,162,134,135,130,3052,3041,1581,0,256035.873,1.835,0.0,0.0,0.0,0.0,63.234,80.247
E02002428,Leeds 099,5,0.004,0,3417,2605,2605,2603,0,0.226,147,132,135,132,3055,3436,1576,0,278285.608,3.855,0.0,0.0,0.0,0.0,76.236,89.796
E02002429,Leeds 100,5,0.002,0,3654,2420,2420,2410,0,0.086,208,157,157,154,3610,3568,2394,3,416183.484,16.83,0.186,1.107,0.0,0.125,66.229,74.038
E02002430,Leeds 101,5,0.66,3,3243,2520,2520,2504,0,0.21,150,130,138,130,3016,3361,1231,0,211382.954,2.723,0.0,0.0,0.0,0.0,77.706,86.667
E02002431,Leeds 102,5,0.001,0,3994,3050,3050,3007,0,0.206,234,185,192,182,3796,4062,1782,0,315481.3,3.079,0.0,0.0,0.0,0.0,76.365,77.778
E02002432,Leeds 103,5,0.003,0,3172,2088,2088,2083,10,0.055,185,140,144,138,3126,3181,2058,10,311896.586,11.143,0.099,0.887,0.479,0.486,65.826,74.595
E02002433,Leeds 104,4,0.0,0,3535,2717,2717,2698,0,0.428,253,156,169,148,2890,3475,1221,0,317629.928,1.62,0.0,0.0,0.0,0.0,76.86,58.498
E02002434,Leeds 105,6,0.0,0,4111,3092,3092,3089,0,0.134,238,193,196,191,3919,3990,2065,0,339875.749,5.746,0.0,0.0,0.0,0.0,75.213,80.252
E02002435,Leeds 106,5,0.001,0,3640,2622,2622,2608,0,0.115,245,186,189,184,3654,3695,2325,0,577313.995,8.303,0.0,0.0,0.0,0.0,72.033,75.102
E02002436,Leeds 107,4,0.246,1,2985,2228,2228,2198,0,0.101,186,151,157,151,3163,3178,1963,0,309551.639,6.009,0.0,0.0,0.0,0.0,74.64,81.183
E02002437,Leeds 108,4,0.143,1,2527,1589,1589,1582,0,0.009,150,125,121,121,2506,2457,1938,0,310249.226,5.316,0.0,0.0,0.0,0.0,62.881,80.667
E02006852,Leeds 109,7,0.008,0,4931,3938,3938,3850,0,0.399,323,240,248,238,4467,4872,2449,0,473504.52,4.639,0.0,0.0,0.0,0.0,79.862,73.684
E02006861,Leeds 110,7,0.304,2,4446,4426,4426,4284,0,0.556,208,150,159,149,3587,4165,858,0,292587.528,1.555,0.0,0.0,0.0,0.0,99.55,71.635
E02006875,Leeds 111,5,0.0,0,3743,6202,6202,6108,0,0.988,651,20,126,13,281,5571,498,0,863625.358,2.679,0.0,0.0,0.0,0.0,165.696,1.997
E02006876,Leeds 112,4,0.001,0,3711,3939,3939,3883,0,0.666,302,92,124,90,2244,4220,1081,0,944589.74,5.015,0.0,0.0,0.0,0.0,106.144,29.801
