postcode,proxy_total_mean,proxyc_total_mean,proxy_gas_mean,proxyc_gas_mean,proxy_elec_mean,proxyc_elec_mean,mean_tfa,gas_share_epc,save,abate,save_att,abate_att,pkg_cost_2024,mean_epc_primary,C7_form_factor,C8_pv_area_dw,n_epc,n_geom,lsoa21cd,C6_stock_homogeneity,gas_meters,met_gas_mean,elec_meters,met_elec_mean,met_gas_share,met_total_mean,fuel_poverty_pct,income_score,coverage,keep,C7_form_factor_raw,C8_pv_area_dw_raw,x,y
LS8 3DA,13119.803274250893,14665.186727368156,10296.444933125813,11406.465810302414,2823.3583411250797,2626.8129026597035,76.0,1.0,0.42105263157894735,0.41860465116279066,0.3508771929824561,0.3488372093023256,13916.88679245283,323.0,1.8813253756096142,17.513115704891252,1,1,E01011430,100.0,,,,,0.0,,23.39181286549708,0.735,,False,1.8813253756096142,17.513115704891252,432110.92,435462.14
LS8 3PD,12735.44504065363,14235.55488395722,9649.868857986385,10690.184808195558,3085.576182667247,2870.7766955079264,84.0,1.0,0.33106777053629494,0.32723492666738,0.28351037626720915,0.28096517448970315,16490.69626108531,211.51612903225808,2.4773964408628597,22.587370913567828,31,18,E01011430,54.83870967741935,38.0,12052.683254058176,39.0,3271.3420773434223,0.9743589743589743,15014.982171041132,23.39181286549708,0.735,0.7948717948717948,True,2.477925983729805,22.587370913567828,432471.584516129,435612.16161290323
LS8 3PE,13282.242694215063,14846.759909211156,10623.135852779158,11768.376045316983,3323.0528322346017,3091.7216312171304,75.625,0.9375,0.48924151549315853,0.4808717722153086,0.4055702840550909,0.39848169537309297,21910.862253535674,284.625,2.4773964408628597,25.079392922099935,32,22,E01011430,81.25,42.0,13310.005196828226,41.0,3136.906169398907,1.0,16446.911366227134,23.39181286549708,0.735,0.7804878048780488,True,2.4773964408628597,25.079392922099935,432407.68875,435483.840625
LS8 3QH,14489.402406229545,16196.111131663776,12631.317484279765,13993.052161137772,3580.5373061697464,3331.2815653974512,97.77272727272727,0.8636363636363636,0.39627443888621366,0.3919006836826109,0.30878915128292805,0.30523534056329393,18627.719506653513,362.59090909090907,1.7826643835757086,22.52466672135002,22,19,E01011430,68.18181818181817,23.0,18622.97914909476,21.0,2894.404761904762,1.0,21517.383910999524,23.39181286549708,0.735,1.0476190476190477,True,1.7826643835757086,22.52466672135002,432121.94499999995,435498.13227272726
LS8 3QJ,14418.757093427665,15749.328107019925,11797.492700700575,12735.812740780564,3042.603417752111,2819.5182576950706,89.64285714285714,0.9642857142857143,0.5603156501531822,0.5537614765103528,0.43880459487678003,0.4335118880477549,29049.24109316354,359.35714285714283,1.3621989024189658,16.988321689638262,28,28,E01011432,89.28571428571429,29.0,11681.06349750092,29.0,3209.6689655172413,1.0,14890.732463018161,25.870646766169152,0.751,0.9655172413793104,True,1.3621989024189658,16.988321689638262,432240.84750000003,435284.30250000005
LS8 3QL,14636.707151294604,16360.766923145517,11764.824532254404,13033.14587344933,3081.9687714018864,2867.4204107887604,95.03571428571429,0.9821428571428571,0.5416340789788352,0.5347692745228116,0.43252035887796364,0.4268211324583084,26049.449512942414,336.51785714285717,1.319926971508987,18.333189595603372,56,56,E01011430,50.0,61.0,12563.33716821623,59.0,2430.6959016393444,1.0,14994.033069855575,23.39181286549708,0.735,0.9491525423728814,True,1.319926971508987,18.333189595603372,432254.2605357143,435513.5848214286
LS8 3QN,15530.160030795376,16963.291932493365,13010.060483215095,14044.822765655712,3333.2283277812244,3088.8344081953765,110.75,0.9375,0.5438640418048936,0.537867636887536,0.4218501963664762,0.41718462271994766,29216.976935556257,349.2083333333333,1.2839762254029523,23.074099678796074,48,48,E01011432,93.75,50.0,12768.43417369392,50.0,2861.3766000000005,1.0,15629.81077369392,25.870646766169152,0.751,0.96,True,1.2839762254029523,23.074099678796074,432225.8172916667,435315.59395833337
LS8 3QP,14701.69775916763,16433.41278376247,11696.92547382914,12957.92687373538,3004.77228533849,2795.5978855791145,95.71428571428571,1.0,0.5994762942705316,0.5927741792029553,0.48006406070573526,0.4744950578764319,28368.745827296938,324.76190476190476,1.3614924419899634,23.233936279453253,42,42,E01011430,85.71428571428571,51.0,13293.522927965818,48.0,2664.917458333334,1.0,15958.440386299151,23.39181286549708,0.735,0.875,True,1.3614924419899634,23.233936279453253,432178.4864285714,435397.8340476191
LS8 3QR,13546.880470048674,15142.569405480976,13378.184221923868,14820.435783652163,3628.571477932702,3375.971883419649,93.48275862068965,0.7413793103448276,0.5217356680414255,0.5164199403796518,0.40704985900262614,0.40283741068851375,26179.35347903749,372.6896551724138,1.4122408391413188,22.83250036391309,58,58,E01011430,96.55172413793103,48.0,15654.145845174751,52.0,3621.594136717108,0.9230769230769231,18071.574916878417,23.39181286549708,0.735,1.1153846153846154,True,1.4122408391413188,22.83250036391309,432174.3165517241,435444.2301724138
LS8 3QS,12359.306926960133,13815.111409517232,10653.81662709872,11802.364398149697,2863.513846285187,2664.1730200528627,71.73913043478261,0.8913043478260869,0.5904178360181735,0.5836274723436287,0.47854727786353596,0.4729804858352074,27779.571451310105,355.17391304347825,1.3606575691877272,10.395932560083828,46,46,E01011430,84.78260869565217,52.0,10501.09017524285,50.0,1980.2960000000005,1.0,12481.386175242851,23.39181286549708,0.735,0.92,True,1.3606575691877272,10.395932560083828,432281.1636956522,435448.3597826087
LS8 3QT,13756.053890164305,15376.38139185568,11188.065136019244,12394.208222963607,3065.236093523696,2851.8525625612615,79.35555555555555,0.9555555555555556,0.5618110143180451,0.5516783448087695,0.45309932755464033,0.4448141107154926,22352.07944437399,323.5777777777778,1.49190241676053,13.847251465368586,45,45,E01011430,46.666666666666664,49.0,10965.7430592479,47.0,3165.1908936170207,1.0,14130.93395286492,23.39181286549708,0.735,0.9574468085106383,True,1.49190241676053,13.847251465368586,432313.386,435440.57355555554
LS8 3QU,14275.106145749529,15956.57288484539,11432.370537699646,12664.85126817375,2842.7356080498816,2644.8412393518383,84.66666666666667,1.0,0.6223117564707557,0.6129537334907494,0.4823201085591246,0.4748965250314791,27992.83679383476,371.4761904761905,1.261551494796593,12.448398227279608,21,20,E01011430,90.47619047619048,22.0,13533.45574924481,21.0,2567.7000000000003,1.0,16101.15574924481,23.39181286549708,0.735,1.0,True,1.2419507285730709,12.448398227279608,432267.5757142857,435589.9152380953
LS8 3QW,15646.346016353114,17090.199626140577,12824.896220165147,13844.931361582308,3271.446154790254,3031.5821341291053,107.63157894736842,0.9649122807017544,0.5248239520766872,0.5157631452402615,0.41117221043460916,0.4041837434106509,30202.864063762154,337.1929824561403,1.3532854841517232,22.98821885516423,57,56,E01011432,89.47368421052632,52.0,16455.819566265836,51.0,3302.1270842172926,1.0,19757.94665048313,25.870646766169152,0.751,1.1176470588235294,True,1.3532854841517232,22.98821885516423,432205.60719298245,435358.89
LS8 3QX,16909.217868055144,18900.95699342242,13757.231134393454,15240.346313516226,3479.539855909153,3237.314957752976,122.73809523809524,0.9761904761904762,0.541204027985753,0.5347648810987379,0.4249344449106281,0.4198408058546782,28204.388926074582,335.8809523809524,1.3643993343827545,25.125786901075045,42,42,E01011430,88.09523809523809,47.0,17474.21640391262,47.0,3012.299522729916,1.0,20486.515926642533,23.39181286549708,0.735,0.8936170212765957,True,1.3643993343827545,25.991624037582046,432178.67285714287,435495.0214285714
LS8 3RA,16737.043190557986,18708.50183670709,13810.02117736192,15298.827451827077,3502.439562252812,3258.6205225530393,118.5,0.9583333333333334,0.5226788044990593,0.5161204145215309,0.40450846163827375,0.3993403540282088,28267.187089926687,336.7083333333333,1.5441547311138,25.125786901075045,24,24,E01011430,62.5,26.0,17962.02391914894,24.0,3121.795833333333,1.0,21083.819752482275,23.39181286549708,0.735,1.0,True,1.5441547311138,35.451723158909004,432179.7720833333,435545.5175
LS8 3RD,3161.9220355454217,3534.3652720510204,,,3161.9220355454217,2941.8078035623985,78.0,0.0,0.0,0.0,0.0,0.0,,125.0,2.4773964408628597,25.125786901075045,1,1,E01011430,100.0,,,,,0.0,,23.39181286549708,0.735,,False,3.39203863825472,53.37152067293694,432124.47,435396.13
LS8 3RG,11927.841725701846,13028.549668286532,10407.18471208192,11234.925845211052,3602.093956036309,3337.9866780274847,72.8,0.8,0.4201785584267002,0.42228229659757244,0.3187478586696066,0.3206723265881587,13741.97444726476,434.7,2.435390030500462,22.035586219252085,10,10,E01011432,80.0,15.0,13663.876979323097,16.0,4020.01875,0.9375,16829.903418115402,25.870646766169152,0.751,0.625,True,2.435390030500462,22.035586219252085,432270.11900000006,435126.674
LS8 3RH,13000.854090394892,14200.580217448296,10764.304366200415,11620.449206512676,2869.7440986768556,2659.333067833719,77.17647058823529,0.9411764705882353,0.6093008322903374,0.60106563386859,0.5041006080147717,0.49701959606173174,25602.21753065777,315.94117647058823,1.5761033815986198,24.158978213335104,34,34,E01011432,55.88235294117647,31.0,11769.30365532325,32.0,2471.6000000000004,0.96875,13873.1129160944,25.870646766169152,0.751,1.0625,True,1.5761033815986198,24.158978213335104,432327.1961764706,435153.2911764706
LS8 3RJ,13224.421739475627,14444.778814919124,10889.031151702131,11755.096205176642,2770.95183384158,2567.7842998290153,74.56,0.96,0.5369522431095733,0.5293153841784944,0.4343097213744439,0.42810526364939555,26311.636620626352,349.04,1.4803742952922516,23.543538161914494,25,25,E01011432,72.0,29.0,11413.777308391156,28.0,2570.292857142857,1.0,13984.070165534013,25.870646766169152,0.751,0.8928571428571429,True,1.4803742952922516,23.543538161914494,432349.4928,435175.0044
LS8 3RL,12988.676373624085,14187.278734125213,10612.594565851985,11456.673084145246,2858.4724698562786,2648.8878803116927,79.77272727272727,0.9545454545454546,0.6142597644084923,0.6021982054651122,0.49559643162348155,0.4856633784486346,29009.11022810722,343.8636363636364,1.53416330055361,12.522348933612985,22,22,E01011432,50.0,29.0,11177.18732996639,26.0,2990.562923076923,1.0,14167.750253043312,25.870646766169152,0.751,0.8461538461538461,True,1.53416330055361,12.522348933612985,432372.2272727273,435193.13636363635
LS8 3RN,13671.535956847096,14933.152983723623,11499.461424138217,12414.077383489894,3056.648488411818,2832.5335369538175,85.5,0.9230769230769231,0.5327392691541454,0.5273841508274515,0.4180225906375883,0.41372308537168856,27223.79056906933,361.7307692307692,1.4710606047763868,23.302795249587216,26,25,E01011432,46.15384615384615,25.0,11164.664699617648,24.0,2940.266666666666,1.0,14104.931366284314,25.870646766169152,0.751,1.0833333333333333,True,1.4710606047763868,23.302795249587216,432408.3846153846,435219.57692307694
LS8 3RQ,15371.344734043945,16789.821070841073,12818.0214162831,13837.50976641013,3210.6577493651057,2975.2507641081643,105.94871794871794,0.9487179487179487,0.5296943345707156,0.5243319719770656,0.40433090093479285,0.4002262715061735,28437.043356063292,371.3076923076923,1.3042908153191874,22.083439607806593,39,39,E01011432,92.3076923076923,41.0,15948.44170721156,43.0,4411.086057440589,0.9534883720930233,19617.739778270217,25.870646766169152,0.751,0.9069767441860465,True,1.3042908153191874,22.083439607806593,432287.4710256411,435132.1884615385
LS8 3RW,12321.047136427738,13458.040295450252,10571.805424419965,11412.639756020822,2923.886759165546,2709.5059621640717,68.77777777777777,0.8888888888888888,0.6293852142060318,0.6207005932601468,0.4967050856986323,0.4898135729268572,27637.702434262854,385.4074074074074,1.2816718820671724,19.308589051113202,27,26,E01011432,77.77777777777779,25.0,8827.02565980872,25.0,3028.86284568306,1.0,11855.888505491781,25.870646766169152,0.751,1.08,True,1.2816718820671724,19.308589051113202,432420.0740740741,435265.74074074073
LS8 5BE,8504.484479966646,9102.095275409725,6255.239894239688,6516.797653672861,2249.2445857269586,1971.0471449722481,81.0,1.0,0.0,0.0,0.0,0.0,,113.0,2.129529122922525,25.125786901075045,1,1,E01011434,100.0,,,,,0.0,,29.21511627906977,0.706,,False,2.129529122922525,40.54701801919518,431898.07,435254.12
LS8 5BP,13785.40542315349,16578.075724671337,11411.33895406238,12924.100910241898,3045.321701683015,2824.7071828420026,81.17647058823529,0.9411764705882353,0.6288199311687517,0.6224887512718674,0.4910201248153283,0.4859299803688215,29033.074622300162,360.94117647058823,1.3841546702931522,24.680158759460365,17,13,E01011433,70.58823529411765,16.0,8695.081622713598,17.0,2842.394117647059,0.9411764705882353,11026.000350789269,29.26490984743412,0.78,1.0,True,1.3841546702931522,24.680158759460365,431965.5570588235,434874.6182352941
LS8 5BR,13868.156322364184,16677.59043833333,11319.304875445941,12819.86619037175,2926.1616094331093,2714.179494322131,80.63333333333334,0.9666666666666667,0.5992077738768127,0.5914614768810851,0.47145086358277605,0.4652191296865025,30579.69371883315,362.8,1.3314725959859777,12.141812005689758,30,27,E01011433,83.33333333333334,30.0,8496.9081377762,30.0,2181.4233333333336,1.0,10678.331471109534,29.26490984743412,0.78,1.0,True,1.3314725959859777,12.141812005689758,431965.69066666666,434890.6533333333
LS8 5BS,12697.176903770891,15269.392066389435,10464.113371220266,11851.30488983659,2831.0128680489265,2625.9236844095885,69.51428571428572,0.9428571428571428,0.5486561455525591,0.5473408142133108,0.4410434850105221,0.44011210821275193,24532.507317317042,349.74285714285713,1.504523328615094,11.100559452569929,35,35,E01011433,60.0,40.0,8427.27325566519,34.0,2784.508823529411,1.0,11211.782079194601,29.26490984743412,0.78,1.0294117647058822,True,1.504523328615094,11.100559452569929,431984.6068571429,434919.03971428575
LS8 5BT,12937.808010117562,13846.948799830254,10861.049092603978,11315.19501087183,2981.8463418972497,2613.037175342559,74.22222222222223,0.9166666666666666,0.6193475111854828,0.6103045386437599,0.5032382542023606,0.4958366845816089,28208.061305356707,330.25,1.4400521114555624,23.270399015174263,36,36,E01011434,75.0,35.0,7633.677857895255,37.0,3173.7297297297296,0.9459459459459459,10394.77635206308,29.21511627906977,0.706,0.972972972972973,True,1.4400521114555624,23.270399015174263,431978.5405555556,434954.53944444447
LS8 5BU,13079.123786477852,13998.194846945727,10576.331013792742,11018.571677582257,2767.201048029929,2424.940248781692,73.35,0.975,0.5853244924176387,0.5765464800288254,0.48104347104435397,0.4737578820221591,27084.308892684083,328.75,1.400673197333746,12.332485221571877,40,40,E01011434,87.5,43.0,10740.463864598523,42.0,2685.7,1.0,13426.163864598522,29.21511627906977,0.706,0.9523809523809523,True,1.400673197333746,12.332485221571877,431973.02,434980.67625
LS8 5BW,15702.562110791454,18883.6131947802,12267.806658269506,13894.107592200598,3434.7554525219466,3185.928893056687,102.0,1.0,0.34730607961113524,0.34003296703296704,0.27588627297960666,0.2692028259192438,14492.971526805282,310.6,1.3512445614602946,7.118495973334167,5,1,E01011433,40.0,6.0,10084.521149284185,16.0,5024.10625,0.375,8805.801680981569,29.26490984743412,0.78,0.3125,False,1.3512445614602946,0.372328290171928,431918.424,434874.326
LS8 5BX,13896.720299140221,14873.243931064322,11101.913248827796,11566.130705532998,2794.807050312425,2449.131807284621,77.15384615384616,1.0,0.5982745181989356,0.5912688835525921,0.4800832746058694,0.47430908902505053,30763.24333266102,341.6666666666667,1.3440559892082404,16.965508918413352,39,39,E01011434,89.74358974358975,42.0,10629.963672235386,40.0,2403.53,1.0,13033.493672235387,29.21511627906977,0.706,0.975,True,1.3440559892082404,16.965508918413352,431973.5205128205,435010.09
LS8 5BY,12614.21946388673,13500.621660923427,10520.279001233544,10960.175895788852,2863.7169749385657,2509.5186193976797,74.775,0.926829268292683,0.6161351517419219,0.6094231338526782,0.492073283851716,0.4868060446995736,28003.97161719984,347.609756097561,1.3562400513083253,19.667871001068015,41,40,E01011434,87.8048780487805,40.0,7677.813853679875,44.0,1951.063840909092,0.9090909090909091,8930.894616981706,29.21511627906977,0.706,0.9318181818181818,True,1.3562400513083253,19.667871001068015,431963.98731707316,435039.6231707317
LS8 5BZ,12275.570467666652,13138.175773018285,10926.734881953884,11383.627397982887,3300.0382432045326,2891.873564503993,70.71428571428571,0.8214285714285714,0.5824693262846388,0.5746301135466149,0.45018111814259726,0.44450683264884033,25114.377427134983,385.85714285714283,1.3624179524351627,17.259699677593083,28,28,E01011434,53.57142857142857,22.0,12589.993561767791,19.0,1954.2588170836927,1.0,14544.252378851485,29.21511627906977,0.706,1.4736842105263157,True,1.3624179524351627,17.259699677593083,432055.09785714286,434991.1385714286
LS8 5DA,13731.720826252642,14696.649932197854,11531.352636810521,12013.526751618723,3087.3953153506227,2705.5313416507474,82.05128205128206,0.9230769230769231,0.5822983474658928,0.5761464740389409,0.45703034408934873,0.4521934296057052,28829.91201262796,383.3333333333333,1.271824107766219,14.118410996753298,39,39,E01011434,71.7948717948718,37.0,10709.066140429157,38.0,4641.858218291631,0.9736842105263158,15069.106828709495,29.21511627906977,0.706,1.0263157894736843,True,1.271824107766219,14.118410996753298,432068.2079487179,435003.84435897437
LS8 5DB,13523.810089755114,14474.129291841706,10786.365627377592,11237.388717398793,2737.444462377523,2398.8641014536142,75.70967741935483,1.0,0.6340096626946167,0.6286610419609647,0.5082991192083827,0.5038230796849297,28942.755481301047,350.7741935483871,1.3372563733213139,17.462456052032824,31,30,E01011434,77.41935483870968,32.0,13635.307873664142,32.0,2842.8451875,1.0,16478.153061164143,29.21511627906977,0.706,0.96875,True,1.3372563733213139,17.462456052032824,432098.81096774194,435018.3777419355
LS8 5DD,14430.525301622178,15444.55945318991,11519.223825945235,12000.890784409612,2911.3014756769435,2551.2176391132234,84.92307692307692,1.0,0.6186009852464119,0.6124661692684927,0.48635425124199383,0.4814924001988865,29533.487253044106,359.5769230769231,1.2649172642099726,16.401208455218228,26,26,E01011434,80.76923076923077,33.0,8938.652849766822,31.0,3038.116129032258,1.0,11976.76897879908,29.21511627906977,0.706,0.8387096774193549,True,1.2649172642099726,16.401208455218228,432131.9823076923,435019.1688461539
LS8 5DE,14060.21309768144,15716.367554745902,11010.794578647627,12197.826795687935,3049.4185190338158,2837.136113659404,75.25,1.0,0.6444883886087189,0.6341117216117216,0.5370736571739325,0.5284264346764347,20669.255443234837,301.0,2.4773964408628597,24.755216501259532,4,4,E01011430,50.0,10.0,13012.04576145682,10.0,4685.76,1.0,17697.80576145682,23.39181286549708,0.735,0.4,False,3.0266556273054084,24.755216501259532,432143.0,435090.75
LS8 5DF,14583.143063609485,15607.901677354179,11957.339390953082,12457.32579479345,3038.1257206203018,2662.355648512088,87.41379310344827,0.9655172413793104,0.5979609457729014,0.5907505285631851,0.4708080396581668,0.4652182531133729,27162.929571386238,354.13793103448273,1.261551494796593,15.648774517075658,29,29,E01011434,89.65517241379311,27.0,12373.029672925111,30.0,5169.603333333333,0.9,16305.330038965933,29.21511627906977,0.706,0.9666666666666667,True,1.2328261847706357,15.648774517075658,432158.99655172415,435023.52103448275
LS8 5DG,12708.498025561848,13881.2453705334,10489.178787081824,11323.441363850898,2874.8929126726375,2664.1043682871004,75.5625,0.9375,0.611644751452768,0.6021038856094799,0.49738976380320604,0.48946478795522314,27698.27633175119,340.53125,1.3873196726206083,22.68893520909145,32,32,E01011432,65.625,32.0,11206.775160406298,36.0,2137.088888888889,0.8888888888888888,12098.666809250042,25.870646766169152,0.751,0.8888888888888888,True,1.3873196726206083,22.68893520909145,432225.1,435093.08125
LS8 5DH,15074.86410001407,16465.98103716423,11981.018840251034,12933.935732305212,3093.845259763036,2867.003022967066,99.58823529411765,1.0,0.5911755047604623,0.5853627034719141,0.4764607761303413,0.471559650363168,26089.0175340031,344.0,1.2747232666028658,8.591348976560578,17,17,E01011432,88.23529411764706,20.0,14425.914570816796,15.0,3263.9666666666667,1.0,17689.881237483463,25.870646766169152,0.751,1.1333333333333333,True,1.2747232666028658,8.591348976560578,432232.7694117647,435103.59647058824
LS8 5DJ,13173.061159425248,14098.733206502151,9998.756491559412,10416.846347307153,3174.304667865836,2781.6913254219803,110.5,1.0,0.46232718894009217,0.44657097288676234,0.407247397166752,0.3931862484494063,15847.295672309167,228.5,2.060585900267588,23.04908163077682,2,2,E01011434,50.0,,,,,0.0,,29.21511627906977,0.706,,False,2.060585900267588,23.04908163077682,432087.5,434934.5
LS8 5DQ,13190.513940863835,14744.22641323987,11087.124624778653,12282.385696079982,2796.334605133849,2601.6703986615935,78.0625,0.9375,0.5302893029429078,0.5257711812795294,0.4140862388126109,0.41089734109254245,28453.76806162824,352.4375,1.3141391895932961,12.771937431537003,16,15,E01011430,68.75,15.0,8357.747280581172,18.0,2136.093,0.8333333333333334,9100.88240048431,23.39181286549708,0.735,0.8888888888888888,True,1.3141391895932961,12.771937431537003,432176.32625,435033.431875
LS8 5HP,8998.013744929782,9630.304880763138,6836.932513519714,7122.81327586726,2161.081231410069,1893.7882604026456,55.75,1.0,0.16354667885607752,0.15814263920671243,0.15143211005192359,0.14642836963584482,5615.21308925963,189.625,2.4773964408628597,25.125786901075045,8,8,E01011434,50.0,17.0,5464.845346219685,17.0,1868.1775294117645,1.0,7333.022875631449,29.21511627906977,0.706,0.47058823529411764,False,4.600519799378586,39.18030345793542,432072.625,435233.875
LS8 5HS,11160.977313633262,11945.260070105374,11434.021942216315,11912.126253334724,3245.115969021967,2843.7443426266223,69.84615384615384,0.6923076923076923,0.27476974234629326,0.2711250595379243,0.22056392790095464,0.21751767933415841,13480.882238480212,345.38461538461536,2.4773964408628597,11.237739195053239,13,5,E01011434,53.84615384615385,15.0,7824.951066260842,18.0,4801.411111111112,0.8333333333333334,11322.203666328482,29.21511627906977,0.706,0.7222222222222222,True,3.4414144700173948,11.237739195053239,431898.25,435253.61846153846
LS8 5HT,13085.604650219593,14005.131121493965,10606.798066956977,11050.312685750121,2750.7757644666417,2410.5465236713944,74.6923076923077,0.9743589743589743,0.6082325655657119,0.6006524728039628,0.49362399931847606,0.4873631222316662,27177.612364999673,343.20512820512823,1.3627697546663562,13.361606339277971,39,39,E01011434,89.74358974358975,42.0,9774.941057349355,41.0,2195.465853658536,1.0,11970.40691100789,29.21511627906977,0.706,0.9512195121951219,True,1.3627697546663562,13.361606339277971,431967.1,435069.0205128205
LS8 5HX,13546.728741464713,14498.658439015306,11004.179456774898,11464.31025459851,2810.943905586765,2463.2727783106952,75.36585365853658,0.975609756097561,0.6303716351262015,0.6232971700746116,0.4991527247325371,0.49346460877694004,30043.16842045594,371.5121951219512,1.3197695096765514,16.927224041881274,41,39,E01011434,90.2439024390244,40.0,10388.81620361479,39.0,1648.8307692307696,1.0,12037.64697284556,29.21511627906977,0.706,1.0512820512820513,True,1.3197695096765514,16.927224041881274,431967.1421951219,435097.0731707317
LS8 5HY,13785.318403747831,14754.013815692679,11184.307123314165,11651.969812746816,2867.304307179239,2512.6622530495797,78.0,0.9761904761904762,0.6334397319359153,0.6274746428490434,0.4947925389384575,0.49008418288607136,30188.945161018964,376.42857142857144,1.269978218429293,17.444666932529444,42,42,E01011434,83.33333333333334,39.0,9811.847963614817,40.0,2151.326561202186,0.975,11717.878325726631,29.21511627906977,0.706,1.05,True,1.269978218429293,17.444666932529444,431964.8154761905,435126.5997619048
LS8 5HZ,13523.196630057651,14473.4727242829,11063.576070612211,11526.190489447305,2828.4064284658502,2478.575451965329,75.1,0.9666666666666667,0.5885570909027743,0.5796138185208588,0.46901713054396055,0.46169672827510894,27499.575413883278,356.1333333333333,1.3759992679894095,7.118495973334167,30,30,E01011434,86.66666666666667,29.0,10373.173609769074,28.0,2529.9,1.0,12903.073609769073,29.21511627906977,0.706,1.0714285714285714,True,1.3759992679894095,4.446842772938939,431975.19299999997,435152.19933333335
LS8 5JA,14113.099313347424,15104.827915672982,11288.068111287086,11760.069481887786,2825.0312020603383,2475.61768987381,75.77777777777777,1.0,0.59235804616009,0.5794659515572524,0.46753915207702273,0.45755794596809807,26837.50418123073,360.77777777777777,1.4007869892965856,21.75945354981258,18,18,E01011434,77.77777777777779,18.0,11104.282426941028,18.0,3055.6277777777777,1.0,14159.910204718806,29.21511627906977,0.706,1.0,True,1.4007869892965856,21.75945354981258,431993.65555555554,435187.3416666667
LS8 5JE,12935.15817772253,13844.11276350374,10636.495422560612,11081.251812081036,2782.1398198237625,2438.031321082355,70.0,0.9545454545454546,0.5866124413490632,0.5783119409411841,0.47154809784511864,0.4646610944167358,30424.73656951354,351.95454545454544,1.3618452195581419,21.972010037898464,22,21,E01011434,81.81818181818183,20.0,8845.02523555121,19.0,2711.767947368421,1.0,11556.793182919631,29.21511627906977,0.706,1.1578947368421053,True,1.3618452195581419,21.972010037898464,431994.02181818185,435217.68409090914
LS8 5JF,14239.513889934076,15240.125654530968,12296.11031553543,12810.262149558013,3237.730976033957,2837.2727612623603,88.76315789473684,0.8947368421052632,0.5322772830646677,0.5258254005605403,0.41761428037795356,0.41241907706663045,23531.413861799254,345.2631578947368,1.3666521018453914,21.336703694570538,38,37,E01011434,44.73684210526316,34.0,11704.586570240412,41.0,2618.79512195122,0.8292682926829268,12325.037643614,29.21511627906977,0.706,0.926829268292683,True,1.3666521018453914,21.336703694570538,431976.8457894737,435247.89105263154
LS8 5JW,14324.487077788446,15331.069915000566,11415.670311207208,11893.007263827803,2908.8167665812375,2549.0402508468446,95.57142857142857,1.0,0.5226468215026346,0.5152295300616699,0.4094577922660476,0.40372268306708714,28925.349429614416,351.14285714285717,,,7,0,E01011434,71.42857142857143,6.0,12605.285538956558,7.0,4913.928571428572,0.8571428571428571,15718.459033391333,29.21511627906977,0.706,1.0,False,,,432053.28571428574,435429.85714285716
LS9 6AA,10847.369632592006,13044.847769263051,10607.650055038039,12013.869738137937,4482.779599569182,4158.030242585746,67.2,0.6,0.4753100331632957,0.47776312368366636,0.35116470096029684,0.35320465488665187,13537.002527027604,501.8,2.1083992944412424,18.890430010898484,10,10,E01011433,80.0,7.0,11035.482850546696,7.0,5952.571428571428,1.0,16988.054279118125,29.26490984743412,0.78,1.4285714285714286,True,2.1083992944412424,18.890430010898484,432326.8,435017.1
LS9 6AB,15972.740974782178,17446.71449489578,12698.238199901474,13708.199526342407,3274.5027748807065,3034.414641350252,102.68,1.0,0.5540392506637581,0.5486029271393458,0.43272768430090897,0.42822277702724176,24367.720835692133,364.92,1.3828741800133597,25.125786901075045,25,25,E01011432,44.0,30.0,12967.422802318097,29.0,3204.696551724138,1.0,16172.119354042235,25.870646766169152,0.751,0.8620689655172413,True,1.3828741800133597,25.90842862350579,432426.86799999996,435176.2232
LS9 6AE,15352.93655471138,18463.1599134976,12245.095595739313,13868.385802224799,3107.840958972064,2882.69731079227,95.04761904761905,1.0,0.48164328848606114,0.4809972776725996,0.3789675256705015,0.37878408234105165,24449.13169979435,318.6666666666667,1.4047316910244003,18.766924879906078,42,42,E01011433,85.71428571428571,35.0,11737.674281845597,38.0,3873.374569600231,0.9210526315789473,14684.39035551065,29.26490984743412,0.78,1.105263157894737,True,1.4047316910244003,18.766924879906078,432352.6276190476,435039.1480952381
LS9 6AF,14942.420755769039,16321.315746627033,11947.253220645322,12897.484545660336,2995.1675351237172,2775.5603970155316,98.65625,1.0,0.6074196952255109,0.600772078645316,0.47659005605098786,0.4712833108312171,29208.362190868127,333.3125,1.3260577608652726,21.930878713072026,32,32,E01011432,53.125,33.0,13153.226730175154,31.0,3325.435935483871,1.0,16478.662665659027,25.870646766169152,0.751,1.032258064516129,True,1.3260577608652726,21.930878713072026,432382.50375,435063.2796875
LS9 6AG,13816.695037865895,15091.707426375313,11381.532715763235,12286.769150738308,2890.4236307331903,2678.4963665578434,91.96,0.96,0.5763842347038011,0.5714548219013827,0.46939240738327453,0.46551781129939,25512.737159081575,308.68,1.261551494796593,9.758413012791436,25,25,E01011432,84.0,26.0,10294.308536458526,23.0,2791.682014967926,1.0,13085.990551426452,25.870646766169152,0.751,1.0869565217391304,True,1.0893528410062716,9.758413012791436,432408.56,435077.4
LS9 6AJ,13360.127852192327,14593.007964037513,11014.040005127497,11890.047706190971,2910.910411430343,2697.4810465460396,78.33333333333333,0.9487179487179487,0.6252938650615383,0.6169276831459761,0.5036205095940149,0.49668445336793055,28068.0759564982,346.7692307692308,1.428003103327869,23.46699870873299,39,39,E01011432,84.61538461538461,44.0,9073.573799079892,42.0,2502.042857142857,1.0,11575.616656222748,25.870646766169152,0.751,0.9285714285714286,True,1.428003103327869,23.46699870873299,432502.58974358975,435113.6666666667
LS9 6AL,13015.659114398803,14216.751457393531,10351.763862548903,11175.097068072198,2663.8952518498972,2468.5771584149084,72.88461538461539,1.0,0.6726022320405427,0.6657347639658208,0.5509910939128179,0.545458271724365,27337.098380806972,319.9230769230769,1.3761982264927928,9.68394241043308,26,26,E01011432,80.76923076923077,21.0,7889.210691328033,21.0,2890.919047619048,1.0,10780.129738947082,25.870646766169152,0.751,1.2380952380952381,True,1.3761982264927928,9.68394241043308,432460.96153846156,435107.8461538461
LS9 6AN,13363.461412526625,14596.649147194235,10941.926119958916,11812.198203689253,2826.7918155291513,2619.5300669437393,73.92592592592592,0.9629629629629629,0.6942982845369617,0.6885573886834125,0.5458762343880935,0.5413712637425211,28185.824727499225,366.6666666666667,1.4496180416937763,7.118495973334167,27,27,E01011432,74.07407407407408,26.0,11793.154478782,29.0,3741.930344827586,0.896551724137931,14315.103325804552,25.870646766169152,0.751,0.9310344827586207,True,1.4496180416937763,5.242342860815818,432430.962962963,435020.44444444444
LS9 6AQ,14435.382457706924,15767.487669264861,11557.428293311266,12476.654679334582,2877.9541643956563,2666.9411675472647,88.05555555555556,1.0,0.5536736386984327,0.5458608660323824,0.4305551453072142,0.4245022358164786,33237.73695769198,351.44444444444446,1.4474787004678942,7.118495973334167,18,18,E01011432,72.22222222222221,24.0,7859.25186746797,23.0,3204.873913043478,1.0,11064.125780511447,25.870646766169152,0.751,0.782608695652174,True,1.4474787004678942,7.118495973334167,432433.8977777778,435093.615
LS9 6AX,6966.246648986617,8377.480452600268,10296.444933125813,11661.409223594555,3534.0983379446793,3278.0750074927287,44.0,0.3333333333333333,0.2716782805093038,0.2604166666666667,0.21617248928384492,0.20522388059701493,8092.086378415063,383.6666666666667,2.391390088835904,11.364742478596535,3,3,E01011433,33.33333333333333,6.0,23947.49587197199,6.0,7071.816666666667,1.0,31019.312538638656,29.26490984743412,0.78,0.5,False,2.391390088835904,11.364742478596535,432394.6666666667,434917.3333333333
LS9 6AY,13204.515228095339,15879.50783016322,10772.91722136008,12201.045804267791,2816.3450503552654,2612.3184584089972,77.89285714285714,0.9642857142857143,0.6248742423406026,0.617323158074399,0.49705862149816865,0.4909737813034759,25808.912641597093,336.5357142857143,1.3813974165019027,17.969305830533667,56,56,E01011433,82.14285714285714,52.0,7471.275350452419,53.0,2356.647169811321,0.9811320754716981,9686.955060821241,29.26490984743412,0.78,1.0566037735849056,True,1.3813974165019027,17.969305830533667,432446.3619642857,435008.3667857143
LS9 6AZ,13135.482939744652,15796.49086630934,10661.105223667337,12074.411274614959,2747.7393884790436,2548.682847833506,75.28205128205128,0.9743589743589743,0.5498726015012865,0.5432746419873813,0.44312677813473744,0.4376763405661721,26353.356063214054,339.46153846153845,1.3379716506562702,15.7371362836178,39,38,E01011433,82.05128205128204,39.0,8231.465452514041,41.0,2966.573170731707,0.9512195121951219,10796.50372312311,29.26490984743412,0.78,0.9512195121951219,True,1.3379716506562702,15.7371362836178,432478.4166666667,434997.48025641026
LS9 6BA,13786.445888278782,16579.326968947913,11923.16021310684,13503.7725532039,3086.1739021572603,2862.5998967877003,85.38461538461539,0.8974358974358975,0.5696062148173934,0.5627998719986701,0.4446385073498904,0.43924604922466487,28002.85629941238,382.1025641025641,1.3745730768586453,16.725363059387234,39,39,E01011433,87.17948717948718,36.0,10852.667340078118,38.0,2380.9916842105267,0.9473684210526315,12662.466006389795,29.26490984743412,0.78,1.0263157894736843,True,1.3745730768586453,16.725363059387234,432446.07692307694,434905.5128205128
LS9 6BB,13105.629008580325,15760.589076240105,10070.326850256326,11405.315444205475,3035.302158323999,2815.413492760141,88.0,1.0,0.44171779141104295,0.44000000000000006,0.4089979550102249,0.40740740740740744,9817.651632970452,163.0,1.7006708068673768,18.1515271663608,1,1,E01011433,100.0,,,,,0.0,,29.26490984743412,0.78,,False,1.7006708068673768,18.1515271663608,432573.85,434909.45
LS9 6BD,13378.061139844343,16088.210960638433,11054.227129175313,12519.647999005041,2955.504132336191,2741.3963348816146,83.94285714285714,0.9428571428571428,0.6293500596548107,0.6212531254611094,0.5138735962084748,0.5072089986121574,26715.023186174953,327.74285714285713,1.5088593084337865,23.741814272434482,35,35,E01011433,48.57142857142857,33.0,8442.66069699203,35.0,2742.910723965652,0.9428571428571428,10703.133666843853,29.26490984743412,0.78,1.0,True,1.5088593084337865,23.741814272434482,432480.22857142857,434927.8
LS9 6BE,13259.117765156841,15945.171839771849,11805.248283587374,13370.229444742612,3140.333522081949,2912.8359908386883,84.07142857142857,0.8571428571428571,0.5433459911836197,0.5380582259304255,0.42835119554532614,0.4241953097766432,23307.61423326615,328.5,1.4337419949124115,7.212718094091086,28,28,E01011433,42.857142857142854,26.0,10096.75096871419,30.0,3882.766666666667,0.8666666666666667,12633.284172885631,29.26490984743412,0.78,0.9333333333333333,True,1.4337419949124115,7.212718094091086,432513.35714285716,434931.3214285714
LS9 6BG,13150.141815132496,15814.11936099329,11170.621604944332,12651.472490091426,2873.169938583709,2665.026738737598,76.36,0.92,0.5613262653972086,0.5545524476296185,0.4484260257566401,0.442986650459466,29987.822761521697,376.88,1.3565439975998241,7.118495973334167,25,25,E01011433,88.0,23.0,10511.191260219532,23.0,3070.34347826087,1.0,13581.5347384804,29.26490984743412,0.78,1.0869565217391304,True,1.3565439975998241,6.0,432528.64,434991.28
LS9 6BH,14974.313200976265,18007.834412601747,11956.86092651642,13541.94085427759,3017.4522744598453,2798.8567213897777,94.85185185185185,1.0,0.6180531133979057,0.6101834531183712,0.4847301343948643,0.47837974770406494,27604.12050183083,337.6296296296296,1.4709743830339403,17.0711880714711,27,27,E01011433,96.29629629629629,24.0,14337.54505389651,25.0,3335.936,0.96,17099.97925174065,29.26490984743412,0.78,1.08,True,1.4709743830339403,17.0711880714711,432565.1111111111,434939.22222222225
LS9 6BJ,13790.040354521598,16583.649608125656,11032.379279022942,12494.903854503,2757.661075498657,2557.885770655986,84.93333333333334,1.0,0.6283830832373948,0.6239151222188577,0.5026132067767347,0.4990246232338509,26452.61869409116,344.26666666666665,1.5146284825550425,17.48288339349402,15,15,E01011433,93.33333333333333,13.0,15161.64305989161,13.0,2523.853846153846,1.0,17685.496906045457,29.26490984743412,0.78,1.1538461538461537,True,1.5146284825550425,17.48288339349402,432592.6,434953.6
LS9 6BQ,13486.979540004673,16219.194231006042,10735.639207641378,12158.82597248702,2751.3403323632947,2552.0229258453733,73.35714285714286,1.0,0.5854745059591325,0.5793189163949416,0.463339215938481,0.45841409118244175,30681.521612627606,346.2857142857143,1.3334526346344395,25.125786901075045,14,14,E01011433,78.57142857142857,13.0,7066.734958275193,13.0,2073.9538461538464,1.0,9140.688804429039,29.26490984743412,0.78,1.0769230769230769,True,1.3334526346344395,25.125786901075045,432534.78571428574,434975.71428571426
LS9 6FE,4550.809084173241,5472.719538537014,,,4550.809084173241,4221.131416330354,44.5,0.0,0.17849176222645946,0.16845238095238096,0.15123790029364448,0.14175155966200742,8004.840382813546,305.0,2.4773964408628597,25.125786901075045,4,4,E01011433,75.0,,,,,0.0,,29.26490984743412,0.78,,False,5.357348275903009,35.41505002947659,432410.2275,434899.5825
LS9 7AB,12504.689930686625,15037.910762949195,15264.156425671608,17287.673142411393,4872.611717850821,4519.621461012389,107.85714285714286,0.5,0.39223217351129286,0.38972252982018446,0.3031112510079815,0.3008944347278564,25784.063816823265,373.14285714285717,1.261551494796593,7.118495973334167,14,1,E01011433,35.714285714285715,8.0,17397.67577469529,15.0,6006.3933333333325,0.5333333333333333,15285.153746504155,29.26490984743412,0.78,0.9333333333333333,False,0.7371629522898445,6.65376018914512,431959.9357142857,434832.175
LS9 7AE,14313.70788930541,17213.402580904898,11438.873245535635,12955.285328032387,2874.8346437697746,2666.5708464401755,93.44444444444444,1.0,0.5147048715621497,0.5057973513419322,0.4188243563699362,0.41138611396149716,25146.009182733942,313.22222222222223,,,9,0,E01011433,88.88888888888889,10.0,8806.699969737707,10.0,3401.09,1.0,12207.789969737707,29.26490984743412,0.78,0.9,False,,,431977.14444444445,434812.4911111111
LS9 7AF,15580.588823174658,18736.930356196277,12475.363781079073,14129.179848894484,3105.225042095585,2880.2709007395574,100.83333333333333,1.0,0.500614458080054,0.49933727632035624,0.3938405441645104,0.39280059012518287,26901.46512279529,321.8333333333333,1.396803639201983,22.68768726496171,18,9,E01011433,83.33333333333334,19.0,15711.325148971377,17.0,2660.7593731919,1.0,18372.084522163277,29.26490984743412,0.78,1.0588235294117647,True,1.396803639201983,22.68768726496171,432005.85333333333,434827.135
LS9 7AG,14546.88434438917,17493.816309114616,11526.521240075886,13054.552515746173,3020.3631043132823,2801.556679817976,90.94736842105263,1.0,0.5203616558591238,0.514470646847219,0.4076501696619803,0.40296235619990106,28352.46426830281,358.63157894736844,1.8826778069449277,22.662516924828022,19,19,E01011433,68.42105263157895,18.0,13637.335939145203,21.0,3630.219047619047,0.8571428571428571,15319.364138314933,29.26490984743412,0.78,0.9047619047619048,True,1.8826778069449277,22.662516924828022,432040.7368421053,434853.1052631579
LS9 7AL,12209.181347047595,13067.121483654975,9619.101625814814,10021.316522692709,2590.0797212327825,2269.7261436938816,63.142857142857146,1.0,0.6578904860239616,0.6492006437563037,0.526835844510788,0.5196148685333555,25188.102478159424,370.76190476190476,1.4686415123197982,15.47826668455838,21,21,E01011434,76.19047619047619,20.0,11639.024741849064,20.0,3255.09375,1.0,14894.118491849064,29.21511627906977,0.706,1.05,True,1.4686415123197982,15.47826668455838,432144.95238095237,434903.2380952381
LS9 7AN,12787.244897031367,13685.805604907497,11046.284986481072,11508.17639272193,3181.779691395654,2788.24180191553,75.08695652173913,0.8695652173913043,0.62508955650568,0.6198541261454086,0.49589292205012364,0.49178770947786987,30768.404886498673,331.95652173913044,1.2989152745512584,15.47826668455838,23,23,E01011434,60.86956521739131,21.0,8347.104535528772,22.0,2526.554992548435,0.9545454545454546,10494.245685553173,29.21511627906977,0.706,1.0454545454545454,True,1.2989152745512584,15.47826668455838,432167.7826086957,434920.26086956525
LS9 7AP,9029.04411630935,10858.16285317008,9907.316424675482,11220.695287174882,3084.65426150406,2861.190344599483,46.6,0.6,0.40928276972800093,0.39948962994940007,0.335984070655426,0.32788807963938066,16312.219058241204,292.2,2.2434718458025165,16.86232371957307,15,15,E01011433,46.666666666666664,12.0,13799.317548124704,19.0,3306.885102099512,0.631578947368421,12022.243553546692,29.26490984743412,0.78,0.7894736842105263,True,2.2434718458025165,16.86232371957307,432228.80933333334,434873.72400000005
LS9 7AQ,13583.966775953882,14538.513193126251,11755.123603848775,12246.654519315993,3134.9680169771946,2747.220021625658,91.22222222222223,0.8888888888888888,0.6685339775582384,0.6607452732000103,0.5014879900172798,0.495456015777906,30720.379416034368,399.77777777777777,1.497978852016156,20.66894996440928,9,9,E01011434,77.77777777777779,9.0,10318.558049177089,10.0,3908.68,0.9,13195.382244259381,29.21511627906977,0.706,0.9,True,1.497978852016156,20.66894996440928,432068.44444444444,434867.55555555556
LS9 7AT,13876.107696767605,16687.152615355244,10788.215063442318,12218.371628658402,3087.8926333252857,2864.194116627599,56.0,1.0,0.7045748280008467,0.6930964134057555,0.5743108768602366,0.5647954050761856,26848.850617370117,353.75,2.4773964408628597,17.52563638726928,12,12,E01011433,50.0,11.0,9948.607449567697,12.0,2968.536733151184,0.9166666666666666,12088.093561921572,29.26490984743412,0.78,1.0,True,2.600548504794827,17.52563638726928,432253.75,434910.9166666667
LS9 7AU,13655.736908507286,14615.326618557112,10900.961496883141,11356.776319815459,2754.775411624145,2414.0514751385313,73.52941176470588,1.0,0.6300927736376911,0.6214546874943495,0.5054367343092168,0.49845994519666553,30227.88530997516,346.52941176470586,1.3352500607119135,18.344484267463656,17,17,E01011434,70.58823529411765,22.0,12528.813712398529,22.0,3424.170889468455,1.0,15952.984601866983,29.21511627906977,0.706,0.7727272727272727,True,1.3352500607119135,18.344484267463656,432192.70588235295,434935.82352941175
LS9 7AW,14294.46683484549,15298.940147217296,11438.540910519332,11916.834178615292,2855.925924326157,2502.6912035784435,79.0,1.0,0.6486444588035452,0.6421803767504458,0.512909299563729,0.50756435397738,28543.073081094954,331.5,1.261551494796593,20.68316895987477,10,10,E01011434,60.0,11.0,10590.121573003516,11.0,3422.909090909091,1.0,14013.030663912607,29.21511627906977,0.706,0.9090909090909091,True,1.261551494796593,20.68316895987477,432128.6,434896.2
LS9 7AY,13661.625193752063,14621.628674070647,10877.90964421109,11332.760572706484,2783.7155495409725,2439.412156932784,76.75,1.0,0.649831373982078,0.6445520471801252,0.5323918920907637,0.5280806475452746,27715.41330028331,326.15,1.3044129224877072,17.21038291223541,20,20,E01011434,75.0,21.0,8862.249976975347,20.0,2023.95,1.0,10886.199976975347,29.21511627906977,0.706,1.0,True,1.3044129224877072,17.21038291223541,432216.35,434952.55
LS9 7AZ,12885.575257777555,15495.956471516043,10229.862804990937,11586.000531740086,2655.7124527866176,2463.3226883069538,70.0,1.0,0.6615349112115864,0.6551959605672261,0.5463993954487876,0.541097252004308,27269.47381075981,308.95238095238096,1.261551494796593,16.400818276677583,21,20,E01011433,76.19047619047619,23.0,8287.51809748021,21.0,2811.2666666666664,1.0,11098.784764146876,29.26490984743412,0.78,1.0,True,1.2080586081579232,16.400818276677583,432242.14285714284,434967.4761904762
LS9 7BA,13553.494315135855,16299.183679635691,11086.590853602936,12556.30207106597,2994.8363593235345,2777.879187917115,69.66666666666667,0.9523809523809523,0.587774443522599,0.5777423827103907,0.4801364619811589,0.4717543710006203,26164.02135673789,329.42857142857144,1.5632699750086871,9.543469914647122,21,21,E01011433,52.38095238095239,22.0,10633.109679383706,22.0,2873.407363636364,1.0,13506.51704302007,29.26490984743412,0.78,0.9545454545454546,True,1.5632699750086871,9.543469914647122,432273.71428571426,434969.71428571426
LS9 7BB,12840.409152405273,15441.640541583902,11423.646125902153,12938.039601522318,3048.7124730605697,2827.8523140313478,69.60714285714286,0.8571428571428571,0.6212731959064353,0.6126272851219527,0.5005925054986723,0.4933705162790844,25153.58928154094,355.7142857142857,1.87487709797001,15.854538606057488,28,28,E01011433,46.42857142857143,23.0,13517.8811309292,23.0,2222.895652173913,1.0,15740.776783103112,29.26490984743412,0.78,1.2173913043478262,True,1.87487709797001,15.854538606057488,432312.97500000003,434946.91892857145
LS9 7BD,5067.70308043386,6094.326778121288,10962.175946288868,12415.393907410642,4154.188418243121,3853.243438092381,60.583333333333336,0.08333333333333333,0.04557926065821882,0.04475308641975309,0.03409101221815491,0.0333978256863829,3073.675129502746,315.6666666666667,2.4773964408628597,20.630765192288145,12,12,E01011433,50.0,,,12.0,6019.833333333333,0.0,6019.833333333333,29.26490984743412,0.78,1.0,False,2.6556536154230033,20.630765192288145,432327.8858333333,434956.94083333336
LS9 7BJ,7031.233170824197,8455.632051848625,15551.42231958397,17613.020887837232,4203.701839990747,3899.169921977584,52.54545454545455,0.18181818181818182,0.2961530891579745,0.2993151192898518,0.2286142197917286,0.23133205141722038,9007.56987410237,359.27272727272725,2.4773964408628597,25.125786901075045,11,11,E01011433,45.45454545454545,8.0,14033.534001409484,7.0,5006.285714285713,1.0,19039.819715695197,29.26490984743412,0.78,1.5714285714285714,True,4.126063379905879,42.778527903756604,432250.0290909091,434717.47363636363
LS9 7BN,14212.067507095178,17091.17172143843,11815.461021162688,13381.796049811877,3240.567987444109,3005.809095821438,83.71428571428571,0.9285714285714286,0.6897127566368434,0.6785361976756282,0.5358070413187075,0.5267881185338611,30223.99214347173,373.5,1.4255012308010984,25.058267934526285,14,14,E01011433,42.857142857142854,12.0,8401.805912818732,13.0,2972.092307692308,0.9230769230769231,10727.605457986523,29.26490984743412,0.78,1.0769230769230769,True,1.4255012308010984,25.058267934526285,432196.3457142857,434670.7071428572
LS9 7BP,13429.838248264923,16150.477161584487,10687.97706283818,12104.84542107979,2741.861185426744,2543.230483843568,74.5,1.0,0.5177412152251689,0.5084125290595518,0.41815968471033127,0.41073627967393905,28354.967511887782,323.875,1.4256217115205287,16.44577230277268,8,8,E01011433,75.0,7.0,9099.171812226354,6.0,3290.9833333333336,1.0,12390.155145559687,29.26490984743412,0.78,1.3333333333333333,True,1.4256217115205287,16.44577230277268,432121.625,434717.375
LS9 7BU,11849.185473827385,14249.613125694348,9317.623306383393,10552.82858042273,2531.5621674439935,2348.1663149867277,63.5,1.0,0.3828101475459199,0.3759370314842579,0.3190084562882666,0.3132808595702149,26629.31354359926,326.0,1.4626963424939379,8.356689808062914,2,2,E01011433,50.0,,,,,0.0,,29.26490984743412,0.78,,False,1.4626963424939379,8.356689808062914,432231.0,434706.5
LS9 7BW,14634.467224420234,17599.141874288143,11670.289620448377,13217.37977581758,2964.1776039718575,2749.4414677212426,77.53846153846153,1.0,0.7199318635890767,0.7139443232286913,0.5713510779940996,0.5663916994948859,29025.317998646908,354.9230769230769,1.3408876599010249,7.118495973334167,13,13,E01011433,46.15384615384615,14.0,12010.25530085749,16.0,2326.30625,0.875,12835.279638250304,29.26490984743412,0.78,0.8125,True,1.3408876599010249,3.060739373404431,432161.46153846156,434705.53846153844
LS9 7BY,14289.479010471685,17184.265375599734,11434.637794513506,12950.488397835961,2854.84121595818,2648.025817480564,69.60714285714286,1.0,0.6634387795313837,0.6566488085031886,0.518450442214296,0.5132023525670244,31211.83827328809,383.89285714285717,1.434458606779137,15.74996837491588,28,28,E01011433,46.42857142857143,27.0,10665.535090787957,26.0,2680.0195384615386,1.0,13345.554629249495,29.26490984743412,0.78,1.0769230769230769,True,1.434458606779137,15.74996837491588,432173.89285714284,434699.14285714284
LS9 7BZ,13693.89025810583,16468.021265658637,11235.03443431965,12724.424306711022,2908.257201158966,2697.572148494412,71.8,0.96,0.6361865139964253,0.6271965783599793,0.5013580687966506,0.4940034107137778,29986.318584605175,385.4,1.4847837371133121,21.217833925431293,25,25,E01011433,64.0,24.0,9226.072480615643,24.0,1856.575,1.0,11082.647480615644,29.26490984743412,0.78,1.0416666666666667,True,1.4847837371133121,21.217833925431293,432188.6,434686.12
